사고번호,사고일시,요일,시군구,사고내용,사망자수,중상자수,경상자수,부상신고자수,사고유형,법규위반,노면상태,기상상태,도로형태,가해운전자 차종,가해운전자 성별,가해운전자 연령,가해운전자 상해정도,피해운전자 차종,피해운전자 성별,피해운전자 연령,피해운전자 상해정도
2020021700100264,2020년 2월 17일 13시,월요일,서울특별시 강남구 개포동,경상사고,0,0,1,0,차대사람 - 횡단중,신호위반,포장 - 건조,흐림,교차로 - 교차로안,화물,남,58세,상해없음,보행자,여,31세,경상
2020021700100465,2020년 2월 17일 18시,월요일,서울특별시 강남구 개포동,경상사고,0,0,1,0,차량단독 - 기타,안전운전불이행,포장 - 건조,맑음,교차로 - 교차로부근,승합,남,58세,상해없음,,,,
2020021700100517,2020년 2월 17일 19시,월요일,서울특별시 강남구 청담동,중상사고,0,1,0,0,차대사람 - 길가장자리구역통행중,안전운전불이행,포장 - 건조,맑음,단일로 - 기타,승용,남,43세,상해없음,보행자,여,27세,중상
2020021700100518,2020년 2월 17일 19시,월요일,서울특별시 강남구 역삼동,경상사고,0,0,2,0,차대차 - 측면충돌,차로위반,포장 - 건조,맑음,단일로 - 기타,승용,남,43세,경상,승용,여,23세,경상
2020021700100519,2020년 2월 17일 19시,월요일,서울특별시 강남구 대치동,경상사고,0,0,1,0,차대차 - 추돌,안전운전불이행,포장 - 건조,맑음,교차로 - 교차로부근,승용,남,65세,상해없음,승용,남,40세,경상
2020021700100621,2020년 2월 17일 21시,월요일,서울특별시 강남구 역삼동,경상사고,0,0,6,0,차대차 - 추돌,안전운전불이행,포장 - 건조,맑음,단일로 - 기타,승용,남,39세,상해없음,승용,남,37세,경상
2020021700100652,2020년 2월 17일 22시,월요일,서울특별시 강남구 대치동,경상사고,0,0,6,0,차대차 - 정면충돌,안전운전불이행,포장 - 건조,맑음,단일로 - 기타,승용,남,34세,상해없음,승용,남,65세,경상
2020021800100029,2020년 2월 18일 03시,화요일,서울특별시 강남구 역삼동,경상사고,0,0,1,0,차대차 - 추돌,안전운전불이행,포장 - 건조,맑음,교차로 - 교차로부근,승용,남,27세,상해없음,승용,남,31세,경상
2020021800100030,2020년 2월 18일 03시,화요일,서울특별시 강남구 역삼동,중상사고,0,1,0,0,차대차 - 추돌,안전운전불이행,포장 - 건조,맑음,교차로 - 교차로부근,승용,남,45세,상해없음,승용,남,61세,중상
2020021800100056,2020년 2월 18일 06시,화요일,서울특별시 강남구 역삼동,경상사고,0,0,1,0,차대차 - 정면충돌,신호위반,포장 - 건조,맑음,교차로 - 교차로안,승용,남,27세,상해없음,승합,남,29세,경상
2020021800100083,2020년 2월 18일 07시,화요일,서울특별시 강남구 역삼동,경상사고,0,0,1,0,차대차 - 기타,차로위반,포장 - 건조,맑음,교차로 - 교차로부근,승용,여,27세,상해없음,승용,남,58세,경상
2020021800100209,2020년 2월 18일 11시,화요일,서울특별시 강남구 논현동,경상사고,0,0,1,0,차대차 - 정면충돌,직진우회전진행방해,포장 - 건조,맑음,교차로 - 교차로안,승용,남,36세,상해없음,이륜,남,30세,경상
2020021800100210,2020년 2월 18일 11시,화요일,서울특별시 강남구 청담동,중상사고,0,1,0,0,차대차 - 기타,안전운전불이행,포장 - 건조,맑음,기타 - 기타,승용,남,31세,상해없음,이륜,남,37세,중상
2020021800100211,2020년 2월 18일 11시,화요일,서울특별시 강남구 논현동,중상사고,0,1,1,0,차대차 - 추돌,안전운전불이행,포장 - 건조,맑음,교차로 - 교차로부근,승합,남,54세,경상,승용,남,27세,중상
2020021800100212,2020년 2월 18일 11시,화요일,서울특별시 강남구 삼성동,부상신고사고,0,0,0,1,차대차 - 기타,안전운전불이행,포장 - 건조,맑음,단일로 - 기타,이륜,남,29세,부상신고,승용,남,43세,상해없음
2020021800100367,2020년 2월 18일 15시,화요일,서울특별시 강남구 역삼동,경상사고,0,0,1,0,차대차 - 측면충돌,신호위반,포장 - 건조,맑음,교차로 - 교차로안,승용,여,60세,상해없음,이륜,남,16세,경상
2020021800100368,2020년 2월 18일 15시,화요일,서울특별시 강남구 역삼동,중상사고,0,1,0,0,차대사람 - 길가장자리구역통행중,안전운전불이행,포장 - 건조,맑음,교차로 - 교차로부근,승용,남,38세,상해없음,보행자,여,77세,중상
2020021800100402,2020년 2월 18일 16시,화요일,서울특별시 강남구 청담동,중상사고,0,1,0,0,차대차 - 기타,안전운전불이행,포장 - 건조,맑음,단일로 - 기타,승용,여,35세,상해없음,이륜,남,35세,중상
2020021800100403,2020년 2월 18일 16시,화요일,서울특별시 강남구 논현동,경상사고,0,0,1,0,차대사람 - 기타,안전운전불이행,포장 - 건조,맑음,단일로 - 기타,승용,여,53세,상해없음,보행자,여,27세,경상
2020021800100409,2020년 2월 18일 16시,화요일,서울특별시 강남구 대치동,경상사고,0,0,1,0,차대차 - 기타,안전운전불이행,포장 - 건조,맑음,단일로 - 기타,화물,남,58세,상해없음,승용,남,45세,경상
2020021800100410,2020년 2월 18일 16시,화요일,서울특별시 강남구 대치동,경상사고,0,0,2,0,차대차 - 기타,안전운전불이행,포장 - 건조,맑음,단일로 - 기타,승용,여,33세,상해없음,승용,여,33세,경상
2020021800100516,2020년 2월 18일 18시,화요일,서울특별시 강남구 논현동,경상사고,0,0,1,0,차대사람 - 길가장자리구역통행중,안전운전불이행,포장 - 건조,맑음,단일로 - 기타,승용,남,43세,상해없음,보행자,여,50세,경상
2020021800100523,2020년 2월 18일 18시,화요일,서울특별시 강남구 개포동,경상사고,0,0,1,0,차대차 - 측면충돌,안전운전불이행,포장 - 건조,기타,단일로 - 기타,이륜,남,69세,경상,화물,남,42세,상해없음
2020021800100587,2020년 2월 18일 19시,화요일,서울특별시 강남구 청담동,경상사고,0,0,1,0,차대차 - 기타,안전운전불이행,포장 - 건조,맑음,단일로 - 기타,이륜,남,29세,경상,승용,여,31세,상해없음
2020021800100594,2020년 2월 18일 19시,화요일,서울특별시 강남구 대치동,경상사고,0,0,1,0,차대차 - 추돌,안전운전불이행,포장 - 건조,기타,기타 - 기타,승용,남,59세,상해없음,승용,남,35세,경상
2020021800100690,2020년 2월 18일 21시,화요일,서울특별시 강남구 삼성동,중상사고,0,1,1,0,차대차 - 기타,안전운전불이행,포장 - 건조,맑음,단일로 - 기타,승용,남,52세,상해없음,승용,남,33세,중상
2020021800100691,2020년 2월 18일 21시,화요일,서울특별시 강남구 자곡동,부상신고사고,0,0,0,1,차대차 - 기타,안전운전불이행,포장 - 건조,맑음,교차로 - 교차로안,승용,남,35세,상해없음,이륜,남,34세,부상신고
2020021900100003,2020년 2월 19일 00시,수요일,서울특별시 강남구 논현동,중상사고,0,1,0,0,차대차 - 기타,직진우회전진행방해,포장 - 건조,맑음,교차로 - 교차로안,승용,남,26세,상해없음,이륜,남,44세,중상
2020021900100032,2020년 2월 19일 02시,수요일,서울특별시 강남구 대치동,경상사고,0,0,2,0,차대차 - 측면충돌,신호위반,포장 - 건조,맑음,교차로 - 교차로부근,화물,남,48세,상해없음,승용,남,59세,경상
2020021900100139,2020년 2월 19일 09시,수요일,서울특별시 강남구 대치동,경상사고,0,0,2,0,차대차 - 기타,안전운전불이행,포장 - 건조,맑음,단일로 - 기타,승용,여,32세,상해없음,승용,남,34세,경상
2020021900100140,2020년 2월 19일 09시,수요일,서울특별시 강남구 대치동,경상사고,0,0,2,0,차대차 - 기타,안전거리미확보,포장 - 건조,맑음,단일로 - 기타,승용,여,28세,상해없음,승용,남,32세,경상
2020021900100276,2020년 2월 19일 13시,수요일,서울특별시 강남구 대치동,중상사고,0,1,0,0,차대차 - 기타,기타,포장 - 건조,맑음,교차로 - 교차로부근,승용,남,57세,상해없음,이륜,남,55세,중상
2020021900100311,2020년 2월 19일 14시,수요일,서울특별시 강남구 논현동,경상사고,0,0,1,0,차대차 - 기타,안전거리미확보,포장 - 건조,맑음,단일로 - 기타,승용,남,60세,상해없음,승용,남,27세,경상
2020021900100312,2020년 2월 19일 14시,수요일,서울특별시 강남구 논현동,경상사고,0,0,1,0,차대사람 - 기타,안전운전불이행,포장 - 건조,맑음,기타 - 기타,승용,남,29세,상해없음,보행자,남,33세,경상
2020021900100357,2020년 2월 19일 15시,수요일,서울특별시 강남구 대치동,경상사고,0,0,1,0,차대차 - 기타,안전거리미확보,포장 - 건조,맑음,단일로 - 기타,승용,남,63세,상해없음,이륜,남,24세,경상
2020021900100446,2020년 2월 19일 17시,수요일,서울특별시 강남구 일원동,부상신고사고,0,0,0,1,차량단독 - 기타,기타,포장 - 건조,맑음,단일로 - 기타,승합,남,53세,상해없음,,,,
2020021900100447,2020년 2월 19일 17시,수요일,서울특별시 강남구 개포동,경상사고,0,0,1,0,차대차 - 기타,안전거리미확보,포장 - 건조,맑음,단일로 - 기타,승용,여,51세,상해없음,승용,남,32세,경상
2020021900100492,2020년 2월 19일 18시,수요일,서울특별시 강남구 논현동,중상사고,0,1,0,0,차대차 - 기타,안전거리미확보,포장 - 건조,맑음,단일로 - 지하차도(도로)내,승용,남,41세,상해없음,이륜,남,51세,중상
2020021900100548,2020년 2월 19일 19시,수요일,서울특별시 강남구 논현동,경상사고,0,0,1,0,차대사람 - 기타,안전운전불이행,포장 - 건조,맑음,단일로 - 기타,개인형이동수단(PM),남,22세,상해없음,보행자,여,32세,경상
2020021900100552,2020년 2월 19일 19시,수요일,서울특별시 강남구 대치동,부상신고사고,0,0,0,1,차대차 - 기타,안전운전불이행,포장 - 서리/결빙,맑음,단일로 - 교량,이륜,남,44세,부상신고,승용,남,36세,상해없음
2020021900100592,2020년 2월 19일 20시,수요일,서울특별시 강남구 압구정동,경상사고,0,0,1,0,차대차 - 기타,안전거리미확보,포장 - 건조,맑음,단일로 - 기타,승합,남,66세,상해없음,승용,남,47세,경상
2020021900100635,2020년 2월 19일 21시,수요일,서울특별시 강남구 삼성동,경상사고,0,0,1,0,차대차 - 측면충돌,안전운전불이행,포장 - 건조,맑음,교차로 - 교차로안,승용,남,36세,기타불명,승용,남,27세,경상
2020021900100636,2020년 2월 19일 21시,수요일,서울특별시 강남구 역삼동,경상사고,0,0,1,0,차대차 - 기타,교차로운행방법위반,포장 - 건조,맑음,교차로 - 교차로안,승용,남,27세,상해없음,승용,남,35세,경상
2020021900100664,2020년 2월 19일 22시,수요일,서울특별시 강남구 도곡동,경상사고,0,0,1,0,차대차 - 기타,안전거리미확보,포장 - 건조,맑음,단일로 - 기타,승용,여,26세,상해없음,이륜,남,46세,경상
2020021900100691,2020년 2월 19일 23시,수요일,서울특별시 강남구 역삼동,부상신고사고,0,0,0,1,차대차 - 기타,신호위반,포장 - 건조,맑음,교차로 - 교차로안,이륜,남,40세,부상신고,승용,여,47세,상해없음
2020021900100692,2020년 2월 19일 23시,수요일,서울특별시 강남구 대치동,경상사고,0,0,3,0,차대차 - 추돌,안전거리미확보,포장 - 건조,맑음,단일로 - 기타,승용,남,65세,상해없음,승용,남,62세,경상
2020022000100007,2020년 2월 20일 00시,목요일,서울특별시 강남구 논현동,경상사고,0,0,2,0,차대차 - 측면충돌,직진우회전진행방해,포장 - 기타,기타,단일로 - 기타,승용,남,56세,상해없음,승용,남,35세,경상
2020022000100008,2020년 2월 20일 00시,목요일,서울특별시 강남구 논현동,경상사고,0,0,1,0,차대차 - 후진중충돌,안전운전불이행,포장 - 건조,맑음,단일로 - 기타,승용,남,60세,상해없음,승용,남,43세,경상
2020022000100023,2020년 2월 20일 01시,목요일,서울특별시 강남구 삼성동,경상사고,0,0,1,0,차대차 - 측면충돌,교차로운행방법위반,포장 - 건조,맑음,교차로 - 교차로부근,승용,남,35세,상해없음,승용,남,55세,경상
2020022000100041,2020년 2월 20일 03시,목요일,서울특별시 강남구 역삼동,경상사고,0,0,1,0,차대사람 - 기타,안전운전불이행,포장 - 건조,기타,단일로 - 기타,승용,남,64세,상해없음,보행자,남,32세,경상
2020022000100099,2020년 2월 20일 08시,목요일,서울특별시 강남구 압구정동,경상사고,0,0,2,0,차대차 - 추돌,안전운전불이행,포장 - 젖음/습기,맑음,단일로 - 고가도로위,승용,남,60세,상해없음,승용,남,58세,상해없음
2020022000100142,2020년 2월 20일 09시,목요일,서울특별시 강남구 역삼동,경상사고,0,0,1,0,차대차 - 측면충돌,신호위반,포장 - 건조,맑음,교차로 - 교차로안,승용,남,49세,상해없음,승용,남,38세,경상
2020022000100177,2020년 2월 20일 10시,목요일,서울특별시 강남구 역삼동,경상사고,0,0,1,0,차대차 - 기타,안전운전불이행,포장 - 건조,맑음,단일로 - 기타,승용,남,37세,상해없음,승용,남,62세,경상
2020022000100182,2020년 2월 20일 10시,목요일,서울특별시 강남구 대치동,경상사고,0,0,1,0,차대차 - 기타,신호위반,포장 - 건조,맑음,교차로 - 교차로안,승용,남,82세,상해없음,승용,여,40세,경상
2020022000100243,2020년 2월 20일 12시,목요일,서울특별시 강남구 삼성동,경상사고,0,0,1,0,차대차 - 기타,불법유턴,포장 - 건조,맑음,단일로 - 기타,승용,남,48세,상해없음,이륜,남,57세,경상
2020022000100247,2020년 2월 20일 12시,목요일,서울특별시 강남구 대치동,중상사고,0,1,0,0,차대사람 - 횡단중,보행자보호의무위반,포장 - 건조,맑음,교차로 - 교차로횡단보도내,승용,여,46세,상해없음,보행자,여,40세,중상
2020022000100282,2020년 2월 20일 13시,목요일,서울특별시 강남구 역삼동,경상사고,0,0,1,0,차대차 - 측면충돌,안전운전불이행,포장 - 건조,맑음,단일로 - 지하차도(도로)내,승용,남,59세,상해없음,승용,남,24세,경상
2020022000100283,2020년 2월 20일 13시,목요일,서울특별시 강남구 수서동,경상사고,0,0,6,0,차대차 - 기타,안전운전불이행,포장 - 건조,맑음,교차로 - 교차로부근,승용,남,51세,경상,승용,여,34세,경상
2020022000100354,2020년 2월 20일 15시,목요일,서울특별시 강남구 논현동,경상사고,0,0,2,0,차대차 - 기타,차로위반,포장 - 건조,맑음,단일로 - 기타,승용,남,73세,상해없음,이륜,남,32세,기타불명
2020022000100490,2020년 2월 20일 18시,목요일,서울특별시 강남구 개포동,경상사고,0,0,1,0,차대차 - 기타,안전운전불이행,포장 - 건조,맑음,교차로 - 교차로안,승용,여,40세,상해없음,이륜,남,46세,경상
2020022000100491,2020년 2월 20일 18시,목요일,서울특별시 강남구 수서동,경상사고,0,0,1,0,차대차 - 기타,안전거리미확보,포장 - 건조,맑음,단일로 - 기타,승용,남,41세,상해없음,승용,남,28세,경상
2020022000100585,2020년 2월 20일 20시,목요일,서울특별시 강남구 논현동,중상사고,0,1,0,0,차대차 - 기타,차로위반,포장 - 서리/결빙,맑음,단일로 - 기타,이륜,남,26세,상해없음,이륜,남,24세,중상
2020022000100629,2020년 2월 20일 21시,목요일,서울특별시 강남구 역삼동,경상사고,0,0,1,0,차대차 - 기타,직진우회전진행방해,포장 - 건조,맑음,교차로 - 교차로안,승용,여,43세,상해없음,이륜,남,52세,경상
2020022000100686,2020년 2월 20일 23시,목요일,서울특별시 강남구 압구정동,중상사고,0,1,0,0,차대차 - 추돌,안전운전불이행,포장 - 건조,맑음,단일로 - 기타,승용,남,44세,상해없음,승용,여,41세,중상
2020022000100687,2020년 2월 20일 23시,목요일,서울특별시 강남구 압구정동,중상사고,0,1,0,0,차대차 - 기타,안전거리미확보,포장 - 건조,맑음,단일로 - 기타,승용,남,49세,상해없음,승용,여,32세,중상
2020022000100690,2020년 2월 20일 23시,목요일,서울특별시 강남구 대치동,부상신고사고,0,0,0,1,차대차 - 기타,신호위반,포장 - 젖음/습기,맑음,교차로 - 교차로안,이륜,남,57세,부상신고,승용,여,49세,상해없음
2020022000100691,2020년 2월 20일 23시,목요일,서울특별시 강남구 개포동,경상사고,0,0,1,1,차대차 - 추돌,안전운전불이행,포장 - 건조,기타,단일로 - 기타,승용,남,58세,상해없음,승용,남,33세,경상
2020022100100005,2020년 2월 21일 00시,금요일,서울특별시 강남구 삼성동,경상사고,0,0,1,0,차대차 - 기타,교차로운행방법위반,포장 - 건조,맑음,교차로 - 교차로안,승용,남,60세,상해없음,승용,남,34세,경상
2020022100100006,2020년 2월 21일 00시,금요일,서울특별시 강남구 논현동,경상사고,0,0,1,0,차대차 - 기타,교차로운행방법위반,포장 - 건조,기타,단일로 - 기타,승용,남,63세,상해없음,이륜,남,52세,경상
2020022100100053,2020년 2월 21일 03시,금요일,서울특별시 강남구 역삼동,경상사고,0,0,1,0,차대차 - 기타,안전운전불이행,포장 - 젖음/습기,맑음,교차로 - 교차로안,이륜,남,50세,경상,승용,여,33세,상해없음
2020022100100065,2020년 2월 21일 05시,금요일,서울특별시 강남구 신사동,경상사고,0,0,2,0,차대차 - 측면충돌,안전운전불이행,포장 - 기타,맑음,단일로 - 기타,승용,남,51세,경상,승용,남,58세,경상
2020022100100079,2020년 2월 21일 06시,금요일,서울특별시 강남구 논현동,경상사고,0,0,3,0,차대차 - 추돌,안전운전불이행,포장 - 건조,맑음,단일로 - 지하차도(도로)내,승용,여,32세,상해없음,승용,남,33세,경상
2020022100100080,2020년 2월 21일 06시,금요일,서울특별시 강남구 청담동,경상사고,0,0,1,0,차대차 - 기타,신호위반,비포장 - 건조,맑음,기타 - 기타,이륜,남,51세,상해없음,자전거,남,41세,경상
2020022100100172,2020년 2월 21일 09시,금요일,서울특별시 강남구 역삼동,중상사고,0,1,0,0,차대차 - 기타,안전운전불이행,포장 - 건조,맑음,교차로 - 교차로안,승용,남,75세,상해없음,자전거,남,50세,중상
2020022100100220,2020년 2월 21일 11시,금요일,서울특별시 강남구 일원동,중상사고,0,1,0,0,차대차 - 기타,중앙선침범,포장 - 젖음/습기,흐림,단일로 - 기타,승용,여,57세,상해없음,이륜,남,59세,중상
2020022100100341,2020년 2월 21일 15시,금요일,서울특별시 강남구 압구정동,경상사고,0,0,2,0,차대차 - 추돌,차로위반,포장 - 기타,맑음,단일로 - 기타,승용,여,42세,경상,승용,남,64세,경상
2020022100100381,2020년 2월 21일 16시,금요일,서울특별시 강남구 개포동,경상사고,0,0,1,0,차대차 - 추돌,안전운전불이행,포장 - 건조,맑음,단일로 - 기타,승용,남,33세,상해없음,승용,여,45세,경상
2020022100100596,2020년 2월 21일 21시,금요일,서울특별시 강남구 대치동,중상사고,0,1,0,0,차대사람 - 횡단중,보행자보호의무위반,포장 - 젖음/습기,비,교차로 - 교차로횡단보도내,승용,남,31세,상해없음,보행자,여,15세,중상
2020022100100597,2020년 2월 21일 21시,금요일,서울특별시 강남구 도곡동,경상사고,0,0,1,0,차대차 - 기타,기타,포장 - 젖음/습기,비,단일로 - 기타,승용,남,52세,상해없음,이륜,남,26세,경상
2020022100100674,2020년 2월 21일 23시,금요일,서울특별시 강남구 논현동,경상사고,0,0,1,0,차대사람 - 기타,안전운전불이행,포장 - 젖음/습기,비,교차로 - 교차로부근,승용,남,34세,상해없음,보행자,남,26세,경상
2020022200100006,2020년 2월 22일 00시,토요일,서울특별시 강남구 논현동,경상사고,0,0,4,0,차대차 - 정면충돌,중앙선침범,포장 - 젖음/습기,비,단일로 - 기타,승용,남,47세,기타불명,승용,남,37세,경상
2020022200100037,2020년 2월 22일 01시,토요일,서울특별시 강남구 삼성동,경상사고,0,0,1,0,차대차 - 측면충돌,안전운전불이행,포장 - 젖음/습기,비,교차로 - 교차로부근,승용,남,47세,상해없음,승합,남,46세,경상
2020022200100038,2020년 2월 22일 01시,토요일,서울특별시 강남구 역삼동,중상사고,0,1,0,0,차대사람 - 기타,안전운전불이행,포장 - 젖음/습기,비,단일로 - 기타,승용,여,50세,상해없음,보행자,남,52세,중상
2020022200100044,2020년 2월 22일 01시,토요일,서울특별시 강남구 대치동,경상사고,0,0,1,0,차대사람 - 기타,안전운전불이행,포장 - 건조,맑음,교차로 - 교차로안,승용,남,62세,상해없음,보행자,남,48세,경상
2020022200100110,2020년 2월 22일 07시,토요일,서울특별시 강남구 청담동,부상신고사고,0,0,0,1,차량단독 - 기타,안전운전불이행,포장 - 건조,흐림,단일로 - 기타,이륜,남,35세,부상신고,,,,
2020022200100175,2020년 2월 22일 11시,토요일,서울특별시 강남구 삼성동,경상사고,0,0,1,0,차대차 - 측면충돌,차로위반,포장 - 건조,맑음,단일로 - 기타,승용,남,20세,상해없음,승용,여,63세,경상
2020022200100177,2020년 2월 22일 11시,토요일,서울특별시 강남구 개포동,중상사고,0,1,0,0,차량단독 - 기타,안전운전불이행,포장 - 건조,맑음,단일로 - 기타,승합,남,50세,상해없음,,,,
2020022200100204,2020년 2월 22일 12시,토요일,서울특별시 강남구 청담동,경상사고,0,0,1,0,차대차 - 후진중충돌,안전운전불이행,포장 - 건조,맑음,단일로 - 기타,승용,여,57세,기타불명,승용,여,44세,경상
2020022200100342,2020년 2월 22일 17시,토요일,서울특별시 강남구 역삼동,경상사고,0,0,1,0,차대사람 - 기타,안전운전불이행,포장 - 건조,맑음,단일로 - 기타,승용,남,41세,상해없음,보행자,남,27세,경상
2020022200100368,2020년 2월 22일 18시,토요일,서울특별시 강남구 신사동,중상사고,0,1,0,0,차대차 - 기타,직진우회전진행방해,포장 - 건조,맑음,교차로 - 교차로안,승용,남,40세,상해없음,이륜,남,51세,중상
2020022200100391,2020년 2월 22일 19시,토요일,서울특별시 강남구 역삼동,경상사고,0,0,2,0,차대차 - 기타,안전운전불이행,포장 - 건조,맑음,교차로 - 교차로안,승용,남,66세,상해없음,승용,남,26세,경상
2020022200100443,2020년 2월 22일 21시,토요일,서울특별시 강남구 청담동,중상사고,0,1,0,0,차대차 - 기타,교차로운행방법위반,포장 - 건조,맑음,교차로 - 교차로안,승합,남,64세,상해없음,개인형이동수단(PM),남,32세,중상
2020022300100028,2020년 2월 23일 03시,일요일,서울특별시 강남구 신사동,경상사고,0,0,1,0,차대차 - 정면충돌,신호위반,포장 - 건조,맑음,교차로 - 교차로안,승용,남,62세,상해없음,승용,남,33세,경상
2020022300100048,2020년 2월 23일 06시,일요일,서울특별시 강남구 역삼동,중상사고,0,1,0,0,차대차 - 기타,신호위반,포장 - 건조,맑음,단일로 - 기타,승용,남,27세,상해없음,원동기,남,37세,중상
2020022300100141,2020년 2월 23일 13시,일요일,서울특별시 강남구 도곡동,경상사고,0,0,1,0,차대차 - 기타,안전운전불이행,포장 - 젖음/습기,맑음,단일로 - 기타,승용,남,46세,상해없음,이륜,남,40세,경상
2020022300100163,2020년 2월 23일 14시,일요일,서울특별시 강남구 논현동,중상사고,0,1,0,0,차대차 - 기타,신호위반,포장 - 건조,맑음,교차로 - 교차로부근,승용,남,62세,상해없음,승용,남,64세,중상
2020022400100082,2020년 2월 24일 08시,월요일,서울특별시 강남구 신사동,경상사고,0,0,2,0,차대차 - 추돌,안전운전불이행,포장 - 건조,맑음,단일로 - 교량,승합,남,49세,상해없음,승용,남,50세,경상
2020022400100160,2020년 2월 24일 11시,월요일,서울특별시 강남구 역삼동,경상사고,0,0,1,0,차대차 - 기타,교차로운행방법위반,포장 - 건조,맑음,교차로 - 교차로안,승용,여,27세,상해없음,이륜,남,40세,경상
2020022400100194,2020년 2월 24일 12시,월요일,서울특별시 강남구 청담동,경상사고,0,0,2,0,차대차 - 기타,교차로운행방법위반,포장 - 건조,맑음,교차로 - 교차로안,승용,남,59세,상해없음,승용,여,54세,경상
2020022400100232,2020년 2월 24일 13시,월요일,서울특별시 강남구 개포동,경상사고,0,0,1,0,차대차 - 기타,안전거리미확보,포장 - 건조,맑음,단일로 - 기타,승용,남,59세,상해없음,승용,여,48세,경상
2020022400100259,2020년 2월 24일 14시,월요일,서울특별시 강남구 대치동,부상신고사고,0,0,0,1,차대차 - 측면충돌,교차로운행방법위반,포장 - 건조,맑음,교차로 - 교차로안,이륜,남,46세,부상신고,승용,남,80세,상해없음
2020022400100292,2020년 2월 24일 15시,월요일,서울특별시 강남구 역삼동,중상사고,0,1,0,0,차대차 - 기타,신호위반,포장 - 건조,맑음,교차로 - 교차로안,승용,남,73세,상해없음,이륜,남,55세,중상
2020022400100370,2020년 2월 24일 18시,월요일,서울특별시 강남구 역삼동,중상사고,0,1,0,0,차대사람 - 횡단중,안전운전불이행,포장 - 건조,맑음,단일로 - 기타,화물,남,46세,상해없음,보행자,남,43세,중상
2020022400100407,2020년 2월 24일 19시,월요일,서울특별시 강남구 논현동,경상사고,0,0,1,0,차대차 - 추돌,안전거리미확보,포장 - 건조,맑음,교차로 - 교차로부근,승용,남,40세,상해없음,승용,남,64세,경상
2020022400100409,2020년 2월 24일 19시,월요일,서울특별시 강남구 역삼동,경상사고,0,0,1,0,차대사람 - 기타,기타,포장 - 건조,맑음,단일로 - 기타,개인형이동수단(PM),여,25세,상해없음,보행자,여,38세,경상
2020022400100410,2020년 2월 24일 19시,월요일,서울특별시 강남구 도곡동,중상사고,0,1,0,0,차대차 - 측면충돌,안전운전불이행,포장 - 건조,맑음,단일로 - 기타,승합,남,52세,상해없음,승용,남,46세,중상
2020022400100475,2020년 2월 24일 21시,월요일,서울특별시 강남구 역삼동,경상사고,0,0,2,0,차대차 - 정면충돌,안전운전불이행,포장 - 건조,맑음,교차로 - 교차로안,이륜,남,19세,경상,승용,여,28세,경상
2020022400100504,2020년 2월 24일 23시,월요일,서울특별시 강남구 신사동,경상사고,0,0,2,0,차대차 - 기타,교차로운행방법위반,포장 - 건조,맑음,교차로 - 교차로부근,승용,남,42세,상해없음,승용,남,36세,경상
2020022500100030,2020년 2월 25일 02시,화요일,서울특별시 강남구 역삼동,경상사고,0,0,1,0,차대사람 - 횡단중,안전운전불이행,포장 - 젖음/습기,비,교차로 - 교차로안,승용,여,36세,상해없음,보행자,남,53세,경상
2020022500100094,2020년 2월 25일 08시,화요일,서울특별시 강남구 역삼동,경상사고,0,0,1,0,차대차 - 기타,불법유턴,포장 - 건조,맑음,단일로 - 기타,승용,남,24세,상해없음,승용,여,34세,경상
2020022500100123,2020년 2월 25일 09시,화요일,서울특별시 강남구 역삼동,경상사고,0,0,1,0,차대사람 - 기타,안전운전불이행,포장 - 젖음/습기,비,단일로 - 기타,기타불명,기타불명,미분류,기타불명,보행자,여,22세,경상
2020022500100164,2020년 2월 25일 11시,화요일,서울특별시 강남구 삼성동,경상사고,0,0,1,0,차대차 - 정면충돌,안전운전불이행,포장 - 건조,맑음,단일로 - 기타,승용,남,50세,기타불명,승용,여,49세,경상
2020022500100165,2020년 2월 25일 11시,화요일,서울특별시 강남구 청담동,부상신고사고,0,0,0,1,차량단독 - 기타,안전운전불이행,포장 - 건조,맑음,단일로 - 기타,승용,남,50세,상해없음,,,,
2020022500100212,2020년 2월 25일 13시,화요일,서울특별시 강남구 대치동,경상사고,0,0,1,0,차대차 - 측면충돌,안전운전불이행,포장 - 젖음/습기,비,교차로 - 교차로부근,화물,남,46세,기타불명,승용,여,25세,경상
2020022500100237,2020년 2월 25일 14시,화요일,서울특별시 강남구 압구정동,경상사고,0,0,1,1,차대차 - 기타,과속,포장 - 건조,맑음,단일로 - 고가도로위,승용,여,38세,상해없음,승용,여,52세,부상신고
2020022500100328,2020년 2월 25일 18시,화요일,서울특별시 강남구 역삼동,경상사고,0,0,1,0,차대차 - 추돌,안전운전불이행,포장 - 건조,맑음,단일로 - 기타,승용,남,65세,상해없음,이륜,남,38세,경상
2020022500100329,2020년 2월 25일 18시,화요일,서울특별시 강남구 청담동,경상사고,0,0,1,0,차대차 - 측면충돌,안전운전불이행,포장 - 건조,맑음,교차로 - 교차로안,승용,남,51세,상해없음,승용,남,39세,경상
2020022500100335,2020년 2월 25일 18시,화요일,서울특별시 강남구 대치동,중상사고,0,2,0,0,차대차 - 추돌,안전거리미확보,포장 - 건조,맑음,교차로 - 교차로부근,승용,남,35세,상해없음,승용,여,46세,중상