사고번호,사고일시,요일,시군구,사고내용,사망자수,중상자수,경상자수,부상신고자수,사고유형,법규위반,노면상태,기상상태,도로형태,가해운전자 차종,가해운전자 성별,가해운전자 연령,가해운전자 상해정도,피해운전자 차종,피해운전자 성별,피해운전자 연령,피해운전자 상해정도
2020031200100210,2020년 3월 12일 12시,목요일,서울특별시 강남구 역삼동,경상사고,0,0,1,0,차량단독 - 기타,안전운전불이행,포장 - 건조,맑음,단일로 - 기타,승합,남,44세,상해없음,,,,
2020031200100238,2020년 3월 12일 13시,목요일,서울특별시 강남구 삼성동,경상사고,0,0,1,0,차대차 - 추돌,안전운전불이행,포장 - 건조,맑음,교차로 - 교차로부근,승용,여,67세,경상,승용,남,60세,상해없음
2020031200100403,2020년 3월 12일 18시,목요일,서울특별시 강남구 역삼동,경상사고,0,0,1,0,차대차 - 추돌,안전운전불이행,포장 - 건조,맑음,단일로 - 기타,승용,남,41세,상해없음,승용,남,53세,경상
2020031200100515,2020년 3월 12일 21시,목요일,서울특별시 강남구 일원동,중상사고,0,1,0,0,차대사람 - 기타,안전운전불이행,포장 - 건조,맑음,교차로 - 교차로안,승용,남,50세,상해없음,보행자,남,51세,중상
2020031300100022,2020년 3월 13일 02시,금요일,서울특별시 강남구 대치동,경상사고,0,0,1,0,차대차 - 측면충돌,신호위반,포장 - 건조,맑음,교차로 - 교차로안,승용,여,64세,상해없음,승용,남,61세,경상
2020031300100060,2020년 3월 13일 07시,금요일,서울특별시 강남구 신사동,경상사고,0,0,2,0,차대차 - 기타,안전운전불이행,포장 - 건조,맑음,기타 - 기타,승용,남,23세,상해없음,승용,남,45세,경상
2020031300100084,2020년 3월 13일 09시,금요일,서울특별시 강남구 청담동,중상사고,0,1,0,0,차대사람 - 기타,보행자보호의무위반,포장 - 건조,맑음,단일로 - 기타,승용,남,42세,상해없음,보행자,여,60세,중상
2020031300100085,2020년 3월 13일 09시,금요일,서울특별시 강남구 논현동,중상사고,0,1,0,1,차대차 - 기타,안전거리미확보,포장 - 건조,맑음,교차로 - 교차로안,이륜,남,36세,부상신고,이륜,남,38세,중상
2020031300100144,2020년 3월 13일 11시,금요일,서울특별시 강남구 역삼동,중상사고,0,1,0,0,차대사람 - 기타,안전운전불이행,포장 - 건조,맑음,단일로 - 기타,승용,여,25세,상해없음,보행자,여,49세,중상
2020031300100196,2020년 3월 13일 13시,금요일,서울특별시 강남구 논현동,경상사고,0,0,1,0,차대사람 - 길가장자리구역통행중,안전운전불이행,포장 - 건조,맑음,단일로 - 기타,승용,여,50세,상해없음,보행자,여,24세,경상
2020031300100197,2020년 3월 13일 13시,금요일,서울특별시 강남구 논현동,경상사고,0,0,1,0,차대차 - 추돌,안전운전불이행,포장 - 건조,맑음,단일로 - 기타,승용,여,56세,상해없음,승용,남,28세,경상
2020031300100198,2020년 3월 13일 13시,금요일,서울특별시 강남구 청담동,중상사고,0,1,0,0,차대차 - 측면충돌,차로위반,포장 - 건조,맑음,단일로 - 기타,승용,여,39세,상해없음,이륜,남,34세,중상
2020031300100205,2020년 3월 13일 13시,금요일,서울특별시 강남구 역삼동,부상신고사고,0,0,0,1,차대차 - 기타,안전거리미확보,포장 - 건조,맑음,단일로 - 기타,승용,남,38세,상해없음,이륜,남,30세,부상신고
2020031300100290,2020년 3월 13일 16시,금요일,서울특별시 강남구 대치동,경상사고,0,0,1,0,차대차 - 기타,안전거리미확보,포장 - 건조,맑음,단일로 - 기타,승용,남,67세,상해없음,승용,여,46세,경상
2020031300100329,2020년 3월 13일 17시,금요일,서울특별시 강남구 역삼동,경상사고,0,0,1,0,차대차 - 기타,안전거리미확보,포장 - 건조,맑음,단일로 - 기타,승용,여,36세,상해없음,승용,남,28세,경상
2020031300100354,2020년 3월 13일 18시,금요일,서울특별시 강남구 역삼동,경상사고,0,0,1,0,차대차 - 측면충돌,안전운전불이행,포장 - 건조,맑음,단일로 - 기타,승용,남,43세,상해없음,이륜,남,30세,경상
2020031300100359,2020년 3월 13일 18시,금요일,서울특별시 강남구 도곡동,경상사고,0,0,1,0,차대차 - 측면충돌,안전운전불이행,포장 - 건조,맑음,교차로 - 교차로부근,승용,남,60세,상해없음,승용,남,35세,경상
2020031300100489,2020년 3월 13일 22시,금요일,서울특별시 강남구 논현동,경상사고,0,0,1,0,차대차 - 측면충돌,안전운전불이행,포장 - 건조,맑음,단일로 - 기타,승용,남,41세,상해없음,승용,남,59세,경상
2020031300100515,2020년 3월 13일 23시,금요일,서울특별시 강남구 삼성동,경상사고,0,0,4,0,차대차 - 정면충돌,안전운전불이행,포장 - 건조,맑음,단일로 - 기타,승용,남,53세,경상,승용,남,51세,경상
2020031400100028,2020년 3월 14일 01시,토요일,서울특별시 강남구 논현동,경상사고,0,0,2,0,차대차 - 추돌,안전운전불이행,포장 - 건조,맑음,교차로 - 교차로부근,승용,남,36세,상해없음,승용,남,52세,경상
2020031400100482,2020년 3월 14일 21시,토요일,서울특별시 강남구 논현동,경상사고,0,0,1,0,차대사람 - 기타,불법유턴,포장 - 건조,맑음,단일로 - 기타,승용,여,50세,상해없음,보행자,남,36세,경상
2020031400100497,2020년 3월 14일 22시,토요일,서울특별시 강남구 대치동,중상사고,0,1,3,0,차대차 - 기타,안전운전불이행,포장 - 건조,맑음,교차로 - 교차로안,승용,남,28세,상해없음,승용,남,50세,경상
2020031500100006,2020년 3월 15일 00시,일요일,서울특별시 강남구 일원동,경상사고,0,0,3,0,차대차 - 추돌,안전거리미확보,포장 - 건조,맑음,단일로 - 기타,승용,남,32세,경상,승용,남,71세,상해없음
2020031500100024,2020년 3월 15일 01시,일요일,서울특별시 강남구 일원동,경상사고,0,0,2,0,차대차 - 추돌,안전운전불이행,포장 - 건조,맑음,단일로 - 기타,승용,남,47세,상해없음,승용,남,18세,경상
2020031500100079,2020년 3월 15일 08시,일요일,서울특별시 강남구 도곡동,경상사고,0,0,1,0,차대차 - 기타,안전운전불이행,포장 - 건조,맑음,교차로 - 교차로안,승용,여,72세,상해없음,이륜,남,60세,경상
2020031500100152,2020년 3월 15일 14시,일요일,서울특별시 강남구 수서동,경상사고,0,0,1,0,차대차 - 추돌,안전운전불이행,포장 - 건조,맑음,교차로 - 교차로부근,승용,남,48세,상해없음,승용,남,31세,경상
2020031500100324,2020년 3월 15일 22시,일요일,서울특별시 강남구 역삼동,경상사고,0,0,1,0,차대차 - 측면충돌,안전운전불이행,포장 - 기타,기타,단일로 - 기타,승용,남,60세,상해없음,승용,남,31세,경상
2020031600100109,2020년 3월 16일 09시,월요일,서울특별시 강남구 논현동,경상사고,0,0,1,0,차대사람 - 횡단중,안전운전불이행,포장 - 건조,맑음,교차로 - 교차로안,승용,남,76세,상해없음,보행자,여,28세,경상
2020031600100110,2020년 3월 16일 09시,월요일,서울특별시 강남구 역삼동,경상사고,0,0,1,0,차량단독 - 기타,안전운전불이행,포장 - 건조,맑음,기타 - 기타,승용,남,62세,상해없음,,,,
2020031600100111,2020년 3월 16일 09시,월요일,서울특별시 강남구 삼성동,중상사고,0,1,0,0,차대사람 - 기타,불법유턴,포장 - 건조,맑음,기타 - 기타,화물,남,63세,상해없음,보행자,남,63세,중상
2020031600100115,2020년 3월 16일 09시,월요일,서울특별시 강남구 도곡동,경상사고,0,0,1,0,차대차 - 추돌,안전운전불이행,포장 - 건조,맑음,단일로 - 기타,승용,남,38세,상해없음,이륜,남,29세,경상
2020031600100235,2020년 3월 16일 13시,월요일,서울특별시 강남구 논현동,부상신고사고,0,0,0,1,차대사람 - 기타,안전운전불이행,포장 - 기타,맑음,단일로 - 기타,승용,남,66세,상해없음,보행자,여,48세,부상신고
2020031600100262,2020년 3월 16일 14시,월요일,서울특별시 강남구 신사동,경상사고,0,0,1,0,차대차 - 추돌,안전운전불이행,포장 - 건조,맑음,교차로 - 교차로부근,승용,남,69세,상해없음,승용,남,20세,경상
2020031600100293,2020년 3월 16일 15시,월요일,서울특별시 강남구 삼성동,경상사고,0,0,2,0,차대차 - 측면충돌,직진우회전진행방해,포장 - 건조,맑음,교차로 - 교차로안,승용,여,62세,경상,승용,여,40세,경상
2020031600100322,2020년 3월 16일 16시,월요일,서울특별시 강남구 청담동,경상사고,0,0,1,0,차대차 - 기타,안전거리미확보,포장 - 건조,맑음,단일로 - 기타,승용,남,60세,상해없음,승용,남,64세,경상
2020031600100357,2020년 3월 16일 17시,월요일,서울특별시 강남구 도곡동,중상사고,0,1,0,0,차대사람 - 횡단중,보행자보호의무위반,포장 - 건조,맑음,단일로 - 기타,이륜,남,31세,상해없음,보행자,여,70세,중상
2020031600100502,2020년 3월 16일 21시,월요일,서울특별시 강남구 도곡동,경상사고,0,0,2,0,차대사람 - 길가장자리구역통행중,안전운전불이행,포장 - 건조,맑음,단일로 - 기타,승용,여,33세,상해없음,보행자,남,38세,경상
2020031600100503,2020년 3월 16일 21시,월요일,서울특별시 강남구 역삼동,부상신고사고,0,0,0,2,차대차 - 측면충돌,안전운전불이행,포장 - 건조,맑음,단일로 - 기타,승용,남,74세,상해없음,승용,남,51세,부상신고
2020031600100517,2020년 3월 16일 22시,월요일,서울특별시 강남구 역삼동,경상사고,0,0,1,0,차대차 - 추돌,교차로운행방법위반,포장 - 건조,맑음,교차로 - 교차로안,화물,남,54세,상해없음,승용,남,58세,경상
2020031600100534,2020년 3월 16일 23시,월요일,서울특별시 강남구 삼성동,경상사고,0,0,1,0,차대차 - 측면충돌,안전운전불이행,포장 - 건조,맑음,단일로 - 기타,승용,남,46세,상해없음,승용,남,27세,경상
2020031700100028,2020년 3월 17일 04시,화요일,서울특별시 강남구 논현동,중상사고,0,1,0,0,차대차 - 기타,신호위반,포장 - 건조,흐림,기타 - 기타,승용,여,33세,상해없음,이륜,남,52세,중상
2020031700100164,2020년 3월 17일 12시,화요일,서울특별시 강남구 대치동,경상사고,0,0,1,0,차대사람 - 길가장자리구역통행중,안전운전불이행,포장 - 건조,맑음,단일로 - 기타,승용,여,37세,상해없음,보행자,여,23세,경상
2020031700100237,2020년 3월 17일 15시,화요일,서울특별시 강남구 역삼동,경상사고,0,0,1,0,차대차 - 기타,안전거리미확보,포장 - 건조,맑음,기타 - 기타,기타불명,기타불명,미분류,기타불명,이륜,남,23세,경상
2020031700100364,2020년 3월 17일 19시,화요일,서울특별시 강남구 역삼동,부상신고사고,0,0,0,1,차대차 - 기타,기타,포장 - 건조,맑음,단일로 - 기타,승용,남,62세,상해없음,이륜,남,32세,부상신고
2020031700100365,2020년 3월 17일 19시,화요일,서울특별시 강남구 신사동,경상사고,0,0,2,0,차대차 - 기타,안전운전불이행,포장 - 건조,흐림,기타 - 기타,승용,남,78세,상해없음,승용,남,61세,경상
2020031700100424,2020년 3월 17일 21시,화요일,서울특별시 강남구 신사동,경상사고,0,0,2,0,차대차 - 기타,안전운전불이행,포장 - 건조,맑음,단일로 - 기타,승용,남,33세,상해없음,승용,여,51세,경상
2020031700100463,2020년 3월 17일 23시,화요일,서울특별시 강남구 도곡동,경상사고,0,0,1,0,차대차 - 추돌,안전운전불이행,포장 - 건조,맑음,교차로 - 교차로부근,승용,남,42세,상해없음,승용,남,28세,경상
2020031800100025,2020년 3월 18일 03시,수요일,서울특별시 강남구 논현동,중상사고,0,1,0,0,차량단독 - 공작물충돌,안전운전불이행,포장 - 건조,맑음,교차로 - 교차로안,승용,남,59세,중상,,,,
2020031800100053,2020년 3월 18일 07시,수요일,서울특별시 강남구 대치동,경상사고,0,0,2,0,차대차 - 기타,신호위반,포장 - 건조,맑음,단일로 - 기타,승용,남,49세,상해없음,승용,남,65세,경상
2020031800100184,2020년 3월 18일 12시,수요일,서울특별시 강남구 논현동,중상사고,0,1,0,0,차대차 - 측면충돌,신호위반,포장 - 건조,맑음,단일로 - 기타,승용,여,42세,상해없음,이륜,남,63세,중상
2020031800100210,2020년 3월 18일 13시,수요일,서울특별시 강남구 도곡동,부상신고사고,0,0,0,1,차대차 - 기타,안전운전불이행,포장 - 건조,맑음,주차장 - 주차장,원동기,남,38세,부상신고,승용,여,32세,상해없음
2020031800100372,2020년 3월 18일 18시,수요일,서울특별시 강남구 논현동,경상사고,0,0,2,0,차대차 - 기타,안전거리미확보,포장 - 건조,맑음,교차로 - 교차로안,승용,남,38세,상해없음,승용,남,22세,경상
2020031800100373,2020년 3월 18일 18시,수요일,서울특별시 강남구 논현동,부상신고사고,0,0,0,1,차대차 - 기타,안전운전불이행,포장 - 건조,맑음,단일로 - 기타,승용,여,31세,상해없음,승용,여,26세,부상신고
2020031800100435,2020년 3월 18일 20시,수요일,서울특별시 강남구 삼성동,부상신고사고,0,0,0,1,차대차 - 추돌,안전운전불이행,포장 - 건조,맑음,교차로 - 교차로부근,자전거,남,51세,부상신고,자전거,남,42세,상해없음
2020031800100436,2020년 3월 18일 20시,수요일,서울특별시 강남구 역삼동,경상사고,0,0,1,0,차대차 - 추돌,안전거리미확보,포장 - 건조,맑음,단일로 - 기타,승용,남,46세,상해없음,승용,남,35세,경상
2020031800100440,2020년 3월 18일 20시,수요일,서울특별시 강남구 역삼동,경상사고,0,0,1,0,차대차 - 추돌,안전운전불이행,포장 - 건조,맑음,교차로 - 교차로부근,승용,남,72세,상해없음,승용,여,42세,경상
2020031800100481,2020년 3월 18일 22시,수요일,서울특별시 강남구 대치동,중상사고,0,1,1,0,차대사람 - 횡단중,보행자보호의무위반,포장 - 건조,맑음,교차로 - 교차로부근,승용,여,46세,상해없음,보행자,여,31세,중상
2020031900100094,2020년 3월 19일 09시,목요일,서울특별시 강남구 대치동,중상사고,0,1,0,0,차대차 - 기타,신호위반,포장 - 건조,맑음,교차로 - 교차로안,승용,여,37세,상해없음,이륜,남,38세,중상
2020031900100124,2020년 3월 19일 11시,목요일,서울특별시 강남구 논현동,경상사고,0,0,1,0,차대차 - 추돌,안전운전불이행,포장 - 건조,맑음,단일로 - 기타,승용,남,27세,상해없음,이륜,남,31세,경상
2020031900100225,2020년 3월 19일 15시,목요일,서울특별시 강남구 도곡동,경상사고,0,0,1,0,차대사람 - 기타,보행자보호의무위반,포장 - 건조,맑음,기타 - 기타,기타불명,기타불명,미분류,기타불명,보행자,남,32세,경상
2020031900100226,2020년 3월 19일 15시,목요일,서울특별시 강남구 대치동,경상사고,0,0,1,0,차대차 - 추돌,안전거리미확보,포장 - 건조,맑음,단일로 - 기타,승용,남,47세,상해없음,승용,남,48세,경상
2020031900100371,2020년 3월 19일 19시,목요일,서울특별시 강남구 역삼동,경상사고,0,0,1,0,차대차 - 추돌,안전운전불이행,포장 - 건조,맑음,단일로 - 기타,승용,여,44세,기타불명,승용,남,37세,경상
2020031900100441,2020년 3월 19일 22시,목요일,서울특별시 강남구 삼성동,경상사고,0,0,1,2,차대차 - 추돌,안전거리미확보,포장 - 건조,맑음,단일로 - 기타,승용,남,51세,상해없음,승용,여,45세,경상
2020032000100049,2020년 3월 20일 05시,금요일,서울특별시 강남구 삼성동,중상사고,0,1,0,0,차대차 - 추돌,안전운전불이행,포장 - 건조,맑음,단일로 - 기타,승용,여,29세,상해없음,이륜,남,61세,중상
2020032000100091,2020년 3월 20일 08시,금요일,서울특별시 강남구 논현동,중상사고,0,2,1,0,차대차 - 측면충돌,직진우회전진행방해,포장 - 기타,맑음,교차로 - 교차로안,승용,남,28세,중상,승용,남,67세,경상
2020032000100092,2020년 3월 20일 08시,금요일,서울특별시 강남구 역삼동,경상사고,0,0,3,0,차대차 - 측면충돌,안전운전불이행,포장 - 기타,맑음,단일로 - 기타,승용,남,59세,경상,승용,남,28세,경상
2020032000100269,2020년 3월 20일 14시,금요일,서울특별시 강남구 신사동,경상사고,0,0,2,0,차대차 - 추돌,안전거리미확보,포장 - 건조,맑음,단일로 - 지하차도(도로)내,승용,남,31세,경상,승용,남,34세,경상
2020032000100273,2020년 3월 20일 14시,금요일,서울특별시 강남구 수서동,경상사고,0,0,1,0,차대차 - 기타,안전거리미확보,포장 - 건조,맑음,교차로 - 교차로부근,승용,남,64세,상해없음,이륜,남,39세,경상
2020032000100274,2020년 3월 20일 14시,금요일,서울특별시 강남구 일원동,경상사고,0,0,3,1,차대차 - 기타,안전운전불이행,포장 - 건조,맑음,단일로 - 기타,승용,남,63세,부상신고,승용,여,39세,경상
2020032000100275,2020년 3월 20일 14시,금요일,서울특별시 강남구 대치동,경상사고,0,0,1,0,차대차 - 측면충돌,안전운전불이행,포장 - 건조,맑음,단일로 - 기타,승용,남,62세,상해없음,승용,남,53세,경상
2020032000100401,2020년 3월 20일 17시,금요일,서울특별시 강남구 개포동,경상사고,0,0,2,0,차대차 - 추돌,중앙선침범,포장 - 건조,맑음,단일로 - 기타,승용,남,49세,상해없음,승용,남,57세,경상
2020032000100566,2020년 3월 20일 22시,금요일,서울특별시 강남구 신사동,경상사고,0,0,6,0,차대차 - 추돌,직진우회전진행방해,포장 - 건조,맑음,교차로 - 교차로부근,승용,남,69세,경상,승용,남,39세,경상
2020032000100570,2020년 3월 20일 22시,금요일,서울특별시 강남구 개포동,경상사고,0,0,1,1,차대차 - 측면충돌,신호위반,포장 - 건조,맑음,단일로 - 기타,승용,여,33세,부상신고,승용,남,50세,경상
2020032100100044,2020년 3월 21일 03시,토요일,서울특별시 강남구 압구정동,경상사고,0,0,2,0,차대차 - 측면충돌,안전운전불이행,포장 - 건조,맑음,단일로 - 교량,승용,여,29세,기타불명,승용,남,52세,상해없음
2020032100100055,2020년 3월 21일 04시,토요일,서울특별시 강남구 역삼동,경상사고,0,0,1,0,차대차 - 기타,신호위반,포장 - 건조,맑음,교차로 - 교차로안,승용,여,26세,상해없음,승용,남,38세,경상
2020032100100170,2020년 3월 21일 11시,토요일,서울특별시 강남구 압구정동,경상사고,0,0,2,0,차대차 - 기타,차로위반,포장 - 건조,맑음,단일로 - 기타,승용,여,28세,상해없음,승용,남,61세,경상
2020032100100271,2020년 3월 21일 14시,토요일,서울특별시 강남구 역삼동,경상사고,0,0,1,0,차대차 - 측면충돌,신호위반,포장 - 건조,맑음,교차로 - 교차로부근,승용,남,30세,상해없음,승용,남,49세,경상
2020032100100442,2020년 3월 21일 19시,토요일,서울특별시 강남구 논현동,경상사고,0,0,1,0,차대사람 - 길가장자리구역통행중,안전운전불이행,포장 - 건조,맑음,단일로 - 기타,승용,남,24세,상해없음,보행자,남,33세,경상
2020032100100496,2020년 3월 21일 21시,토요일,서울특별시 강남구 역삼동,경상사고,0,0,1,0,차대차 - 기타,안전운전불이행,포장 - 건조,기타,교차로 - 교차로부근,승용,남,47세,상해없음,승용,남,45세,경상
2020032100100544,2020년 3월 21일 23시,토요일,서울특별시 강남구 역삼동,부상신고사고,0,0,0,1,차대차 - 추돌,신호위반,포장 - 건조,기타,교차로 - 교차로안,이륜,남,23세,부상신고,승용,남,32세,상해없음
2020032200100005,2020년 3월 22일 00시,일요일,서울특별시 강남구 삼성동,경상사고,0,0,2,0,차대차 - 측면충돌,신호위반,포장 - 건조,맑음,교차로 - 교차로안,승용,남,54세,상해없음,승용,남,61세,경상
2020032200100025,2020년 3월 22일 01시,일요일,서울특별시 강남구 논현동,경상사고,0,0,3,0,차대차 - 측면충돌,안전거리미확보,포장 - 기타,기타,교차로 - 교차로부근,승용,남,62세,상해없음,승용,남,23세,경상
2020032200100073,2020년 3월 22일 06시,일요일,서울특별시 강남구 논현동,경상사고,0,0,1,0,차대차 - 측면충돌,신호위반,포장 - 기타,기타,교차로 - 교차로부근,승용,남,35세,상해없음,승용,남,61세,경상
2020032200100243,2020년 3월 22일 16시,일요일,서울특별시 강남구 대치동,중상사고,0,1,0,0,차대차 - 정면충돌,안전운전불이행,포장 - 건조,맑음,기타 - 기타,자전거,남,53세,상해없음,자전거,남,51세,중상
2020032300100114,2020년 3월 23일 09시,월요일,서울특별시 강남구 역삼동,중상사고,0,1,0,0,차대차 - 기타,안전운전불이행,포장 - 건조,맑음,단일로 - 기타,자전거,남,31세,중상,이륜,남,41세,상해없음
2020032300100246,2020년 3월 23일 13시,월요일,서울특별시 강남구 신사동,경상사고,0,0,1,0,차대차 - 기타,안전운전불이행,포장 - 건조,맑음,단일로 - 기타,승용,남,36세,경상,화물,남,49세,상해없음
2020032300100307,2020년 3월 23일 15시,월요일,서울특별시 강남구 청담동,중상사고,0,1,0,0,차대사람 - 횡단중,보행자보호의무위반,포장 - 건조,맑음,교차로 - 교차로횡단보도내,화물,남,52세,상해없음,보행자,여,63세,중상
2020032300100334,2020년 3월 23일 16시,월요일,서울특별시 강남구 청담동,경상사고,0,0,1,0,차대차 - 측면충돌,안전운전불이행,포장 - 건조,맑음,기타 - 기타,승용,남,59세,상해없음,승용,남,47세,경상
2020032300100400,2020년 3월 23일 18시,월요일,서울특별시 강남구 삼성동,경상사고,0,0,1,1,차대차 - 측면충돌,차로위반,포장 - 기타,맑음,단일로 - 기타,승용,남,22세,부상신고,승용,여,46세,경상
2020032300100401,2020년 3월 23일 18시,월요일,서울특별시 강남구 압구정동,경상사고,0,0,1,0,차대차 - 기타,신호위반,포장 - 건조,맑음,교차로 - 교차로안,승합,남,55세,상해없음,승용,남,66세,경상
2020032300100491,2020년 3월 23일 20시,월요일,서울특별시 강남구 대치동,경상사고,0,0,1,0,차대차 - 기타,안전운전불이행,포장 - 건조,맑음,교차로 - 교차로안,승합,남,58세,상해없음,이륜,남,28세,경상
2020032300100516,2020년 3월 23일 21시,월요일,서울특별시 강남구 삼성동,경상사고,0,0,1,0,차대차 - 추돌,교차로운행방법위반,포장 - 건조,맑음,교차로 - 교차로안,승용,남,57세,상해없음,승용,남,22세,경상
2020032300100565,2020년 3월 23일 23시,월요일,서울특별시 강남구 논현동,경상사고,0,0,1,0,차대사람 - 기타,보행자보호의무위반,포장 - 건조,맑음,교차로 - 교차로부근,승용,남,44세,상해없음,보행자,여,23세,경상
2020032400100141,2020년 3월 24일 10시,화요일,서울특별시 강남구 삼성동,경상사고,0,0,1,0,차대차 - 추돌,안전거리미확보,포장 - 건조,기타,단일로 - 기타,이륜,남,38세,상해없음,승용,여,51세,경상
2020032400100264,2020년 3월 24일 14시,화요일,서울특별시 강남구 역삼동,경상사고,0,0,1,0,차대차 - 측면충돌,안전운전불이행,포장 - 건조,맑음,단일로 - 기타,이륜,남,31세,경상,승용,남,62세,상해없음
2020032400100268,2020년 3월 24일 14시,화요일,서울특별시 강남구 역삼동,경상사고,0,0,1,0,차대차 - 기타,안전거리미확보,포장 - 건조,맑음,단일로 - 기타,승용,남,53세,상해없음,이륜,남,26세,경상
2020032400100304,2020년 3월 24일 15시,화요일,서울특별시 강남구 역삼동,경상사고,0,0,2,0,차대차 - 측면충돌,교차로운행방법위반,포장 - 건조,맑음,교차로 - 교차로안,승용,남,71세,경상,화물,남,49세,경상
2020032400100306,2020년 3월 24일 15시,화요일,서울특별시 강남구 신사동,부상신고사고,0,0,0,1,차대차 - 추돌,안전운전불이행,포장 - 건조,맑음,기타 - 기타,승용,여,51세,부상신고,승용,여,51세,상해없음
2020032400100368,2020년 3월 24일 17시,화요일,서울특별시 강남구 청담동,경상사고,0,0,2,0,차대차 - 측면충돌,안전운전불이행,포장 - 건조,맑음,단일로 - 기타,승용,남,68세,경상,승용,남,71세,경상
2020032400100372,2020년 3월 24일 17시,화요일,서울특별시 강남구 역삼동,경상사고,0,0,1,0,차대차 - 기타,신호위반,포장 - 건조,맑음,교차로 - 교차로안,승용,여,63세,상해없음,이륜,남,21세,경상
2020032400100373,2020년 3월 24일 17시,화요일,서울특별시 강남구 대치동,부상신고사고,0,0,0,1,차대차 - 측면충돌,안전운전불이행,포장 - 건조,맑음,단일로 - 기타,자전거,여,24세,부상신고,승용,남,64세,상해없음
2020032400100454,2020년 3월 24일 19시,화요일,서울특별시 강남구 역삼동,경상사고,0,0,1,0,차대차 - 추돌,불법유턴,포장 - 건조,맑음,단일로 - 기타,승용,남,20세,상해없음,이륜,남,35세,경상
2020032400100487,2020년 3월 24일 20시,화요일,서울특별시 강남구 논현동,경상사고,0,0,1,0,차대차 - 기타,교차로운행방법위반,포장 - 건조,맑음,교차로 - 교차로안,승용,남,56세,상해없음,승용,남,38세,경상
2020032400100542,2020년 3월 24일 23시,화요일,서울특별시 강남구 역삼동,경상사고,0,0,1,0,차대차 - 측면충돌,안전운전불이행,포장 - 건조,맑음,단일로 - 기타,승용,남,30세,상해없음,승용,남,64세,경상
2020032500100057,2020년 3월 25일 07시,수요일,서울특별시 강남구 역삼동,경상사고,0,0,1,0,차대차 - 추돌,신호위반,포장 - 건조,맑음,교차로 - 교차로안,승용,남,39세,상해없음,승용,남,52세,경상
2020032500100075,2020년 3월 25일 08시,수요일,서울특별시 강남구 삼성동,중상사고,0,1,0,0,차대사람 - 보도통행중,기타,포장 - 건조,맑음,기타 - 기타,자전거,남,53세,상해없음,보행자,여,60세,중상
2020032500100163,2020년 3월 25일 11시,수요일,서울특별시 강남구 논현동,경상사고,0,0,2,0,차대차 - 기타,신호위반,포장 - 건조,맑음,기타 - 기타,승용,여,73세,상해없음,승용,남,26세,경상
2020032500100273,2020년 3월 25일 14시,수요일,서울특별시 강남구 대치동,중상사고,0,1,0,0,차대사람 - 횡단중,안전운전불이행,포장 - 건조,맑음,교차로 - 교차로횡단보도내,이륜,남,35세,상해없음,보행자,여,73세,중상
2020032500100274,2020년 3월 25일 14시,수요일,서울특별시 강남구 도곡동,경상사고,0,0,1,0,차대사람 - 길가장자리구역통행중,안전운전불이행,포장 - 건조,맑음,단일로 - 기타,승용,여,67세,상해없음,보행자,여,72세,경상
2020032500100300,2020년 3월 25일 15시,수요일,서울특별시 강남구 역삼동,경상사고,0,0,1,0,차대차 - 기타,안전거리미확보,포장 - 건조,맑음,교차로 - 교차로부근,승용,남,67세,상해없음,이륜,남,54세,경상
2020032500100369,2020년 3월 25일 17시,수요일,서울특별시 강남구 일원동,중상사고,0,2,0,0,차대차 - 측면충돌,안전운전불이행,포장 - 건조,맑음,교차로 - 교차로부근,이륜,남,31세,상해없음,승용,남,55세,중상
2020032500100406,2020년 3월 25일 18시,수요일,서울특별시 강남구 도곡동,경상사고,0,0,1,0,차대차 - 기타,안전운전불이행,포장 - 건조,맑음,교차로 - 교차로안,승용,여,39세,상해없음,이륜,남,57세,경상
2020032500100483,2020년 3월 25일 20시,수요일,서울특별시 강남구 역삼동,부상신고사고,0,0,0,1,차대사람 - 기타,안전운전불이행,포장 - 기타,맑음,단일로 - 기타,승용,남,44세,상해없음,보행자,남,43세,부상신고
2020032500100487,2020년 3월 25일 20시,수요일,서울특별시 강남구 도곡동,경상사고,0,0,1,0,차대차 - 추돌,안전운전불이행,포장 - 건조,맑음,교차로 - 교차로부근,승용,남,65세,상해없음,승용,남,62세,경상
2020032500100518,2020년 3월 25일 21시,수요일,서울특별시 강남구 역삼동,경상사고,0,0,1,0,차대사람 - 기타,안전운전불이행,포장 - 건조,맑음,단일로 - 기타,승용,여,26세,상해없음,보행자,남,46세,경상
2020032500100567,2020년 3월 25일 23시,수요일,서울특별시 강남구 삼성동,경상사고,0,0,1,0,차대차 - 측면충돌,안전거리미확보,포장 - 건조,맑음,단일로 - 기타,승용,남,34세,상해없음,승용,남,52세,상해없음
2020032600100017,2020년 3월 26일 01시,목요일,서울특별시 강남구 역삼동,경상사고,0,0,2,0,차대차 - 추돌,안전운전불이행,포장 - 건조,맑음,교차로 - 교차로부근,승용,남,24세,상해없음,승용,남,32세,경상
2020032600100034,2020년 3월 26일 03시,목요일,서울특별시 강남구 역삼동,경상사고,0,0,2,0,차대차 - 측면충돌,안전운전불이행,포장 - 기타,기타,단일로 - 기타,승용,남,71세,상해없음,승용,남,42세,경상