사고번호,사고일시,요일,시군구,사고내용,사망자수,중상자수,경상자수,부상신고자수,사고유형,법규위반,노면상태,기상상태,도로형태,가해운전자 차종,가해운전자 성별,가해운전자 연령,가해운전자 상해정도,피해운전자 차종,피해운전자 성별,피해운전자 연령,피해운전자 상해정도
2020032600100085,2020년 3월 26일 08시,목요일,서울특별시 강남구 논현동,경상사고,0,0,1,0,차대차 - 기타,신호위반,포장 - 건조,맑음,교차로 - 교차로안,승용,여,28세,상해없음,승용,남,50세,경상
2020032600100230,2020년 3월 26일 14시,목요일,서울특별시 강남구 역삼동,경상사고,0,0,1,0,차대차 - 기타,안전운전불이행,포장 - 건조,맑음,단일로 - 기타,승합,남,56세,상해없음,이륜,남,34세,경상
2020032600100231,2020년 3월 26일 14시,목요일,서울특별시 강남구 삼성동,경상사고,0,0,1,0,차대차 - 기타,교차로운행방법위반,포장 - 건조,맑음,교차로 - 교차로안,승용,남,33세,상해없음,승용,남,32세,경상
2020032600100430,2020년 3월 26일 20시,목요일,서울특별시 강남구 대치동,중상사고,0,1,1,0,차대차 - 추돌,안전운전불이행,포장 - 건조,맑음,교차로 - 교차로부근,승용,남,51세,상해없음,승용,남,50세,중상
2020032600100506,2020년 3월 26일 22시,목요일,서울특별시 강남구 개포동,경상사고,0,0,1,0,차대차 - 추돌,안전운전불이행,포장 - 젖음/습기,비,단일로 - 기타,승용,남,44세,상해없음,승용,여,46세,경상
2020032600100534,2020년 3월 26일 23시,목요일,서울특별시 강남구 청담동,경상사고,0,0,1,0,차대차 - 측면충돌,안전운전불이행,포장 - 건조,맑음,단일로 - 기타,승용,여,31세,상해없음,승용,남,38세,경상
2020032700100041,2020년 3월 27일 02시,금요일,서울특별시 강남구 논현동,경상사고,0,0,2,0,차대차 - 기타,안전거리미확보,포장 - 젖음/습기,비,단일로 - 기타,승용,남,69세,경상,승용,남,43세,경상
2020032700100054,2020년 3월 27일 04시,금요일,서울특별시 강남구 삼성동,경상사고,0,0,1,0,차대차 - 추돌,안전운전불이행,포장 - 젖음/습기,비,단일로 - 기타,승용,여,57세,상해없음,승용,남,43세,경상
2020032700100055,2020년 3월 27일 04시,금요일,서울특별시 강남구 신사동,경상사고,0,0,4,0,차대차 - 기타,기타,포장 - 건조,흐림,기타 - 기타,승용,남,26세,상해없음,승용,남,50세,경상
2020032700100060,2020년 3월 27일 05시,금요일,서울특별시 강남구 도곡동,중상사고,0,1,1,0,차대차 - 기타,교차로운행방법위반,포장 - 젖음/습기,비,교차로 - 교차로안,승용,남,69세,경상,화물,남,76세,중상
2020032700100100,2020년 3월 27일 08시,금요일,서울특별시 강남구 역삼동,경상사고,0,0,1,0,차대사람 - 횡단중,보행자보호의무위반,포장 - 건조,맑음,교차로 - 교차로횡단보도내,화물,남,26세,상해없음,보행자,여,32세,경상
2020032700100221,2020년 3월 27일 13시,금요일,서울특별시 강남구 논현동,경상사고,0,0,2,0,차대차 - 측면충돌,차로위반,포장 - 건조,맑음,단일로 - 기타,승용,남,68세,상해없음,승용,남,24세,경상
2020032700100248,2020년 3월 27일 14시,금요일,서울특별시 강남구 압구정동,경상사고,0,0,3,0,차대차 - 기타,안전거리미확보,포장 - 건조,맑음,단일로 - 기타,승용,여,51세,상해없음,승용,남,66세,경상
2020032700100249,2020년 3월 27일 14시,금요일,서울특별시 강남구 역삼동,중상사고,0,1,0,0,차대사람 - 기타,안전운전불이행,포장 - 기타,맑음,단일로 - 기타,승용,여,27세,상해없음,보행자,여,21세,중상
2020032700100310,2020년 3월 27일 16시,금요일,서울특별시 강남구 도곡동,경상사고,0,0,3,0,차대차 - 기타,안전운전불이행,포장 - 건조,맑음,기타 - 기타,승용,여,63세,상해없음,승용,남,32세,경상
2020032700100348,2020년 3월 27일 17시,금요일,서울특별시 강남구 청담동,경상사고,0,0,1,0,차대사람 - 기타,안전운전불이행,포장 - 건조,맑음,단일로 - 기타,승용,남,44세,상해없음,보행자,남,46세,경상
2020032700100392,2020년 3월 27일 18시,금요일,서울특별시 강남구 삼성동,경상사고,0,0,1,0,차대차 - 기타,직진우회전진행방해,포장 - 건조,맑음,교차로 - 교차로부근,승용,남,26세,상해없음,이륜,남,53세,경상
2020032700100446,2020년 3월 27일 19시,금요일,서울특별시 강남구 역삼동,경상사고,0,0,2,0,차대차 - 기타,안전운전불이행,포장 - 건조,맑음,교차로 - 교차로횡단보도내,승용,남,27세,경상,이륜,남,36세,경상
2020032700100519,2020년 3월 27일 21시,금요일,서울특별시 강남구 논현동,중상사고,0,1,0,0,차대사람 - 길가장자리구역통행중,안전운전불이행,포장 - 건조,맑음,단일로 - 기타,승용,남,47세,상해없음,보행자,여,64세,중상
2020032700100553,2020년 3월 27일 22시,금요일,서울특별시 강남구 세곡동,경상사고,0,0,1,0,차대차 - 기타,신호위반,포장 - 건조,맑음,교차로 - 교차로안,이륜,남,25세,경상,승용,여,51세,상해없음
2020032700100579,2020년 3월 27일 23시,금요일,서울특별시 강남구 일원동,경상사고,0,0,1,0,차대차 - 추돌,안전운전불이행,포장 - 건조,맑음,주차장 - 주차장,승용,남,30세,상해없음,이륜,남,45세,경상
2020032800100004,2020년 3월 28일 00시,토요일,서울특별시 강남구 청담동,경상사고,0,0,1,0,차대차 - 기타,안전운전불이행,포장 - 건조,맑음,단일로 - 기타,승용,남,27세,상해없음,승합,남,59세,상해없음
2020032800100051,2020년 3월 28일 04시,토요일,서울특별시 강남구 역삼동,경상사고,0,0,1,0,차량단독 - 기타,안전운전불이행,포장 - 건조,맑음,단일로 - 기타,원동기,남,27세,상해없음,,,,
2020032800100184,2020년 3월 28일 12시,토요일,서울특별시 강남구 신사동,경상사고,0,0,1,0,차대사람 - 횡단중,안전운전불이행,포장 - 건조,맑음,단일로 - 기타,승용,남,28세,상해없음,보행자,여,48세,경상
2020032800100185,2020년 3월 28일 12시,토요일,서울특별시 강남구 신사동,경상사고,0,0,1,1,차대차 - 기타,안전운전불이행,포장 - 건조,맑음,단일로 - 기타,승합,남,63세,부상신고,승용,여,36세,경상
2020032800100279,2020년 3월 28일 15시,토요일,서울특별시 강남구 역삼동,사망사고,1,0,0,0,차대차 - 기타,신호위반,포장 - 건조,맑음,교차로 - 교차로안,이륜,남,48세,사망,승용,여,26세,상해없음
2020032800100459,2020년 3월 28일 21시,토요일,서울특별시 강남구 수서동,경상사고,0,0,2,0,차대차 - 추돌,안전운전불이행,포장 - 건조,맑음,교차로 - 교차로부근,승용,남,44세,상해없음,승용,여,49세,경상
2020032800100483,2020년 3월 28일 22시,토요일,서울특별시 강남구 신사동,경상사고,0,0,1,0,차대차 - 측면충돌,안전운전불이행,포장 - 건조,맑음,기타 - 기타,승용,남,29세,상해없음,승용,남,29세,경상
2020032900100047,2020년 3월 29일 03시,일요일,서울특별시 강남구 논현동,중상사고,0,1,2,0,차대차 - 추돌,안전거리미확보,포장 - 건조,맑음,단일로 - 기타,승용,남,29세,상해없음,승용,남,56세,중상
2020032900100051,2020년 3월 29일 04시,일요일,서울특별시 강남구 역삼동,경상사고,0,0,1,0,차대차 - 추돌,안전운전불이행,포장 - 건조,맑음,단일로 - 기타,승용,남,31세,상해없음,승용,남,69세,경상
2020032900100111,2020년 3월 29일 11시,일요일,서울특별시 강남구 율현동,경상사고,0,0,2,0,차대차 - 기타,안전운전불이행,포장 - 건조,맑음,기타 - 기타,승용,남,59세,상해없음,승용,여,41세,경상
2020032900100138,2020년 3월 29일 12시,일요일,서울특별시 강남구 개포동,중상사고,0,1,0,0,차대차 - 측면충돌,안전운전불이행,포장 - 건조,맑음,교차로 - 교차로부근,승용,남,36세,상해없음,이륜,남,37세,중상
2020032900100259,2020년 3월 29일 17시,일요일,서울특별시 강남구 압구정동,경상사고,0,0,1,0,차대사람 - 기타,안전운전불이행,포장 - 건조,맑음,단일로 - 기타,자전거,남,20세,경상,보행자,여,8세,상해없음
2020032900100342,2020년 3월 29일 21시,일요일,서울특별시 강남구 삼성동,경상사고,0,0,2,0,차대차 - 기타,안전거리미확보,포장 - 건조,맑음,단일로 - 기타,승용,여,47세,상해없음,승용,남,70세,경상
2020032900100358,2020년 3월 29일 22시,일요일,서울특별시 강남구 논현동,경상사고,0,0,1,0,차대차 - 기타,안전운전불이행,포장 - 건조,맑음,단일로 - 기타,승용,남,75세,상해없음,승용,남,28세,경상
2020033000100106,2020년 3월 30일 09시,월요일,서울특별시 강남구 청담동,경상사고,0,0,1,0,차대차 - 기타,안전거리미확보,포장 - 건조,맑음,단일로 - 기타,승용,여,46세,상해없음,승용,남,35세,경상
2020033000100110,2020년 3월 30일 09시,월요일,서울특별시 강남구 대치동,경상사고,0,0,1,0,차대차 - 기타,안전운전불이행,포장 - 건조,맑음,단일로 - 기타,승용,여,35세,상해없음,이륜,남,44세,경상
2020033000100190,2020년 3월 30일 12시,월요일,서울특별시 강남구 논현동,경상사고,0,0,1,0,차대차 - 측면충돌,차로위반,포장 - 건조,맑음,교차로 - 교차로부근,승용,남,70세,기타불명,화물,남,43세,경상
2020033000100224,2020년 3월 30일 13시,월요일,서울특별시 강남구 대치동,경상사고,0,0,1,0,차대차 - 측면충돌,안전운전불이행,포장 - 건조,맑음,주차장 - 주차장,승용,여,57세,상해없음,승용,남,43세,경상
2020033000100362,2020년 3월 30일 17시,월요일,서울특별시 강남구 역삼동,경상사고,0,0,1,0,차대차 - 기타,안전운전불이행,포장 - 건조,맑음,미분류 - 미분류,자전거,남,48세,경상,승용,남,49세,상해없음
2020033000100433,2020년 3월 30일 19시,월요일,서울특별시 강남구 청담동,경상사고,0,0,3,0,차대차 - 기타,안전운전불이행,포장 - 건조,맑음,단일로 - 기타,승용,남,45세,경상,승용,여,47세,경상
2020033000100471,2020년 3월 30일 20시,월요일,서울특별시 강남구 역삼동,경상사고,0,0,1,0,차대차 - 측면충돌,안전운전불이행,포장 - 건조,맑음,교차로 - 교차로부근,승용,남,58세,상해없음,승용,여,58세,상해없음
2020033000100475,2020년 3월 30일 20시,월요일,서울특별시 강남구 역삼동,경상사고,0,0,1,0,차대차 - 측면충돌,차로위반,포장 - 건조,맑음,교차로 - 교차로부근,기타불명,기타불명,미분류,기타불명,이륜,남,50세,경상
2020033000100517,2020년 3월 30일 22시,월요일,서울특별시 강남구 도곡동,경상사고,0,0,1,0,차대차 - 추돌,안전운전불이행,포장 - 건조,맑음,단일로 - 기타,이륜,남,17세,상해없음,이륜,남,43세,경상
2020033100100052,2020년 3월 31일 07시,화요일,서울특별시 강남구 논현동,경상사고,0,0,1,0,차대사람 - 기타,안전운전불이행,포장 - 건조,맑음,단일로 - 기타,승용,여,34세,상해없음,보행자,남,40세,경상
2020033100100053,2020년 3월 31일 07시,화요일,서울특별시 강남구 역삼동,경상사고,0,0,1,0,차대차 - 측면충돌,안전운전불이행,포장 - 건조,맑음,교차로 - 교차로부근,화물,남,59세,상해없음,승용,남,50세,경상
2020033100100070,2020년 3월 31일 08시,화요일,서울특별시 강남구 압구정동,경상사고,0,0,1,0,차대차 - 측면충돌,차로위반,포장 - 건조,맑음,단일로 - 기타,승용,남,30세,기타불명,건설기계,남,40세,경상
2020033100100100,2020년 3월 31일 09시,화요일,서울특별시 강남구 압구정동,경상사고,0,0,2,0,차대차 - 측면충돌,차로위반,포장 - 건조,맑음,단일로 - 기타,승용,여,26세,경상,승용,여,40세,경상
2020033100100133,2020년 3월 31일 10시,화요일,서울특별시 강남구 대치동,중상사고,0,1,0,0,차대사람 - 횡단중,안전운전불이행,포장 - 건조,맑음,단일로 - 기타,이륜,남,29세,상해없음,보행자,여,82세,중상
2020033100100224,2020년 3월 31일 13시,화요일,서울특별시 강남구 청담동,경상사고,0,0,1,0,차대사람 - 기타,안전운전불이행,포장 - 건조,맑음,단일로 - 기타,승용,남,48세,상해없음,보행자,남,38세,경상
2020033100100257,2020년 3월 31일 14시,화요일,서울특별시 강남구 신사동,경상사고,0,0,1,0,차대차 - 기타,안전거리미확보,포장 - 건조,맑음,기타 - 기타,승용,여,34세,상해없음,승용,여,39세,경상
2020033100100258,2020년 3월 31일 14시,화요일,서울특별시 강남구 청담동,경상사고,0,0,1,0,차대사람 - 기타,안전운전불이행,포장 - 건조,맑음,단일로 - 기타,승합,남,54세,상해없음,보행자,남,33세,경상
2020033100100285,2020년 3월 31일 15시,화요일,서울특별시 강남구 청담동,경상사고,0,0,1,0,차대차 - 측면충돌,차로위반,포장 - 건조,맑음,단일로 - 기타,승용,남,65세,상해없음,이륜,남,33세,경상
2020033100100286,2020년 3월 31일 15시,화요일,서울특별시 강남구 신사동,경상사고,0,0,2,0,차대차 - 기타,안전운전불이행,포장 - 건조,맑음,단일로 - 기타,승용,남,24세,상해없음,승용,남,47세,경상
2020033100100365,2020년 3월 31일 17시,화요일,서울특별시 강남구 삼성동,경상사고,0,0,1,0,차대차 - 측면충돌,안전운전불이행,포장 - 건조,맑음,교차로 - 교차로안,승용,여,34세,기타불명,승용,남,44세,경상
2020033100100430,2020년 3월 31일 19시,화요일,서울특별시 강남구 대치동,중상사고,0,1,0,0,차대사람 - 기타,안전운전불이행,포장 - 건조,맑음,교차로 - 교차로부근,승용,남,61세,상해없음,보행자,남,59세,중상
2020033100100457,2020년 3월 31일 20시,화요일,서울특별시 강남구 논현동,경상사고,0,0,1,0,차대사람 - 길가장자리구역통행중,안전운전불이행,포장 - 건조,맑음,단일로 - 기타,승용,남,49세,상해없음,보행자,남,57세,경상
2020033100100458,2020년 3월 31일 20시,화요일,서울특별시 강남구 신사동,경상사고,0,0,1,0,차대차 - 추돌,안전운전불이행,포장 - 건조,맑음,기타 - 기타,승용,남,34세,상해없음,승용,남,28세,상해없음
2020033100100459,2020년 3월 31일 20시,화요일,서울특별시 강남구 역삼동,경상사고,0,0,1,0,차대차 - 측면충돌,차로위반,포장 - 건조,맑음,교차로 - 교차로부근,승용,여,52세,상해없음,승용,남,71세,경상
2020033100100505,2020년 3월 31일 22시,화요일,서울특별시 강남구 신사동,중상사고,0,1,0,0,차대사람 - 기타,안전운전불이행,포장 - 건조,맑음,교차로 - 교차로안,승용,남,45세,상해없음,보행자,여,29세,중상
2020033100100524,2020년 3월 31일 23시,화요일,서울특별시 강남구 역삼동,경상사고,0,0,3,0,차대차 - 정면충돌,신호위반,포장 - 건조,맑음,교차로 - 교차로안,승용,여,40세,상해없음,승용,남,64세,경상
2020040100100023,2020년 4월 1일 02시,수요일,서울특별시 강남구 신사동,경상사고,0,0,3,0,차대차 - 측면충돌,신호위반,포장 - 건조,맑음,단일로 - 기타,승용,남,27세,상해없음,승용,남,27세,경상
2020040100100037,2020년 4월 1일 04시,수요일,서울특별시 강남구 압구정동,경상사고,0,0,1,0,차대사람 - 보도통행중,안전운전불이행,포장 - 건조,맑음,기타 - 기타,승용,남,46세,상해없음,보행자,남,67세,경상
2020040100100181,2020년 4월 1일 12시,수요일,서울특별시 강남구 대치동,경상사고,0,0,1,0,차대사람 - 기타,안전운전불이행,포장 - 건조,맑음,교차로 - 교차로안,승용,남,45세,상해없음,보행자,여,35세,경상
2020040100100304,2020년 4월 1일 16시,수요일,서울특별시 강남구 대치동,중상사고,0,1,1,1,차대차 - 추돌,안전거리미확보,포장 - 건조,맑음,교차로 - 교차로횡단보도내,승용,여,57세,상해없음,승용,여,52세,중상
2020040100100408,2020년 4월 1일 19시,수요일,서울특별시 강남구 논현동,경상사고,0,0,2,0,차대차 - 기타,기타,포장 - 건조,맑음,교차로 - 교차로안,화물,남,36세,경상,승용,남,30세,경상
2020040100100452,2020년 4월 1일 20시,수요일,서울특별시 강남구 청담동,중상사고,0,1,0,0,차대사람 - 횡단중,보행자보호의무위반,포장 - 건조,맑음,교차로 - 교차로횡단보도내,승용,남,56세,상해없음,보행자,여,24세,중상
2020040100100478,2020년 4월 1일 21시,수요일,서울특별시 강남구 대치동,중상사고,0,2,1,0,차대차 - 정면충돌,중앙선침범,포장 - 건조,맑음,단일로 - 기타,승용,남,50세,상해없음,승용,남,26세,경상
2020040100100505,2020년 4월 1일 22시,수요일,서울특별시 강남구 대치동,중상사고,0,1,0,0,차대차 - 기타,직진우회전진행방해,포장 - 건조,맑음,교차로 - 교차로안,이륜,남,34세,상해없음,개인형이동수단(PM),남,29세,중상
2020040200100002,2020년 4월 2일 00시,목요일,서울특별시 강남구 역삼동,경상사고,0,0,1,0,차대차 - 추돌,안전운전불이행,포장 - 건조,맑음,교차로 - 교차로부근,화물,남,29세,상해없음,승용,남,56세,경상
2020040200100003,2020년 4월 2일 00시,목요일,서울특별시 강남구 논현동,경상사고,0,0,2,0,차대차 - 기타,안전운전불이행,포장 - 건조,맑음,단일로 - 기타,승용,남,45세,상해없음,승용,남,66세,경상
2020040200100004,2020년 4월 2일 00시,목요일,서울특별시 강남구 청담동,중상사고,0,1,0,0,차대사람 - 길가장자리구역통행중,안전운전불이행,포장 - 건조,맑음,교차로 - 교차로부근,승용,남,31세,상해없음,보행자,남,33세,중상
2020040200100027,2020년 4월 2일 02시,목요일,서울특별시 강남구 논현동,경상사고,0,0,1,0,차대사람 - 차도통행중,안전운전불이행,포장 - 건조,맑음,단일로 - 기타,승용,남,65세,상해없음,보행자,남,22세,경상
2020040200100096,2020년 4월 2일 08시,목요일,서울특별시 강남구 대치동,경상사고,0,0,1,1,차대사람 - 보도통행중,기타,포장 - 건조,맑음,단일로 - 교량,이륜,남,39세,부상신고,보행자,남,55세,경상
2020040200100176,2020년 4월 2일 11시,목요일,서울특별시 강남구 역삼동,경상사고,0,0,1,1,차대차 - 기타,불법유턴,포장 - 건조,맑음,교차로 - 교차로부근,이륜,남,31세,부상신고,이륜,남,31세,경상
2020040200100236,2020년 4월 2일 13시,목요일,서울특별시 강남구 대치동,중상사고,0,2,0,0,차대차 - 기타,안전운전불이행,포장 - 건조,맑음,기타 - 기타,자전거,남,16세,중상,자전거,남,13세,중상
2020040200100272,2020년 4월 2일 14시,목요일,서울특별시 강남구 압구정동,중상사고,0,1,0,0,차대차 - 정면충돌,교차로운행방법위반,포장 - 건조,맑음,교차로 - 교차로부근,자전거,남,25세,기타불명,자전거,남,38세,중상
2020040200100383,2020년 4월 2일 17시,목요일,서울특별시 강남구 역삼동,경상사고,0,0,1,0,차대차 - 기타,안전운전불이행,포장 - 건조,맑음,단일로 - 기타,승용,남,27세,상해없음,승합,남,36세,경상
2020040200100419,2020년 4월 2일 18시,목요일,서울특별시 강남구 청담동,경상사고,0,0,1,0,차대차 - 측면충돌,안전운전불이행,포장 - 건조,맑음,교차로 - 교차로안,원동기,남,27세,경상,승용,남,33세,상해없음
2020040200100550,2020년 4월 2일 22시,목요일,서울특별시 강남구 역삼동,경상사고,0,0,1,0,차대차 - 추돌,안전운전불이행,포장 - 기타,맑음,단일로 - 기타,승용,남,58세,상해없음,승용,남,36세,경상
2020040200100575,2020년 4월 2일 23시,목요일,서울특별시 강남구 청담동,경상사고,0,0,1,0,차대사람 - 횡단중,보행자보호의무위반,포장 - 건조,맑음,기타 - 기타,기타불명,기타불명,미분류,기타불명,보행자,남,21세,경상
2020040300100026,2020년 4월 3일 04시,금요일,서울특별시 강남구 삼성동,경상사고,0,0,3,0,차대차 - 측면충돌,안전운전불이행,포장 - 건조,맑음,교차로 - 교차로부근,승용,남,49세,상해없음,승용,남,67세,경상
2020040300100160,2020년 4월 3일 11시,금요일,서울특별시 강남구 역삼동,경상사고,0,0,1,0,차대차 - 측면충돌,직진우회전진행방해,포장 - 건조,맑음,교차로 - 교차로안,승용,남,77세,상해없음,이륜,남,35세,경상
2020040300100185,2020년 4월 3일 12시,금요일,서울특별시 강남구 역삼동,경상사고,0,0,1,0,차대차 - 기타,안전거리미확보,포장 - 건조,맑음,단일로 - 기타,건설기계,남,58세,상해없음,승용,남,46세,경상
2020040300100186,2020년 4월 3일 12시,금요일,서울특별시 강남구 압구정동,경상사고,0,0,1,0,차대차 - 추돌,안전운전불이행,포장 - 건조,맑음,단일로 - 기타,승합,남,61세,상해없음,승용,남,35세,경상
2020040300100214,2020년 4월 3일 13시,금요일,서울특별시 강남구 역삼동,부상신고사고,0,0,0,1,차대사람 - 기타,안전운전불이행,포장 - 건조,맑음,교차로 - 교차로안,승용,남,65세,상해없음,보행자,남,67세,부상신고
2020040300100396,2020년 4월 3일 18시,금요일,서울특별시 강남구 삼성동,중상사고,0,1,0,0,차대차 - 기타,기타,포장 - 건조,맑음,단일로 - 기타,승용,남,63세,상해없음,이륜,남,40세,중상
2020040300100445,2020년 4월 3일 19시,금요일,서울특별시 강남구 신사동,경상사고,0,0,2,0,차대차 - 후진중충돌,안전운전불이행,포장 - 건조,맑음,단일로 - 기타,승용,여,32세,상해없음,승용,여,39세,경상
2020040300100446,2020년 4월 3일 19시,금요일,서울특별시 강남구 역삼동,경상사고,0,0,2,0,차대차 - 기타,안전거리미확보,포장 - 기타,기타,단일로 - 기타,승용,여,28세,경상,승용,남,31세,경상
2020040300100559,2020년 4월 3일 22시,금요일,서울특별시 강남구 대치동,경상사고,0,0,1,0,차대차 - 기타,안전운전불이행,포장 - 건조,맑음,단일로 - 기타,승용,남,39세,상해없음,이륜,남,41세,경상
2020040300100582,2020년 4월 3일 23시,금요일,서울특별시 강남구 대치동,경상사고,0,0,1,0,차대차 - 기타,안전운전불이행,포장 - 건조,맑음,단일로 - 기타,승용,남,73세,상해없음,이륜,남,40세,경상
2020040400100004,2020년 4월 4일 00시,토요일,서울특별시 강남구 역삼동,경상사고,0,0,1,0,차대차 - 기타,안전운전불이행,포장 - 건조,맑음,교차로 - 교차로안,승용,남,29세,상해없음,승용,남,67세,경상
2020040400100031,2020년 4월 4일 02시,토요일,서울특별시 강남구 신사동,중상사고,0,1,0,1,차대차 - 기타,안전거리미확보,포장 - 건조,맑음,교차로 - 교차로안,승용,남,53세,상해없음,이륜,남,33세,중상
2020040400100032,2020년 4월 4일 02시,토요일,서울특별시 강남구 논현동,경상사고,0,0,1,0,차대차 - 측면충돌,안전운전불이행,포장 - 건조,맑음,단일로 - 기타,승용,여,22세,상해없음,승용,남,63세,경상
2020040400100050,2020년 4월 4일 04시,토요일,서울특별시 강남구 도곡동,경상사고,0,0,1,0,차대차 - 추돌,안전운전불이행,포장 - 건조,맑음,교차로 - 교차로부근,승용,남,27세,상해없음,승용,남,53세,경상
2020040400100274,2020년 4월 4일 14시,토요일,서울특별시 강남구 신사동,경상사고,0,0,3,0,차대차 - 기타,교차로운행방법위반,포장 - 건조,맑음,교차로 - 교차로안,승용,여,38세,경상,승용,남,59세,경상
2020040400100354,2020년 4월 4일 16시,토요일,서울특별시 강남구 논현동,경상사고,0,0,1,0,차대차 - 측면충돌,안전운전불이행,포장 - 건조,맑음,단일로 - 기타,승용,남,42세,기타불명,승용,여,26세,경상
2020040400100395,2020년 4월 4일 17시,토요일,서울특별시 강남구 역삼동,경상사고,0,0,1,0,차대차 - 측면충돌,직진우회전진행방해,포장 - 건조,맑음,교차로 - 교차로안,승용,남,28세,상해없음,승용,남,39세,경상
2020040400100398,2020년 4월 4일 17시,토요일,서울특별시 강남구 수서동,경상사고,0,0,2,0,차대차 - 추돌,안전운전불이행,포장 - 건조,맑음,단일로 - 기타,승용,남,73세,상해없음,승용,여,48세,경상
2020040400100440,2020년 4월 4일 18시,토요일,서울특별시 강남구 역삼동,부상신고사고,0,0,0,1,차대차 - 기타,안전운전불이행,포장 - 건조,맑음,단일로 - 기타,이륜,남,27세,부상신고,승용,남,30세,상해없음
2020040400100508,2020년 4월 4일 20시,토요일,서울특별시 강남구 청담동,사망사고,1,0,0,0,차대차 - 기타,차로위반,포장 - 건조,맑음,기타 - 기타,승용,남,36세,상해없음,이륜,남,63세,사망
2020040400100512,2020년 4월 4일 20시,토요일,서울특별시 강남구 역삼동,중상사고,0,1,0,0,차대차 - 기타,신호위반,포장 - 건조,맑음,교차로 - 교차로안,승용,남,49세,상해없음,이륜,남,28세,중상
2020040400100584,2020년 4월 4일 23시,토요일,서울특별시 강남구 논현동,경상사고,0,0,4,1,차대차 - 추돌,안전거리미확보,포장 - 건조,맑음,기타 - 기타,승용,남,60세,상해없음,승용,남,68세,경상
2020040400100586,2020년 4월 4일 23시,토요일,서울특별시 강남구 개포동,중상사고,0,3,0,0,차대차 - 추돌,안전운전불이행,포장 - 건조,맑음,교차로 - 교차로부근,화물,남,45세,중상,화물,남,41세,중상
2020040500100208,2020년 4월 5일 14시,일요일,서울특별시 강남구 역삼동,부상신고사고,0,0,0,1,차대차 - 기타,안전운전불이행,포장 - 건조,맑음,기타 - 기타,이륜,남,20세,부상신고,승용,남,55세,상해없음
2020040500100243,2020년 4월 5일 15시,일요일,서울특별시 강남구 신사동,경상사고,0,0,3,0,차대차 - 기타,안전거리미확보,포장 - 건조,맑음,기타 - 기타,승용,남,25세,상해없음,승용,남,36세,경상
2020040500100312,2020년 4월 5일 18시,일요일,서울특별시 강남구 수서동,경상사고,0,0,3,0,차대차 - 기타,안전운전불이행,포장 - 건조,맑음,단일로 - 기타,승용,남,64세,상해없음,승용,남,52세,경상
2020040500100338,2020년 4월 5일 19시,일요일,서울특별시 강남구 압구정동,경상사고,0,0,1,0,차대차 - 추돌,안전운전불이행,포장 - 건조,맑음,단일로 - 기타,승용,여,39세,상해없음,승용,여,33세,경상
2020040600100026,2020년 4월 6일 05시,월요일,서울특별시 강남구 일원동,부상신고사고,0,0,0,1,차대사람 - 횡단중,보행자보호의무위반,포장 - 건조,맑음,교차로 - 교차로횡단보도내,화물,남,57세,상해없음,보행자,여,85세,부상신고
2020040600100171,2020년 4월 6일 11시,월요일,서울특별시 강남구 삼성동,경상사고,0,0,1,0,차대차 - 기타,안전운전불이행,포장 - 건조,맑음,단일로 - 기타,승용,여,40세,상해없음,승합,남,62세,경상
2020040600100175,2020년 4월 6일 11시,월요일,서울특별시 강남구 수서동,경상사고,0,0,1,0,차대차 - 기타,안전거리미확보,포장 - 건조,맑음,교차로 - 교차로부근,승용,남,34세,상해없음,이륜,남,60세,경상
2020040600100201,2020년 4월 6일 12시,월요일,서울특별시 강남구 신사동,경상사고,0,0,1,0,차대사람 - 길가장자리구역통행중,안전운전불이행,포장 - 건조,맑음,단일로 - 기타,승용,남,30세,상해없음,보행자,남,49세,경상
2020040600100351,2020년 4월 6일 16시,월요일,서울특별시 강남구 삼성동,경상사고,0,0,1,0,차대차 - 후진중충돌,안전운전불이행,포장 - 건조,맑음,단일로 - 기타,승용,남,44세,기타불명,승용,남,62세,경상
2020040600100352,2020년 4월 6일 16시,월요일,서울특별시 강남구 신사동,경상사고,0,0,1,0,차대차 - 측면충돌,중앙선침범,포장 - 기타,맑음,단일로 - 기타,승용,남,68세,상해없음,이륜,남,36세,경상
2020040600100354,2020년 4월 6일 16시,월요일,서울특별시 강남구 도곡동,중상사고,0,1,0,0,차대차 - 기타,안전거리미확보,포장 - 건조,맑음,단일로 - 기타,승용,남,72세,상해없음,이륜,남,45세,중상
2020040600100456,2020년 4월 6일 19시,월요일,서울특별시 강남구 역삼동,경상사고,0,0,1,0,차대차 - 기타,교차로운행방법위반,포장 - 건조,맑음,교차로 - 교차로부근,승용,남,59세,상해없음,승용,남,58세,경상
2020040600100477,2020년 4월 6일 20시,월요일,서울특별시 강남구 논현동,경상사고,0,0,1,0,차량단독 - 기타,기타,포장 - 건조,맑음,단일로 - 기타,승합,남,54세,상해없음,,,,
2020040600100541,2020년 4월 6일 23시,월요일,서울특별시 강남구 대치동,경상사고,0,0,2,0,차대차 - 추돌,안전운전불이행,포장 - 건조,맑음,교차로 - 교차로부근,승용,남,43세,상해없음,승용,남,38세,경상