사고번호,사고일시,요일,시군구,사고내용,사망자수,중상자수,경상자수,부상신고자수,사고유형,법규위반,노면상태,기상상태,도로형태,가해운전자 차종,가해운전자 성별,가해운전자 연령,가해운전자 상해정도,피해운전자 차종,피해운전자 성별,피해운전자 연령,피해운전자 상해정도
2020040600100542,2020년 4월 6일 23시,월요일,서울특별시 강남구 논현동,경상사고,0,0,4,0,차대차 - 측면충돌,신호위반,포장 - 건조,맑음,교차로 - 교차로부근,승용,남,56세,경상,승용,남,28세,경상
2020040700100003,2020년 4월 7일 00시,화요일,서울특별시 강남구 역삼동,경상사고,0,0,1,0,차대사람 - 횡단중,안전운전불이행,포장 - 기타,기타,단일로 - 기타,승용,남,31세,상해없음,보행자,남,41세,경상
2020040700100022,2020년 4월 7일 03시,화요일,서울특별시 강남구 청담동,중상사고,0,1,4,0,차대차 - 추돌,안전운전불이행,포장 - 기타,맑음,단일로 - 기타,승용,남,30세,상해없음,승용,남,60세,중상
2020040700100195,2020년 4월 7일 12시,화요일,서울특별시 강남구 역삼동,경상사고,0,0,1,0,차대사람 - 기타,안전운전불이행,포장 - 건조,맑음,단일로 - 기타,승용,남,34세,상해없음,보행자,남,32세,경상
2020040700100431,2020년 4월 7일 19시,화요일,서울특별시 강남구 대치동,중상사고,0,1,0,0,차대차 - 측면충돌,안전거리미확보,포장 - 건조,맑음,교차로 - 교차로부근,승용,남,38세,상해없음,이륜,남,45세,중상
2020040700100432,2020년 4월 7일 19시,화요일,서울특별시 강남구 일원동,경상사고,0,0,2,1,차대차 - 기타,안전운전불이행,포장 - 건조,맑음,교차로 - 교차로부근,개인형이동수단(PM),여,68세,부상신고,승용,남,62세,경상
2020040700100520,2020년 4월 7일 22시,화요일,서울특별시 강남구 역삼동,중상사고,0,1,0,0,차대사람 - 기타,안전운전불이행,포장 - 건조,맑음,교차로 - 교차로부근,승용,남,28세,상해없음,보행자,남,32세,중상
2020040800100013,2020년 4월 8일 01시,수요일,서울특별시 강남구 논현동,경상사고,0,0,1,0,차대차 - 기타,기타,포장 - 건조,맑음,교차로 - 교차로안,기타불명,기타불명,미분류,기타불명,개인형이동수단(PM),여,34세,경상
2020040800100090,2020년 4월 8일 08시,수요일,서울특별시 강남구 자곡동,부상신고사고,0,0,0,1,차대차 - 측면충돌,안전운전불이행,포장 - 건조,맑음,단일로 - 기타,자전거,남,40세,부상신고,승용,남,58세,상해없음
2020040800100152,2020년 4월 8일 10시,수요일,서울특별시 강남구 논현동,부상신고사고,0,0,0,1,차대사람 - 기타,교차로운행방법위반,포장 - 건조,맑음,교차로 - 교차로안,승용,여,31세,상해없음,보행자,남,29세,부상신고
2020040800100213,2020년 4월 8일 12시,수요일,서울특별시 강남구 삼성동,부상신고사고,0,0,0,1,차대사람 - 기타,안전운전불이행,포장 - 건조,기타,단일로 - 기타,승용,남,36세,상해없음,보행자,여,68세,부상신고
2020040800100272,2020년 4월 8일 14시,수요일,서울특별시 강남구 대치동,경상사고,0,0,1,0,차대차 - 측면충돌,안전운전불이행,포장 - 건조,맑음,교차로 - 교차로안,승용,남,56세,상해없음,이륜,남,41세,경상
2020040800100309,2020년 4월 8일 15시,수요일,서울특별시 강남구 도곡동,경상사고,0,0,1,0,차대차 - 추돌,안전운전불이행,포장 - 건조,맑음,단일로 - 지하차도(도로)내,승용,남,57세,상해없음,승용,남,68세,경상
2020040800100375,2020년 4월 8일 17시,수요일,서울특별시 강남구 대치동,경상사고,0,0,2,0,차대차 - 측면충돌,안전운전불이행,포장 - 건조,맑음,단일로 - 기타,승용,여,25세,상해없음,승용,여,46세,경상
2020040800100376,2020년 4월 8일 17시,수요일,서울특별시 강남구 대치동,경상사고,0,0,1,0,차대사람 - 기타,안전운전불이행,포장 - 건조,맑음,단일로 - 기타,승용,남,29세,상해없음,보행자,남,37세,경상
2020040800100422,2020년 4월 8일 18시,수요일,서울특별시 강남구 개포동,경상사고,0,0,1,0,차대차 - 기타,신호위반,포장 - 건조,맑음,교차로 - 교차로안,승용,남,25세,상해없음,승용,남,36세,경상
2020040800100458,2020년 4월 8일 19시,수요일,서울특별시 강남구 수서동,경상사고,0,0,1,0,차대차 - 측면충돌,안전거리미확보,포장 - 건조,맑음,단일로 - 기타,승용,여,53세,상해없음,승용,남,50세,경상
2020040800100535,2020년 4월 8일 22시,수요일,서울특별시 강남구 청담동,중상사고,0,1,0,0,차량단독 - 기타,안전운전불이행,포장 - 기타,맑음,단일로 - 기타,승합,남,53세,상해없음,,,,
2020040900100023,2020년 4월 9일 02시,목요일,서울특별시 강남구 개포동,중상사고,0,1,0,0,차대차 - 기타,신호위반,포장 - 건조,기타,단일로 - 기타,승용,남,64세,상해없음,개인형이동수단(PM),남,37세,중상
2020040900100113,2020년 4월 9일 09시,목요일,서울특별시 강남구 청담동,경상사고,0,0,2,0,차대차 - 기타,안전거리미확보,포장 - 기타,맑음,단일로 - 기타,승용,남,60세,상해없음,승용,남,65세,경상
2020040900100114,2020년 4월 9일 09시,목요일,서울특별시 강남구 삼성동,경상사고,0,0,1,0,차대차 - 측면충돌,안전운전불이행,포장 - 건조,맑음,단일로 - 기타,승용,남,32세,상해없음,승용,여,48세,경상
2020040900100140,2020년 4월 9일 10시,목요일,서울특별시 강남구 논현동,경상사고,0,0,3,0,차대차 - 측면충돌,직진우회전진행방해,포장 - 건조,맑음,교차로 - 교차로안,승용,여,42세,경상,승용,남,71세,경상
2020040900100141,2020년 4월 9일 10시,목요일,서울특별시 강남구 논현동,중상사고,0,2,0,0,차대차 - 측면충돌,차로위반,포장 - 건조,맑음,기타 - 기타,승용,남,37세,상해없음,승용,남,38세,중상
2020040900100241,2020년 4월 9일 13시,목요일,서울특별시 강남구 역삼동,경상사고,0,0,1,0,차대차 - 추돌,안전거리미확보,포장 - 건조,맑음,교차로 - 교차로부근,이륜,남,43세,상해없음,승용,남,60세,경상
2020040900100304,2020년 4월 9일 15시,목요일,서울특별시 강남구 신사동,경상사고,0,0,2,0,차대차 - 정면충돌,안전운전불이행,포장 - 건조,맑음,교차로 - 교차로부근,승용,남,40세,경상,승용,여,45세,경상
2020040900100309,2020년 4월 9일 15시,목요일,서울특별시 강남구 대치동,중상사고,0,1,0,0,차대차 - 기타,안전거리미확보,포장 - 건조,맑음,단일로 - 기타,승용,남,62세,상해없음,이륜,남,52세,중상
2020040900100402,2020년 4월 9일 17시,목요일,서울특별시 강남구 역삼동,경상사고,0,0,1,0,차대차 - 측면충돌,안전운전불이행,포장 - 건조,맑음,주차장 - 주차장,승용,남,54세,상해없음,승용,남,32세,경상
2020040900100434,2020년 4월 9일 18시,목요일,서울특별시 강남구 청담동,경상사고,0,0,1,0,차대차 - 측면충돌,신호위반,포장 - 기타,맑음,단일로 - 기타,이륜,남,61세,경상,승용,남,37세,상해없음
2020040900100475,2020년 4월 9일 19시,목요일,서울특별시 강남구 논현동,경상사고,0,0,2,0,차대차 - 측면충돌,안전거리미확보,포장 - 건조,맑음,단일로 - 기타,화물,남,56세,경상,승용,남,37세,경상
2020040900100508,2020년 4월 9일 20시,목요일,서울특별시 강남구 삼성동,경상사고,0,0,1,0,차대차 - 기타,신호위반,포장 - 건조,맑음,기타 - 기타,이륜,남,25세,기타불명,승용,남,53세,경상
2020040900100535,2020년 4월 9일 21시,목요일,서울특별시 강남구 역삼동,경상사고,0,0,1,0,차대차 - 측면충돌,중앙선침범,포장 - 건조,맑음,교차로 - 교차로부근,개인형이동수단(PM),남,29세,경상,승용,남,58세,상해없음
2020041000100035,2020년 4월 10일 04시,금요일,서울특별시 강남구 논현동,경상사고,0,0,2,0,차대차 - 기타,안전거리미확보,포장 - 건조,맑음,단일로 - 기타,승용,남,64세,상해없음,승용,남,22세,상해없음
2020041000100090,2020년 4월 10일 08시,금요일,서울특별시 강남구 논현동,경상사고,0,0,1,0,차대차 - 기타,기타,포장 - 건조,맑음,기타 - 기타,승용,남,35세,상해없음,승용,남,65세,경상
2020041000100091,2020년 4월 10일 08시,금요일,서울특별시 강남구 압구정동,경상사고,0,0,1,0,차대차 - 측면충돌,안전운전불이행,포장 - 건조,맑음,단일로 - 기타,승용,여,36세,상해없음,승용,여,40세,경상
2020041000100140,2020년 4월 10일 10시,금요일,서울특별시 강남구 도곡동,경상사고,0,0,1,0,차대차 - 기타,안전거리미확보,포장 - 건조,맑음,단일로 - 기타,승용,여,60세,상해없음,승용,남,30세,경상
2020041000100172,2020년 4월 10일 11시,금요일,서울특별시 강남구 도곡동,경상사고,0,0,1,0,차대차 - 기타,안전운전불이행,포장 - 건조,맑음,단일로 - 기타,승용,남,61세,상해없음,화물,남,35세,경상
2020041000100208,2020년 4월 10일 12시,금요일,서울특별시 강남구 청담동,경상사고,0,0,2,0,차대차 - 측면충돌,안전거리미확보,포장 - 기타,맑음,단일로 - 기타,승용,여,29세,경상,승용,남,34세,경상
2020041000100276,2020년 4월 10일 14시,금요일,서울특별시 강남구 역삼동,경상사고,0,0,1,0,차대차 - 측면충돌,안전운전불이행,포장 - 건조,맑음,교차로 - 교차로부근,개인형이동수단(PM),남,20세,경상,화물,남,51세,상해없음
2020041000100316,2020년 4월 10일 15시,금요일,서울특별시 강남구 논현동,경상사고,0,0,1,1,차대차 - 측면충돌,직진우회전진행방해,포장 - 기타,맑음,교차로 - 교차로안,승용,남,29세,부상신고,승용,남,39세,경상
2020041000100456,2020년 4월 10일 19시,금요일,서울특별시 강남구 자곡동,중상사고,0,1,1,0,차대차 - 정면충돌,신호위반,포장 - 건조,맑음,교차로 - 교차로안,승용,남,43세,상해없음,승용,여,43세,중상
2020041100100045,2020년 4월 11일 03시,토요일,서울특별시 강남구 압구정동,경상사고,0,0,2,0,차대차 - 추돌,안전운전불이행,포장 - 건조,맑음,단일로 - 지하차도(도로)내,승용,여,33세,상해없음,승용,여,31세,경상
2020041100100046,2020년 4월 11일 03시,토요일,서울특별시 강남구 논현동,경상사고,0,0,1,0,차대사람 - 길가장자리구역통행중,안전운전불이행,포장 - 건조,맑음,단일로 - 기타,기타불명,기타불명,미분류,기타불명,보행자,남,33세,경상
2020041100100047,2020년 4월 11일 03시,토요일,서울특별시 강남구 역삼동,경상사고,0,0,1,0,차대차 - 기타,신호위반,포장 - 건조,맑음,교차로 - 교차로안,이륜,남,46세,상해없음,이륜,남,28세,경상
2020041100100048,2020년 4월 11일 03시,토요일,서울특별시 강남구 논현동,경상사고,0,0,1,0,차대차 - 측면충돌,안전운전불이행,포장 - 건조,맑음,기타 - 기타,승용,남,24세,상해없음,승용,남,22세,경상
2020041100100158,2020년 4월 11일 11시,토요일,서울특별시 강남구 논현동,경상사고,0,0,1,0,차대사람 - 횡단중,보행자보호의무위반,포장 - 건조,맑음,단일로 - 기타,승용,남,63세,상해없음,보행자,남,34세,경상
2020041100100159,2020년 4월 11일 11시,토요일,서울특별시 강남구 압구정동,경상사고,0,0,1,0,차대사람 - 횡단중,안전운전불이행,포장 - 건조,맑음,단일로 - 기타,자전거,남,40세,상해없음,보행자,여,18세,경상
2020041100100160,2020년 4월 11일 11시,토요일,서울특별시 강남구 역삼동,경상사고,0,0,1,0,차대사람 - 길가장자리구역통행중,안전운전불이행,포장 - 건조,맑음,단일로 - 기타,원동기,남,27세,상해없음,보행자,남,72세,경상
2020041100100162,2020년 4월 11일 11시,토요일,서울특별시 강남구 개포동,부상신고사고,0,0,0,1,차대사람 - 기타,안전운전불이행,포장 - 건조,맑음,교차로 - 교차로부근,건설기계,남,47세,기타불명,보행자,여,19세,부상신고
2020041100100194,2020년 4월 11일 12시,토요일,서울특별시 강남구 자곡동,부상신고사고,0,0,0,1,차대사람 - 기타,안전운전불이행,포장 - 건조,맑음,교차로 - 교차로안,승용,남,31세,상해없음,보행자,남,68세,부상신고
2020041100100224,2020년 4월 11일 13시,토요일,서울특별시 강남구 신사동,경상사고,0,0,1,0,차대사람 - 기타,안전운전불이행,포장 - 건조,맑음,단일로 - 기타,승용,여,40세,상해없음,보행자,남,24세,경상
2020041100100227,2020년 4월 11일 13시,토요일,서울특별시 강남구 개포동,경상사고,0,0,1,0,차대차 - 추돌,안전운전불이행,포장 - 건조,맑음,단일로 - 기타,승용,남,34세,상해없음,승용,남,56세,경상
2020041100100257,2020년 4월 11일 14시,토요일,서울특별시 강남구 삼성동,부상신고사고,0,0,0,1,차대차 - 측면충돌,안전운전불이행,포장 - 건조,맑음,기타 - 기타,자전거,남,44세,상해없음,자전거,남,27세,부상신고
2020041100100262,2020년 4월 11일 14시,토요일,서울특별시 강남구 세곡동,경상사고,0,0,3,0,차대차 - 정면충돌,신호위반,포장 - 건조,맑음,교차로 - 교차로안,승용,남,37세,경상,승용,남,52세,경상
2020041100100295,2020년 4월 11일 15시,토요일,서울특별시 강남구 논현동,경상사고,0,0,2,0,차대차 - 기타,안전거리미확보,포장 - 건조,맑음,기타 - 기타,승용,남,35세,경상,승용,여,30세,경상
2020041100100336,2020년 4월 11일 16시,토요일,서울특별시 강남구 역삼동,경상사고,0,0,2,0,차대차 - 측면충돌,안전운전불이행,포장 - 건조,맑음,교차로 - 교차로부근,승용,남,62세,상해없음,승합,여,47세,경상
2020041100100504,2020년 4월 11일 21시,토요일,서울특별시 강남구 청담동,중상사고,0,1,0,0,차대차 - 기타,중앙선침범,포장 - 건조,맑음,단일로 - 기타,개인형이동수단(PM),여,20세,중상,승용,남,55세,상해없음
2020041200100063,2020년 4월 12일 05시,일요일,서울특별시 강남구 삼성동,경상사고,0,0,1,0,차대차 - 후진중충돌,안전운전불이행,포장 - 건조,흐림,기타 - 기타,승용,남,24세,상해없음,승용,남,47세,경상
2020041200100159,2020년 4월 12일 12시,일요일,서울특별시 강남구 청담동,경상사고,0,0,1,0,차대사람 - 기타,교차로운행방법위반,포장 - 건조,맑음,교차로 - 교차로안,승용,남,32세,상해없음,보행자,여,27세,경상
2020041200100338,2020년 4월 12일 19시,일요일,서울특별시 강남구 세곡동,경상사고,0,0,6,0,차대차 - 기타,안전운전불이행,포장 - 건조,맑음,단일로 - 기타,승용,남,54세,상해없음,승용,여,33세,경상
2020041300100104,2020년 4월 13일 09시,월요일,서울특별시 강남구 역삼동,부상신고사고,0,0,0,1,차대차 - 기타,중앙선침범,포장 - 건조,맑음,단일로 - 기타,개인형이동수단(PM),여,26세,부상신고,이륜,남,53세,상해없음
2020041300100136,2020년 4월 13일 10시,월요일,서울특별시 강남구 대치동,부상신고사고,0,0,0,1,차대차 - 기타,안전운전불이행,포장 - 건조,맑음,단일로 - 기타,개인형이동수단(PM),남,27세,부상신고,화물,남,72세,상해없음
2020041300100157,2020년 4월 13일 11시,월요일,서울특별시 강남구 역삼동,경상사고,0,0,1,0,차대차 - 측면충돌,안전운전불이행,포장 - 건조,맑음,교차로 - 교차로안,승용,남,45세,기타불명,승용,남,34세,경상
2020041300100193,2020년 4월 13일 12시,월요일,서울특별시 강남구 역삼동,경상사고,0,0,1,0,차대차 - 측면충돌,교차로운행방법위반,포장 - 건조,맑음,단일로 - 기타,건설기계,남,51세,상해없음,승용,남,59세,경상
2020041300100363,2020년 4월 13일 17시,월요일,서울특별시 강남구 신사동,중상사고,0,1,0,0,차대차 - 기타,안전운전불이행,포장 - 건조,맑음,단일로 - 기타,승용,여,29세,상해없음,이륜,남,24세,중상
2020041300100415,2020년 4월 13일 18시,월요일,서울특별시 강남구 청담동,중상사고,0,1,0,0,차대사람 - 기타,안전운전불이행,포장 - 건조,맑음,교차로 - 교차로안,승용,남,47세,상해없음,보행자,여,24세,중상
2020041300100416,2020년 4월 13일 18시,월요일,서울특별시 강남구 논현동,중상사고,0,1,0,0,차대차 - 기타,안전운전불이행,포장 - 기타,맑음,교차로 - 교차로부근,이륜,남,41세,중상,승용,남,50세,상해없음
2020041300100463,2020년 4월 13일 19시,월요일,서울특별시 강남구 역삼동,경상사고,0,0,1,0,차대사람 - 기타,기타,포장 - 건조,맑음,기타 - 기타,개인형이동수단(PM),남,37세,상해없음,보행자,여,30세,경상
2020041300100547,2020년 4월 13일 21시,월요일,서울특별시 강남구 역삼동,중상사고,0,1,0,0,차대사람 - 횡단중,중앙선침범,포장 - 건조,맑음,교차로 - 교차로부근,개인형이동수단(PM),남,27세,상해없음,보행자,여,47세,중상
2020041400100018,2020년 4월 14일 01시,화요일,서울특별시 강남구 대치동,경상사고,0,0,1,0,차대사람 - 기타,기타,포장 - 건조,맑음,기타 - 기타,자전거,여,29세,상해없음,보행자,남,50세,경상
2020041400100019,2020년 4월 14일 01시,화요일,서울특별시 강남구 개포동,중상사고,0,1,0,0,차대차 - 측면충돌,신호위반,포장 - 건조,맑음,단일로 - 터널,승용,남,30세,상해없음,승용,남,41세,중상
2020041400100059,2020년 4월 14일 07시,화요일,서울특별시 강남구 도곡동,경상사고,0,0,1,0,차대차 - 기타,안전거리미확보,포장 - 건조,맑음,교차로 - 교차로부근,승용,남,33세,상해없음,승용,여,31세,경상
2020041400100110,2020년 4월 14일 09시,화요일,서울특별시 강남구 삼성동,부상신고사고,0,0,0,1,차대차 - 기타,안전운전불이행,포장 - 건조,맑음,단일로 - 기타,자전거,남,74세,부상신고,승용,남,25세,상해없음
2020041400100141,2020년 4월 14일 10시,화요일,서울특별시 강남구 청담동,중상사고,0,1,0,0,차대차 - 기타,안전거리미확보,포장 - 건조,맑음,기타 - 기타,승용,여,44세,상해없음,이륜,남,29세,중상
2020041400100197,2020년 4월 14일 12시,화요일,서울특별시 강남구 논현동,부상신고사고,0,0,0,1,차대차 - 기타,안전거리미확보,포장 - 건조,맑음,교차로 - 교차로부근,화물,남,74세,상해없음,승용,여,39세,부상신고
2020041400100236,2020년 4월 14일 13시,화요일,서울특별시 강남구 신사동,부상신고사고,0,0,0,1,차대차 - 기타,기타,포장 - 건조,맑음,기타 - 기타,개인형이동수단(PM),남,29세,부상신고,승용,남,50세,상해없음
2020041400100239,2020년 4월 14일 13시,화요일,서울특별시 강남구 역삼동,중상사고,0,1,0,0,차대사람 - 횡단중,신호위반,포장 - 건조,맑음,단일로 - 기타,승용,여,35세,상해없음,보행자,남,51세,중상
2020041400100273,2020년 4월 14일 14시,화요일,서울특별시 강남구 역삼동,경상사고,0,0,1,0,차대차 - 후진중충돌,불법유턴,포장 - 건조,맑음,교차로 - 교차로부근,승용,남,61세,상해없음,승용,남,30세,경상
2020041400100277,2020년 4월 14일 14시,화요일,서울특별시 강남구 대치동,부상신고사고,0,0,0,1,차량단독 - 기타,안전거리미확보,포장 - 건조,맑음,단일로 - 기타,이륜,남,26세,부상신고,,,,
2020041400100298,2020년 4월 14일 15시,화요일,서울특별시 강남구 압구정동,중상사고,0,1,1,0,차대차 - 측면충돌,안전운전불이행,포장 - 건조,맑음,교차로 - 교차로안,승용,여,69세,경상,승용,남,61세,중상
2020041400100365,2020년 4월 14일 17시,화요일,서울특별시 강남구 역삼동,경상사고,0,0,1,0,차대차 - 기타,차로위반,포장 - 건조,맑음,단일로 - 기타,승용,남,36세,상해없음,승용,남,63세,경상
2020041400100422,2020년 4월 14일 18시,화요일,서울특별시 강남구 신사동,경상사고,0,0,1,0,차대사람 - 기타,안전운전불이행,포장 - 건조,맑음,기타 - 기타,승용,남,55세,상해없음,보행자,여,27세,경상
2020041400100431,2020년 4월 14일 18시,화요일,서울특별시 강남구 수서동,경상사고,0,0,1,0,차대차 - 추돌,안전거리미확보,포장 - 건조,맑음,교차로 - 교차로안,승용,남,35세,상해없음,승용,여,31세,경상
2020041400100504,2020년 4월 14일 20시,화요일,서울특별시 강남구 신사동,경상사고,0,0,1,0,차대차 - 추돌,안전운전불이행,포장 - 기타,맑음,단일로 - 기타,승용,남,38세,상해없음,승용,남,60세,경상
2020041400100533,2020년 4월 14일 21시,화요일,서울특별시 강남구 삼성동,경상사고,0,0,3,0,차대차 - 추돌,안전운전불이행,포장 - 건조,맑음,단일로 - 기타,승용,남,54세,상해없음,승용,남,59세,경상
2020041400100534,2020년 4월 14일 21시,화요일,서울특별시 강남구 청담동,중상사고,0,2,0,0,차대차 - 추돌,안전운전불이행,포장 - 건조,맑음,단일로 - 지하차도(도로)내,승용,남,36세,상해없음,승용,남,41세,중상
2020041400100559,2020년 4월 14일 22시,화요일,서울특별시 강남구 신사동,경상사고,0,0,1,0,차대차 - 기타,기타,포장 - 건조,맑음,단일로 - 기타,승용,남,46세,상해없음,승용,남,45세,상해없음
2020041400100583,2020년 4월 14일 23시,화요일,서울특별시 강남구 압구정동,경상사고,0,0,1,0,차대차 - 측면충돌,직진우회전진행방해,포장 - 건조,맑음,교차로 - 교차로안,승용,남,31세,상해없음,승용,남,53세,경상
2020041500100019,2020년 4월 15일 01시,수요일,서울특별시 강남구 논현동,경상사고,0,0,1,0,차대차 - 측면충돌,안전운전불이행,포장 - 기타,맑음,단일로 - 기타,승용,남,58세,상해없음,승용,남,59세,경상
2020041500100037,2020년 4월 15일 02시,수요일,서울특별시 강남구 역삼동,중상사고,0,1,0,0,차대사람 - 기타,신호위반,포장 - 기타,기타,단일로 - 기타,승용,남,62세,상해없음,보행자,여,23세,중상
2020041500100038,2020년 4월 15일 02시,수요일,서울특별시 강남구 개포동,경상사고,0,0,1,0,차대차 - 추돌,안전운전불이행,포장 - 건조,맑음,단일로 - 기타,승용,남,33세,상해없음,승용,여,32세,경상
2020041500100104,2020년 4월 15일 09시,수요일,서울특별시 강남구 삼성동,경상사고,0,0,1,0,차대차 - 측면충돌,신호위반,포장 - 건조,맑음,교차로 - 교차로안,원동기,남,27세,경상,승용,남,62세,상해없음
2020041500100172,2020년 4월 15일 12시,수요일,서울특별시 강남구 개포동,부상신고사고,0,0,0,1,차대차 - 기타,안전운전불이행,포장 - 건조,맑음,교차로 - 교차로부근,승용,여,74세,상해없음,이륜,남,69세,부상신고
2020041500100220,2020년 4월 15일 14시,수요일,서울특별시 강남구 청담동,경상사고,0,0,1,0,차대차 - 측면충돌,안전운전불이행,포장 - 건조,맑음,교차로 - 교차로안,승용,남,54세,상해없음,이륜,남,27세,경상
2020041500100391,2020년 4월 15일 19시,수요일,서울특별시 강남구 논현동,경상사고,0,0,3,0,차대차 - 추돌,안전거리미확보,포장 - 건조,맑음,단일로 - 기타,승용,남,52세,상해없음,승용,남,68세,경상
2020041500100433,2020년 4월 15일 21시,수요일,서울특별시 강남구 도곡동,경상사고,0,0,3,0,차대차 - 측면충돌,안전운전불이행,포장 - 건조,맑음,단일로 - 기타,승용,여,50세,상해없음,승용,남,58세,경상
2020041600100071,2020년 4월 16일 08시,목요일,서울특별시 강남구 수서동,중상사고,0,1,0,0,차대사람 - 기타,안전운전불이행,포장 - 건조,맑음,단일로 - 기타,승용,남,51세,상해없음,보행자,여,62세,중상
2020041600100117,2020년 4월 16일 10시,목요일,서울특별시 강남구 삼성동,경상사고,0,0,2,0,차대차 - 측면충돌,안전운전불이행,포장 - 건조,맑음,교차로 - 교차로부근,승용,남,42세,기타불명,승용,남,45세,경상
2020041600100264,2020년 4월 16일 15시,목요일,서울특별시 강남구 대치동,경상사고,0,0,1,0,차량단독 - 기타,안전운전불이행,포장 - 건조,맑음,단일로 - 터널,원동기,남,28세,경상,,,,
2020041600100306,2020년 4월 16일 16시,목요일,서울특별시 강남구 대치동,경상사고,0,0,2,3,차대차 - 기타,안전거리미확보,포장 - 건조,맑음,단일로 - 기타,승용,남,52세,부상신고,승용,남,56세,상해없음
2020041600100362,2020년 4월 16일 18시,목요일,서울특별시 강남구 논현동,경상사고,0,0,1,1,차대차 - 측면충돌,교차로운행방법위반,포장 - 기타,맑음,교차로 - 교차로부근,승용,남,67세,부상신고,승용,여,27세,경상
2020041600100403,2020년 4월 16일 19시,목요일,서울특별시 강남구 신사동,경상사고,0,0,1,0,차대사람 - 길가장자리구역통행중,안전운전불이행,포장 - 건조,맑음,단일로 - 기타,기타불명,기타불명,미분류,기타불명,보행자,남,21세,경상
2020041600100404,2020년 4월 16일 19시,목요일,서울특별시 강남구 압구정동,경상사고,0,0,1,0,차대차 - 기타,안전운전불이행,포장 - 건조,맑음,단일로 - 기타,자전거,남,54세,경상,승용,남,35세,상해없음
2020041600100497,2020년 4월 16일 22시,목요일,서울특별시 강남구 대치동,경상사고,0,0,2,0,차대차 - 기타,안전운전불이행,포장 - 건조,맑음,단일로 - 기타,승용,남,48세,상해없음,승용,여,47세,경상
2020041600100512,2020년 4월 16일 23시,목요일,서울특별시 강남구 압구정동,경상사고,0,0,1,0,차대차 - 추돌,안전운전불이행,포장 - 건조,맑음,교차로 - 교차로부근,승용,남,41세,상해없음,승용,남,65세,경상
2020041700100055,2020년 4월 17일 07시,금요일,서울특별시 강남구 역삼동,경상사고,0,0,1,0,차대사람 - 횡단중,보행자보호의무위반,포장 - 건조,맑음,단일로 - 기타,승용,남,46세,상해없음,보행자,여,26세,경상
2020041700100070,2020년 4월 17일 08시,금요일,서울특별시 강남구 대치동,경상사고,0,0,1,0,차대차 - 측면충돌,신호위반,포장 - 젖음/습기,흐림,교차로 - 교차로안,승용,남,24세,상해없음,승용,남,35세,경상
2020041700100104,2020년 4월 17일 09시,금요일,서울특별시 강남구 도곡동,경상사고,0,0,1,0,차대차 - 기타,교차로운행방법위반,포장 - 건조,맑음,교차로 - 교차로안,승합,남,54세,상해없음,승용,남,33세,경상
2020041700100206,2020년 4월 17일 13시,금요일,서울특별시 강남구 청담동,경상사고,0,0,1,0,차대차 - 측면충돌,신호위반,포장 - 젖음/습기,비,교차로 - 교차로안,승용,남,65세,상해없음,이륜,남,60세,경상
2020041700100243,2020년 4월 17일 14시,금요일,서울특별시 강남구 논현동,경상사고,0,0,5,0,차대차 - 기타,안전운전불이행,포장 - 젖음/습기,비,단일로 - 기타,승용,남,52세,상해없음,승용,남,24세,상해없음
2020041700100270,2020년 4월 17일 15시,금요일,서울특별시 강남구 대치동,경상사고,0,0,1,0,차대차 - 기타,직진우회전진행방해,포장 - 건조,맑음,교차로 - 교차로안,승용,남,32세,상해없음,이륜,남,35세,경상
2020041700100271,2020년 4월 17일 15시,금요일,서울특별시 강남구 역삼동,경상사고,0,0,1,0,차대차 - 추돌,안전거리미확보,포장 - 건조,맑음,단일로 - 기타,승용,남,57세,상해없음,이륜,남,23세,경상
2020041700100272,2020년 4월 17일 15시,금요일,서울특별시 강남구 역삼동,경상사고,0,0,1,0,차대차 - 기타,안전운전불이행,포장 - 젖음/습기,비,단일로 - 기타,기타불명,기타불명,미분류,기타불명,이륜,남,42세,경상
2020041700100341,2020년 4월 17일 17시,금요일,서울특별시 강남구 역삼동,경상사고,0,0,1,0,차대차 - 기타,기타,포장 - 건조,맑음,교차로 - 교차로부근,기타불명,기타불명,미분류,기타불명,이륜,남,38세,경상
2020041700100445,2020년 4월 17일 20시,금요일,서울특별시 강남구 대치동,부상신고사고,0,0,0,1,차대사람 - 기타,안전운전불이행,포장 - 건조,맑음,단일로 - 기타,승용,남,55세,상해없음,보행자,남,60세,부상신고
2020041700100465,2020년 4월 17일 21시,금요일,서울특별시 강남구 역삼동,경상사고,0,0,1,0,차대차 - 기타,안전운전불이행,포장 - 건조,맑음,단일로 - 기타,승용,여,28세,상해없음,승용,남,29세,경상
2020041700100532,2020년 4월 17일 23시,금요일,서울특별시 강남구 대치동,경상사고,0,0,1,0,차대차 - 기타,안전운전불이행,포장 - 건조,맑음,교차로 - 교차로부근,승용,여,34세,상해없음,승용,남,22세,경상
2020041700100533,2020년 4월 17일 23시,금요일,서울특별시 강남구 대치동,부상신고사고,0,0,0,2,차대차 - 측면충돌,안전거리미확보,포장 - 건조,맑음,단일로 - 기타,승용,남,29세,부상신고,승용,남,73세,부상신고