사고번호,사고일시,요일,시군구,사고내용,사망자수,중상자수,경상자수,부상신고자수,사고유형,법규위반,노면상태,기상상태,도로형태,가해운전자 차종,가해운전자 성별,가해운전자 연령,가해운전자 상해정도,피해운전자 차종,피해운전자 성별,피해운전자 연령,피해운전자 상해정도
2020051100100506,2020년 5월 11일 18시,월요일,서울특별시 강남구 역삼동,경상사고,0,0,1,0,차대차 - 기타,안전운전불이행,포장 - 건조,맑음,교차로 - 교차로부근,이륜,남,31세,경상,승용,남,28세,상해없음
2020051100100632,2020년 5월 11일 22시,월요일,서울특별시 강남구 삼성동,경상사고,0,0,1,0,차대사람 - 보도통행중,안전운전불이행,포장 - 건조,맑음,기타 - 기타,기타불명,기타불명,미분류,기타불명,보행자,남,45세,경상
2020051100100657,2020년 5월 11일 23시,월요일,서울특별시 강남구 논현동,경상사고,0,0,1,0,차대차 - 추돌,안전운전불이행,포장 - 젖음/습기,맑음,교차로 - 교차로안,승용,남,70세,상해없음,승용,남,52세,경상
2020051200100028,2020년 5월 12일 02시,화요일,서울특별시 강남구 역삼동,경상사고,0,0,1,0,차대차 - 기타,직진우회전진행방해,포장 - 건조,맑음,교차로 - 교차로안,이륜,남,48세,경상,승용,남,55세,상해없음
2020051200100029,2020년 5월 12일 02시,화요일,서울특별시 강남구 역삼동,중상사고,0,1,0,0,차대차 - 기타,기타,포장 - 건조,맑음,단일로 - 기타,승용,남,55세,상해없음,승용,남,28세,기타불명
2020051200100106,2020년 5월 12일 08시,화요일,서울특별시 강남구 신사동,경상사고,0,0,1,0,차대차 - 기타,안전운전불이행,포장 - 건조,맑음,기타 - 기타,승용,남,65세,상해없음,이륜,여,34세,경상
2020051200100207,2020년 5월 12일 11시,화요일,서울특별시 강남구 신사동,경상사고,0,0,1,0,차대차 - 추돌,신호위반,포장 - 건조,맑음,단일로 - 기타,승용,남,39세,상해없음,이륜,남,28세,경상
2020051200100210,2020년 5월 12일 11시,화요일,서울특별시 강남구 대치동,경상사고,0,0,1,0,차대차 - 측면충돌,안전운전불이행,포장 - 건조,맑음,교차로 - 교차로안,승용,여,68세,상해없음,승용,남,71세,경상
2020051200100386,2020년 5월 12일 17시,화요일,서울특별시 강남구 삼성동,경상사고,0,0,1,0,차대차 - 기타,안전거리미확보,포장 - 건조,맑음,단일로 - 기타,승용,남,27세,상해없음,승용,남,59세,경상
2020051200100387,2020년 5월 12일 17시,화요일,서울특별시 강남구 삼성동,경상사고,0,0,2,1,차대차 - 기타,안전거리미확보,포장 - 건조,맑음,단일로 - 기타,승용,여,24세,경상,화물,남,66세,경상
2020051200100547,2020년 5월 12일 21시,화요일,서울특별시 강남구 대치동,경상사고,0,0,5,0,차대차 - 추돌,안전운전불이행,포장 - 건조,맑음,단일로 - 기타,승용,남,49세,상해없음,승용,남,47세,경상
2020051200100548,2020년 5월 12일 21시,화요일,서울특별시 강남구 역삼동,경상사고,0,0,2,0,차대차 - 측면충돌,안전운전불이행,포장 - 젖음/습기,비,교차로 - 교차로부근,승용,남,36세,상해없음,승용,여,34세,경상
2020051300100001,2020년 5월 13일 00시,수요일,서울특별시 강남구 청담동,경상사고,0,0,3,0,차대차 - 추돌,안전운전불이행,포장 - 건조,맑음,단일로 - 기타,승용,남,36세,상해없음,승용,남,25세,경상
2020051300100034,2020년 5월 13일 02시,수요일,서울특별시 강남구 삼성동,경상사고,0,0,1,0,차대사람 - 보도통행중,안전운전불이행,포장 - 건조,맑음,기타 - 기타,승용,남,75세,상해없음,보행자,여,32세,경상
2020051300100043,2020년 5월 13일 04시,수요일,서울특별시 강남구 논현동,경상사고,0,0,1,0,차대차 - 기타,신호위반,포장 - 건조,맑음,단일로 - 기타,기타불명,기타불명,미분류,기타불명,자전거,남,44세,경상
2020051300100048,2020년 5월 13일 05시,수요일,서울특별시 강남구 역삼동,중상사고,0,1,0,0,차대차 - 측면충돌,안전운전불이행,포장 - 건조,맑음,단일로 - 기타,개인형이동수단(PM),여,28세,중상,승용,남,29세,상해없음
2020051300100310,2020년 5월 13일 14시,수요일,서울특별시 강남구 일원동,중상사고,0,1,0,0,차대차 - 기타,안전운전불이행,포장 - 건조,맑음,단일로 - 기타,승용,여,62세,상해없음,자전거,남,12세,중상
2020051300100348,2020년 5월 13일 15시,수요일,서울특별시 강남구 논현동,경상사고,0,0,1,0,차대차 - 기타,안전거리미확보,포장 - 건조,맑음,기타 - 기타,이륜,남,73세,상해없음,승용,여,32세,경상
2020051300100349,2020년 5월 13일 15시,수요일,서울특별시 강남구 논현동,경상사고,0,0,1,0,차대차 - 측면충돌,직진우회전진행방해,포장 - 기타,맑음,교차로 - 교차로안,승용,남,37세,경상,승용,남,47세,상해없음
2020051300100392,2020년 5월 13일 16시,수요일,서울특별시 강남구 역삼동,경상사고,0,0,1,0,차대차 - 기타,안전운전불이행,포장 - 건조,맑음,단일로 - 기타,승용,남,47세,상해없음,승용,남,49세,경상
2020051300100436,2020년 5월 13일 17시,수요일,서울특별시 강남구 역삼동,경상사고,0,0,2,0,차대차 - 측면충돌,기타,포장 - 건조,맑음,단일로 - 기타,승용,남,67세,상해없음,승용,남,27세,경상
2020051300100441,2020년 5월 13일 17시,수요일,서울특별시 강남구 역삼동,중상사고,0,1,0,0,차대사람 - 기타,안전운전불이행,포장 - 건조,맑음,단일로 - 기타,승용,남,48세,상해없음,보행자,남,49세,중상
2020051300100442,2020년 5월 13일 17시,수요일,서울특별시 강남구 대치동,경상사고,0,0,1,0,차대차 - 기타,교차로운행방법위반,포장 - 건조,맑음,교차로 - 교차로안,승용,남,62세,상해없음,승용,남,34세,경상
2020051300100579,2020년 5월 13일 20시,수요일,서울특별시 강남구 자곡동,중상사고,0,1,0,0,차대차 - 기타,안전운전불이행,포장 - 건조,맑음,교차로 - 교차로횡단보도내,승용,여,69세,상해없음,개인형이동수단(PM),남,39세,중상
2020051300100620,2020년 5월 13일 22시,수요일,서울특별시 강남구 대치동,경상사고,0,0,2,0,차대사람 - 기타,안전운전불이행,포장 - 건조,맑음,교차로 - 교차로안,승용,남,49세,상해없음,보행자,남,42세,경상
2020051400100056,2020년 5월 14일 07시,목요일,서울특별시 강남구 청담동,경상사고,0,0,2,0,차대차 - 기타,안전운전불이행,포장 - 건조,맑음,단일로 - 기타,승용,남,29세,상해없음,승용,남,42세,경상
2020051400100112,2020년 5월 14일 09시,목요일,서울특별시 강남구 일원동,경상사고,0,0,1,0,차대사람 - 기타,안전운전불이행,포장 - 건조,맑음,기타 - 기타,승용,여,64세,상해없음,보행자,여,86세,경상
2020051400100113,2020년 5월 14일 09시,목요일,서울특별시 강남구 수서동,경상사고,0,0,1,0,차대차 - 측면충돌,안전거리미확보,포장 - 건조,맑음,단일로 - 기타,승용,남,69세,상해없음,승용,남,60세,경상
2020051400100180,2020년 5월 14일 11시,목요일,서울특별시 강남구 세곡동,부상신고사고,0,0,0,1,차대차 - 추돌,안전거리미확보,포장 - 건조,맑음,교차로 - 교차로안,화물,남,53세,상해없음,승용,남,65세,상해없음
2020051400100221,2020년 5월 14일 12시,목요일,서울특별시 강남구 대치동,경상사고,0,0,1,0,차대차 - 기타,안전운전불이행,포장 - 건조,맑음,교차로 - 교차로안,자전거,남,14세,경상,승용,남,61세,상해없음
2020051400100319,2020년 5월 14일 15시,목요일,서울특별시 강남구 역삼동,경상사고,0,0,1,0,차대사람 - 기타,안전운전불이행,포장 - 건조,맑음,단일로 - 기타,승용,남,44세,상해없음,보행자,여,26세,경상
2020051400100390,2020년 5월 14일 17시,목요일,서울특별시 강남구 신사동,부상신고사고,0,0,0,2,차대차 - 기타,안전거리미확보,포장 - 건조,맑음,단일로 - 기타,승용,여,27세,상해없음,승용,여,31세,부상신고
2020051400100488,2020년 5월 14일 19시,목요일,서울특별시 강남구 압구정동,경상사고,0,0,1,0,차대차 - 후진중충돌,안전운전불이행,포장 - 건조,맑음,단일로 - 교량,화물,남,48세,상해없음,승용,남,32세,경상
2020051500100017,2020년 5월 15일 01시,금요일,서울특별시 강남구 삼성동,중상사고,0,1,0,0,차대차 - 정면충돌,안전운전불이행,포장 - 건조,맑음,단일로 - 기타,승용,남,41세,상해없음,이륜,남,59세,중상
2020051500100061,2020년 5월 15일 06시,금요일,서울특별시 강남구 역삼동,경상사고,0,0,2,0,차대차 - 추돌,안전운전불이행,포장 - 젖음/습기,비,단일로 - 기타,승용,남,42세,상해없음,승용,남,29세,경상
2020051500100132,2020년 5월 15일 09시,금요일,서울특별시 강남구 수서동,경상사고,0,0,1,0,차대차 - 추돌,안전거리미확보,포장 - 젖음/습기,비,단일로 - 기타,승용,남,60세,상해없음,승용,남,57세,경상
2020051500100276,2020년 5월 15일 14시,금요일,서울특별시 강남구 신사동,부상신고사고,0,0,0,1,차대사람 - 기타,안전운전불이행,포장 - 젖음/습기,비,단일로 - 기타,승용,남,50세,상해없음,보행자,여,24세,부상신고
2020051500100277,2020년 5월 15일 14시,금요일,서울특별시 강남구 신사동,경상사고,0,0,2,0,차대차 - 기타,안전거리미확보,포장 - 기타,기타,단일로 - 기타,승용,남,67세,상해없음,승용,남,32세,경상
2020051500100309,2020년 5월 15일 15시,금요일,서울특별시 강남구 논현동,경상사고,0,0,1,0,차대차 - 기타,안전운전불이행,포장 - 기타,맑음,단일로 - 기타,기타불명,기타불명,미분류,기타불명,승용,여,44세,경상
2020051500100397,2020년 5월 15일 17시,금요일,서울특별시 강남구 신사동,경상사고,0,0,1,1,차대차 - 기타,안전거리미확보,포장 - 건조,맑음,단일로 - 기타,승용,남,59세,부상신고,승용,남,52세,경상
2020051500100398,2020년 5월 15일 17시,금요일,서울특별시 강남구 신사동,경상사고,0,0,1,0,차대사람 - 기타,안전운전불이행,포장 - 건조,맑음,단일로 - 기타,승용,남,33세,상해없음,보행자,남,34세,경상
2020051500100527,2020년 5월 15일 20시,금요일,서울특별시 강남구 신사동,중상사고,0,2,1,0,차대차 - 기타,신호위반,포장 - 기타,기타,단일로 - 기타,승용,여,60세,상해없음,승용,남,56세,경상
2020051500100531,2020년 5월 15일 20시,금요일,서울특별시 강남구 역삼동,경상사고,0,0,2,0,차대사람 - 횡단중,보행자보호의무위반,포장 - 건조,맑음,단일로 - 기타,승용,여,25세,상해없음,보행자,여,44세,경상
2020051600100003,2020년 5월 16일 00시,토요일,서울특별시 강남구 대치동,경상사고,0,0,1,0,차대차 - 추돌,안전운전불이행,포장 - 건조,맑음,단일로 - 기타,승용,남,28세,상해없음,승용,남,31세,경상
2020051600100103,2020년 5월 16일 08시,토요일,서울특별시 강남구 대치동,경상사고,0,0,2,0,차대차 - 기타,차로위반,포장 - 건조,맑음,교차로 - 교차로부근,승용,남,58세,상해없음,승용,남,74세,경상
2020051600100123,2020년 5월 16일 09시,토요일,서울특별시 강남구 대치동,경상사고,0,0,1,0,차대차 - 추돌,신호위반,포장 - 젖음/습기,비,교차로 - 교차로안,승용,남,73세,상해없음,승용,남,52세,경상
2020051600100139,2020년 5월 16일 10시,토요일,서울특별시 강남구 청담동,경상사고,0,0,1,0,차대차 - 기타,안전운전불이행,포장 - 건조,맑음,기타 - 기타,승용,남,32세,상해없음,이륜,남,40세,경상
2020051600100168,2020년 5월 16일 11시,토요일,서울특별시 강남구 삼성동,경상사고,0,0,1,0,차대차 - 측면충돌,안전거리미확보,포장 - 건조,맑음,단일로 - 기타,승용,남,56세,기타불명,승용,남,32세,경상
2020051600100170,2020년 5월 16일 11시,토요일,서울특별시 강남구 역삼동,중상사고,0,1,0,0,차대사람 - 기타,안전운전불이행,포장 - 건조,맑음,단일로 - 기타,승용,남,24세,상해없음,보행자,남,70세,중상
2020051600100298,2020년 5월 16일 15시,토요일,서울특별시 강남구 역삼동,경상사고,0,0,1,0,차대차 - 측면충돌,신호위반,포장 - 건조,맑음,교차로 - 교차로안,승용,여,53세,상해없음,이륜,남,51세,경상
2020051600100303,2020년 5월 16일 15시,토요일,서울특별시 강남구 대치동,경상사고,0,0,1,0,차대차 - 기타,직진우회전진행방해,포장 - 건조,맑음,교차로 - 교차로안,승용,여,54세,상해없음,자전거,남,14세,경상
2020051600100333,2020년 5월 16일 16시,토요일,서울특별시 강남구 도곡동,경상사고,0,0,1,0,차대차 - 기타,교차로운행방법위반,포장 - 건조,맑음,교차로 - 교차로안,승용,남,52세,상해없음,승용,남,37세,경상
2020051600100366,2020년 5월 16일 17시,토요일,서울특별시 강남구 신사동,경상사고,0,0,2,0,차대차 - 측면충돌,교차로운행방법위반,포장 - 건조,맑음,교차로 - 교차로안,승용,남,43세,기타불명,승용,남,64세,경상
2020051600100396,2020년 5월 16일 18시,토요일,서울특별시 강남구 신사동,중상사고,0,1,1,0,차대사람 - 차도통행중,안전운전불이행,포장 - 건조,맑음,단일로 - 지하차도(도로)내,승용,남,31세,상해없음,보행자,남,25세,경상
2020051600100477,2020년 5월 16일 21시,토요일,서울특별시 강남구 일원동,부상신고사고,0,0,0,1,차대차 - 기타,안전운전불이행,포장 - 건조,맑음,단일로 - 기타,이륜,남,16세,부상신고,승합,남,64세,상해없음
2020051600100502,2020년 5월 16일 22시,토요일,서울특별시 강남구 신사동,경상사고,0,0,2,0,차대차 - 추돌,안전거리미확보,포장 - 건조,맑음,단일로 - 기타,승용,남,44세,상해없음,승용,남,30세,경상
2020051600100505,2020년 5월 16일 22시,토요일,서울특별시 강남구 일원동,경상사고,0,0,1,0,차대차 - 기타,중앙선침범,포장 - 건조,맑음,교차로 - 교차로부근,승용,남,58세,상해없음,승용,남,30세,경상
2020051700100072,2020년 5월 17일 07시,일요일,서울특별시 강남구 역삼동,경상사고,0,0,1,0,차대사람 - 횡단중,보행자보호의무위반,포장 - 기타,맑음,교차로 - 교차로횡단보도내,승용,남,54세,상해없음,보행자,여,27세,경상
2020051700100108,2020년 5월 17일 10시,일요일,서울특별시 강남구 논현동,경상사고,0,0,1,0,차대차 - 추돌,안전운전불이행,포장 - 건조,맑음,단일로 - 기타,승용,남,31세,상해없음,승용,여,49세,경상
2020051700100242,2020년 5월 17일 15시,일요일,서울특별시 강남구 대치동,경상사고,0,0,1,0,차대사람 - 기타,안전운전불이행,포장 - 건조,맑음,단일로 - 기타,승용,여,56세,상해없음,보행자,남,20세,경상
2020051700100304,2020년 5월 17일 17시,일요일,서울특별시 강남구 도곡동,경상사고,0,0,2,0,차대사람 - 보도통행중,안전운전불이행,포장 - 건조,맑음,기타 - 기타,자전거,여,51세,경상,보행자,여,50세,경상
2020051700100455,2020년 5월 17일 22시,일요일,서울특별시 강남구 대치동,경상사고,0,0,2,0,차대차 - 측면충돌,안전운전불이행,포장 - 건조,맑음,교차로 - 교차로부근,승용,남,47세,상해없음,승용,남,36세,경상
2020051800100033,2020년 5월 18일 04시,월요일,서울특별시 강남구 개포동,중상사고,0,1,0,0,차대차 - 추돌,안전운전불이행,포장 - 건조,맑음,단일로 - 기타,승용,남,29세,상해없음,승용,남,43세,중상
2020051800100075,2020년 5월 18일 08시,월요일,서울특별시 강남구 자곡동,경상사고,0,0,3,0,차대차 - 기타,안전거리미확보,포장 - 건조,맑음,단일로 - 기타,승용,남,43세,경상,승용,여,35세,경상
2020051800100130,2020년 5월 18일 10시,월요일,서울특별시 강남구 역삼동,경상사고,0,0,1,0,차대차 - 측면충돌,기타,포장 - 건조,맑음,단일로 - 기타,승용,남,73세,상해없음,개인형이동수단(PM),남,29세,경상
2020051800100280,2020년 5월 18일 14시,월요일,서울특별시 강남구 자곡동,사망사고,1,0,0,0,차대차 - 측면충돌,안전거리미확보,포장 - 건조,흐림,단일로 - 기타,이륜,남,79세,사망,승용,남,29세,상해없음
2020051800100317,2020년 5월 18일 15시,월요일,서울특별시 강남구 신사동,경상사고,0,0,1,0,차대차 - 기타,안전거리미확보,포장 - 젖음/습기,비,단일로 - 기타,승용,남,40세,상해없음,승용,남,35세,경상
2020051800100366,2020년 5월 18일 16시,월요일,서울특별시 강남구 논현동,경상사고,0,0,2,0,차대차 - 기타,안전거리미확보,포장 - 젖음/습기,비,단일로 - 기타,승용,여,61세,경상,승용,남,27세,경상
2020051800100367,2020년 5월 18일 16시,월요일,서울특별시 강남구 신사동,경상사고,0,0,2,0,차대차 - 측면충돌,안전거리미확보,포장 - 기타,맑음,단일로 - 기타,승용,남,49세,경상,승용,여,71세,경상
2020051800100375,2020년 5월 18일 16시,월요일,서울특별시 강남구 역삼동,경상사고,0,0,1,0,차대사람 - 기타,기타,포장 - 젖음/습기,비,단일로 - 기타,기타불명,기타불명,미분류,기타불명,보행자,여,30세,경상
2020051800100506,2020년 5월 18일 19시,월요일,서울특별시 강남구 삼성동,경상사고,0,0,3,0,차대차 - 추돌,안전운전불이행,포장 - 젖음/습기,비,단일로 - 교량,기타불명,기타불명,미분류,기타불명,승용,남,44세,경상
2020051900100002,2020년 5월 19일 00시,화요일,서울특별시 강남구 청담동,경상사고,0,0,1,0,차대차 - 측면충돌,기타,포장 - 건조,맑음,단일로 - 기타,승용,남,50세,상해없음,승용,남,53세,경상
2020051900100003,2020년 5월 19일 00시,화요일,서울특별시 강남구 논현동,경상사고,0,0,1,0,차대차 - 기타,교차로운행방법위반,포장 - 건조,맑음,교차로 - 교차로안,승용,남,65세,상해없음,승용,남,58세,경상
2020051900100108,2020년 5월 19일 09시,화요일,서울특별시 강남구 삼성동,경상사고,0,0,2,0,차대차 - 추돌,차로위반,포장 - 젖음/습기,비,단일로 - 지하차도(도로)내,승용,남,31세,경상,화물,남,47세,경상
2020051900100128,2020년 5월 19일 10시,화요일,서울특별시 강남구 도곡동,경상사고,0,0,1,0,차대차 - 기타,안전운전불이행,포장 - 젖음/습기,비,교차로 - 교차로부근,승용,여,52세,상해없음,이륜,남,55세,경상
2020051900100157,2020년 5월 19일 11시,화요일,서울특별시 강남구 역삼동,경상사고,0,0,1,0,차대차 - 기타,안전운전불이행,포장 - 젖음/습기,비,단일로 - 기타,승용,남,41세,상해없음,승용,남,35세,경상
2020051900100185,2020년 5월 19일 12시,화요일,서울특별시 강남구 역삼동,경상사고,0,0,1,0,차대사람 - 길가장자리구역통행중,안전운전불이행,포장 - 젖음/습기,비,교차로 - 교차로안,승용,남,72세,상해없음,보행자,남,31세,경상
2020051900100284,2020년 5월 19일 15시,화요일,서울특별시 강남구 개포동,경상사고,0,0,2,1,차대차 - 추돌,안전운전불이행,포장 - 건조,맑음,단일로 - 기타,승용,남,70세,상해없음,승용,여,46세,경상
2020051900100322,2020년 5월 19일 16시,화요일,서울특별시 강남구 삼성동,중상사고,0,1,0,0,차대차 - 추돌,안전거리미확보,포장 - 건조,맑음,단일로 - 지하차도(도로)내,이륜,남,45세,중상,승용,남,19세,상해없음
2020051900100467,2020년 5월 19일 20시,화요일,서울특별시 강남구 논현동,경상사고,0,0,3,0,차대차 - 기타,직진우회전진행방해,포장 - 젖음/습기,비,교차로 - 교차로안,승용,남,34세,경상,승용,남,46세,경상
2020051900100500,2020년 5월 19일 21시,화요일,서울특별시 강남구 청담동,경상사고,0,0,4,0,차대차 - 측면충돌,차로위반,포장 - 건조,맑음,단일로 - 기타,승용,여,31세,상해없음,승용,여,46세,경상
2020051900100533,2020년 5월 19일 22시,화요일,서울특별시 강남구 대치동,중상사고,0,1,0,0,차대차 - 추돌,안전운전불이행,포장 - 건조,맑음,단일로 - 기타,승용,남,53세,상해없음,이륜,남,32세,중상
2020052000100001,2020년 5월 20일 00시,수요일,서울특별시 강남구 신사동,경상사고,0,0,1,0,차대차 - 측면충돌,안전운전불이행,포장 - 건조,맑음,단일로 - 기타,승용,남,34세,기타불명,이륜,남,63세,경상
2020052000100026,2020년 5월 20일 02시,수요일,서울특별시 강남구 도곡동,경상사고,0,0,2,0,차대차 - 정면충돌,신호위반,포장 - 건조,맑음,교차로 - 교차로안,승용,남,51세,상해없음,승용,남,49세,경상
2020052000100134,2020년 5월 20일 09시,수요일,서울특별시 강남구 개포동,경상사고,0,0,1,0,차대차 - 추돌,안전거리미확보,포장 - 건조,맑음,단일로 - 기타,승용,남,41세,상해없음,승용,여,35세,경상
2020052000100250,2020년 5월 20일 12시,수요일,서울특별시 강남구 논현동,경상사고,0,0,1,0,차대사람 - 기타,기타,포장 - 건조,맑음,기타 - 기타,화물,남,54세,상해없음,보행자,여,28세,경상
2020052000100251,2020년 5월 20일 12시,수요일,서울특별시 강남구 논현동,중상사고,0,1,0,0,차대차 - 추돌,안전운전불이행,포장 - 건조,맑음,교차로 - 교차로부근,기타불명,기타불명,미분류,기타불명,이륜,남,29세,중상
2020052000100252,2020년 5월 20일 12시,수요일,서울특별시 강남구 역삼동,경상사고,0,0,1,0,차대차 - 측면충돌,안전운전불이행,포장 - 건조,맑음,단일로 - 기타,승용,여,79세,상해없음,승용,여,33세,경상
2020052000100338,2020년 5월 20일 14시,수요일,서울특별시 강남구 개포동,경상사고,0,0,1,0,차대사람 - 길가장자리구역통행중,불법유턴,포장 - 건조,맑음,단일로 - 기타,화물,남,52세,상해없음,보행자,남,63세,경상
2020052000100371,2020년 5월 20일 15시,수요일,서울특별시 강남구 논현동,경상사고,0,0,1,0,차대차 - 기타,중앙선침범,포장 - 건조,맑음,교차로 - 교차로부근,이륜,남,52세,상해없음,승용,여,44세,경상
2020052000100379,2020년 5월 20일 15시,수요일,서울특별시 강남구 대치동,경상사고,0,0,1,0,차대사람 - 횡단중,보행자보호의무위반,포장 - 건조,맑음,교차로 - 교차로부근,승합,남,47세,상해없음,보행자,남,5세,경상
2020052000100415,2020년 5월 20일 16시,수요일,서울특별시 강남구 역삼동,경상사고,0,0,1,0,차대차 - 추돌,안전운전불이행,포장 - 건조,맑음,단일로 - 기타,이륜,남,52세,상해없음,승용,여,58세,경상
2020052000100464,2020년 5월 20일 17시,수요일,서울특별시 강남구 도곡동,경상사고,0,0,2,0,차대차 - 기타,안전운전불이행,포장 - 건조,맑음,단일로 - 기타,이륜,남,65세,상해없음,승용,남,27세,경상
2020052000100517,2020년 5월 20일 18시,수요일,서울특별시 강남구 논현동,경상사고,0,0,3,0,차대차 - 기타,기타,포장 - 건조,맑음,단일로 - 기타,승용,남,58세,상해없음,승용,남,35세,경상
2020052100100082,2020년 5월 21일 08시,목요일,서울특별시 강남구 역삼동,경상사고,0,0,1,0,차대차 - 측면충돌,안전운전불이행,포장 - 건조,맑음,교차로 - 교차로부근,승용,남,69세,상해없음,승용,남,39세,경상
2020052100100156,2020년 5월 21일 10시,목요일,서울특별시 강남구 도곡동,경상사고,0,0,1,0,차대사람 - 기타,안전운전불이행,포장 - 건조,맑음,단일로 - 기타,기타불명,기타불명,미분류,기타불명,보행자,여,22세,경상
2020052100100194,2020년 5월 21일 11시,목요일,서울특별시 강남구 역삼동,경상사고,0,0,1,0,차대차 - 기타,안전거리미확보,포장 - 건조,맑음,단일로 - 기타,화물,남,66세,상해없음,승용,남,51세,경상
2020052100100301,2020년 5월 21일 14시,목요일,서울특별시 강남구 삼성동,경상사고,0,0,1,0,차대사람 - 차도통행중,안전운전불이행,포장 - 건조,맑음,기타 - 기타,승용,여,56세,상해없음,보행자,여,20세,경상
2020052100100304,2020년 5월 21일 14시,목요일,서울특별시 강남구 대치동,경상사고,0,0,1,0,차대차 - 기타,안전거리미확보,포장 - 건조,맑음,단일로 - 기타,화물,남,61세,상해없음,승용,남,46세,경상
2020052100100340,2020년 5월 21일 15시,목요일,서울특별시 강남구 역삼동,경상사고,0,0,3,0,차대차 - 기타,안전운전불이행,포장 - 건조,맑음,기타 - 기타,승용,여,52세,경상,승용,남,24세,경상
2020052100100410,2020년 5월 21일 17시,목요일,서울특별시 강남구 논현동,경상사고,0,0,1,0,차량단독 - 기타,안전운전불이행,포장 - 건조,맑음,단일로 - 기타,승합,남,47세,상해없음,,,,
2020052100100411,2020년 5월 21일 17시,목요일,서울특별시 강남구 역삼동,경상사고,0,0,1,0,차대사람 - 횡단중,안전운전불이행,포장 - 건조,맑음,기타 - 기타,승용,여,29세,기타불명,보행자,여,31세,경상
2020052100100421,2020년 5월 21일 17시,목요일,서울특별시 강남구 수서동,중상사고,0,1,0,1,차대사람 - 기타,안전운전불이행,포장 - 건조,맑음,단일로 - 기타,자전거,남,16세,부상신고,보행자,여,74세,중상
2020052100100478,2020년 5월 21일 18시,목요일,서울특별시 강남구 삼성동,경상사고,0,0,1,0,차대차 - 기타,안전운전불이행,포장 - 건조,맑음,단일로 - 기타,승용,남,43세,상해없음,승용,남,51세,경상
2020052100100481,2020년 5월 21일 18시,목요일,서울특별시 강남구 역삼동,중상사고,0,1,0,0,차대사람 - 횡단중,안전운전불이행,포장 - 건조,맑음,단일로 - 기타,이륜,남,39세,상해없음,보행자,여,36세,중상
2020052100100527,2020년 5월 21일 19시,목요일,서울특별시 강남구 압구정동,경상사고,0,0,1,1,차대차 - 기타,안전거리미확보,포장 - 건조,맑음,단일로 - 기타,승용,남,67세,부상신고,승용,남,68세,경상
2020052100100528,2020년 5월 21일 19시,목요일,서울특별시 강남구 신사동,경상사고,0,0,1,0,차대사람 - 기타,안전운전불이행,포장 - 건조,맑음,단일로 - 기타,승용,여,27세,상해없음,보행자,여,24세,경상
2020052100100549,2020년 5월 21일 20시,목요일,서울특별시 강남구 논현동,경상사고,0,0,1,0,차대차 - 기타,기타,포장 - 건조,기타,기타 - 기타,승용,남,38세,상해없음,자전거,여,28세,경상
2020052200100158,2020년 5월 22일 10시,금요일,서울특별시 강남구 개포동,중상사고,0,1,0,0,차대사람 - 기타,안전운전불이행,포장 - 건조,맑음,단일로 - 기타,승용,남,68세,상해없음,보행자,여,49세,중상
2020052200100179,2020년 5월 22일 11시,금요일,서울특별시 강남구 삼성동,경상사고,0,0,1,0,차대차 - 기타,신호위반,포장 - 건조,맑음,교차로 - 교차로부근,승용,남,60세,상해없음,이륜,남,36세,경상
2020052200100224,2020년 5월 22일 12시,금요일,서울특별시 강남구 개포동,경상사고,0,0,1,0,차대차 - 기타,중앙선침범,포장 - 건조,맑음,단일로 - 기타,승용,여,70세,상해없음,승합,남,56세,경상
2020052200100433,2020년 5월 22일 17시,금요일,서울특별시 강남구 역삼동,경상사고,0,0,1,0,차대차 - 기타,안전거리미확보,포장 - 건조,맑음,단일로 - 기타,승용,남,70세,상해없음,이륜,남,50세,경상
2020052200100621,2020년 5월 22일 21시,금요일,서울특별시 강남구 압구정동,경상사고,0,0,1,0,차량단독 - 기타,안전운전불이행,포장 - 건조,맑음,기타 - 기타,개인형이동수단(PM),여,27세,상해없음,,,,
2020052200100622,2020년 5월 22일 21시,금요일,서울특별시 강남구 삼성동,경상사고,0,0,1,0,차대차 - 측면충돌,안전운전불이행,포장 - 건조,맑음,단일로 - 기타,승용,남,57세,상해없음,승용,여,25세,경상
2020052200100626,2020년 5월 22일 21시,금요일,서울특별시 강남구 대치동,부상신고사고,0,0,0,1,차대사람 - 기타,안전운전불이행,포장 - 건조,맑음,단일로 - 기타,승용,여,32세,상해없음,보행자,남,10세,부상신고
2020052200100657,2020년 5월 22일 22시,금요일,서울특별시 강남구 대치동,중상사고,0,1,0,0,차대차 - 측면충돌,신호위반,포장 - 건조,맑음,교차로 - 교차로횡단보도내,승용,남,27세,상해없음,자전거,남,11세,중상
2020052200100682,2020년 5월 22일 23시,금요일,서울특별시 강남구 역삼동,경상사고,0,0,1,0,차대차 - 추돌,안전운전불이행,포장 - 건조,맑음,교차로 - 교차로부근,승용,남,63세,상해없음,승용,남,54세,경상
2020052300100030,2020년 5월 23일 02시,토요일,서울특별시 강남구 신사동,경상사고,0,0,1,0,차대차 - 기타,안전운전불이행,포장 - 기타,기타,교차로 - 교차로부근,승용,남,44세,상해없음,승용,남,39세,기타불명