사고번호,사고일시,요일,시군구,사고내용,사망자수,중상자수,경상자수,부상신고자수,사고유형,법규위반,노면상태,기상상태,도로형태,가해운전자 차종,가해운전자 성별,가해운전자 연령,가해운전자 상해정도,피해운전자 차종,피해운전자 성별,피해운전자 연령,피해운전자 상해정도
2020052300100039,2020년 5월 23일 03시,토요일,서울특별시 강남구 논현동,경상사고,0,0,2,0,차대차 - 측면충돌,안전운전불이행,포장 - 건조,맑음,단일로 - 기타,승용,남,23세,경상,승용,남,43세,경상
2020052300100213,2020년 5월 23일 12시,토요일,서울특별시 강남구 논현동,경상사고,0,0,2,0,차대차 - 측면충돌,안전운전불이행,포장 - 건조,맑음,단일로 - 기타,승용,남,55세,상해없음,승용,남,39세,경상
2020052300100218,2020년 5월 23일 12시,토요일,서울특별시 강남구 수서동,경상사고,0,0,1,0,차대차 - 추돌,안전운전불이행,포장 - 건조,맑음,단일로 - 기타,자전거,남,59세,경상,자전거,남,26세,상해없음
2020052300100261,2020년 5월 23일 13시,토요일,서울특별시 강남구 압구정동,경상사고,0,0,2,0,차대차 - 기타,기타,포장 - 건조,맑음,단일로 - 기타,승용,여,63세,상해없음,승용,여,32세,경상
2020052300100466,2020년 5월 23일 18시,토요일,서울특별시 강남구 신사동,경상사고,0,0,1,0,차대차 - 기타,안전운전불이행,포장 - 건조,맑음,단일로 - 기타,승용,여,62세,상해없음,이륜,남,57세,경상
2020052400100019,2020년 5월 24일 01시,일요일,서울특별시 강남구 신사동,경상사고,0,0,1,0,차대차 - 기타,안전운전불이행,포장 - 젖음/습기,비,단일로 - 기타,승용,남,55세,상해없음,이륜,남,39세,경상
2020052400100058,2020년 5월 24일 03시,일요일,서울특별시 강남구 압구정동,경상사고,0,0,1,0,차대차 - 기타,안전운전불이행,포장 - 건조,맑음,단일로 - 기타,승용,남,57세,상해없음,승용,여,36세,경상
2020052400100059,2020년 5월 24일 03시,일요일,서울특별시 강남구 역삼동,경상사고,0,0,2,0,차대차 - 측면충돌,안전운전불이행,포장 - 건조,맑음,기타 - 기타,승용,남,60세,상해없음,승용,남,21세,경상
2020052400100107,2020년 5월 24일 08시,일요일,서울특별시 강남구 개포동,경상사고,0,0,2,0,차대차 - 기타,중앙선침범,포장 - 젖음/습기,맑음,단일로 - 기타,승용,남,55세,경상,승용,남,62세,경상
2020052400100119,2020년 5월 24일 09시,일요일,서울특별시 강남구 대치동,부상신고사고,0,0,0,1,차대차 - 측면충돌,안전운전불이행,포장 - 건조,맑음,교차로 - 교차로부근,개인형이동수단(PM),남,18세,부상신고,승용,남,51세,상해없음
2020052400100225,2020년 5월 24일 14시,일요일,서울특별시 강남구 청담동,중상사고,0,1,0,0,차대차 - 기타,불법유턴,포장 - 건조,맑음,단일로 - 기타,승용,남,68세,상해없음,승합,남,43세,중상
2020052400100342,2020년 5월 24일 18시,일요일,서울특별시 강남구 대치동,경상사고,0,0,2,0,차대차 - 기타,중앙선침범,포장 - 건조,맑음,단일로 - 기타,이륜,남,24세,경상,승용,남,51세,경상
2020052500100019,2020년 5월 25일 03시,월요일,서울특별시 강남구 역삼동,경상사고,0,0,1,0,차대차 - 기타,안전운전불이행,포장 - 건조,맑음,교차로 - 교차로안,기타불명,기타불명,미분류,기타불명,승용,남,64세,경상
2020052500100072,2020년 5월 25일 08시,월요일,서울특별시 강남구 역삼동,경상사고,0,0,1,0,차대차 - 기타,안전운전불이행,포장 - 건조,맑음,단일로 - 기타,승용,남,65세,상해없음,승용,남,37세,경상
2020052500100119,2020년 5월 25일 09시,월요일,서울특별시 강남구 역삼동,경상사고,0,0,1,0,차대차 - 측면충돌,안전운전불이행,포장 - 건조,맑음,단일로 - 기타,승용,여,32세,상해없음,승용,남,38세,경상
2020052500100178,2020년 5월 25일 11시,월요일,서울특별시 강남구 신사동,경상사고,0,0,1,0,차대차 - 기타,기타,포장 - 건조,맑음,기타 - 기타,승용,남,64세,상해없음,승용,남,61세,상해없음
2020052500100180,2020년 5월 25일 11시,월요일,서울특별시 강남구 역삼동,경상사고,0,0,1,0,차대차 - 기타,안전운전불이행,포장 - 건조,맑음,교차로 - 교차로횡단보도내,승용,여,31세,상해없음,승용,남,55세,경상
2020052500100321,2020년 5월 25일 15시,월요일,서울특별시 강남구 청담동,경상사고,0,0,1,0,차대차 - 추돌,안전거리미확보,포장 - 건조,맑음,단일로 - 기타,승용,남,44세,상해없음,승용,여,45세,경상
2020052500100365,2020년 5월 25일 16시,월요일,서울특별시 강남구 도곡동,경상사고,0,0,2,0,차대차 - 기타,안전운전불이행,포장 - 젖음/습기,흐림,단일로 - 기타,승합,남,36세,경상,승용,여,50세,상해없음
2020052500100435,2020년 5월 25일 18시,월요일,서울특별시 강남구 역삼동,경상사고,0,0,1,0,차대사람 - 기타,안전운전불이행,포장 - 건조,맑음,단일로 - 기타,승용,여,49세,상해없음,보행자,여,36세,경상
2020052500100436,2020년 5월 25일 18시,월요일,서울특별시 강남구 대치동,경상사고,0,0,1,0,차대차 - 기타,안전거리미확보,포장 - 건조,맑음,단일로 - 기타,승용,남,71세,상해없음,승용,여,35세,경상
2020052500100588,2020년 5월 25일 23시,월요일,서울특별시 강남구 개포동,경상사고,0,0,1,0,차대차 - 추돌,안전거리미확보,포장 - 건조,맑음,교차로 - 교차로부근,승용,남,39세,상해없음,승용,남,52세,경상
2020052500100589,2020년 5월 25일 23시,월요일,서울특별시 강남구 대치동,경상사고,0,0,2,0,차대차 - 추돌,안전운전불이행,포장 - 건조,맑음,단일로 - 기타,승용,남,39세,상해없음,승용,남,59세,경상
2020052600100004,2020년 5월 26일 00시,화요일,서울특별시 강남구 역삼동,중상사고,0,1,0,0,차대차 - 측면충돌,불법유턴,포장 - 건조,맑음,단일로 - 기타,기타불명,여,23세,중상,승용,남,57세,상해없음
2020052600100037,2020년 5월 26일 03시,화요일,서울특별시 강남구 삼성동,부상신고사고,0,0,0,1,차대차 - 기타,안전운전불이행,포장 - 건조,맑음,교차로 - 교차로부근,기타불명,여,25세,부상신고,승용,남,61세,상해없음
2020052600100191,2020년 5월 26일 11시,화요일,서울특별시 강남구 자곡동,경상사고,0,0,1,0,차대차 - 추돌,안전운전불이행,포장 - 건조,맑음,단일로 - 기타,승용,남,31세,상해없음,승용,남,38세,경상
2020052600100251,2020년 5월 26일 13시,화요일,서울특별시 강남구 논현동,경상사고,0,0,1,0,차대차 - 측면충돌,교차로운행방법위반,포장 - 건조,맑음,교차로 - 교차로안,승용,남,29세,상해없음,승용,여,37세,경상
2020052600100365,2020년 5월 26일 16시,화요일,서울특별시 강남구 논현동,경상사고,0,0,1,0,차대차 - 기타,안전운전불이행,포장 - 건조,맑음,교차로 - 교차로안,승용,남,47세,상해없음,승용,여,26세,경상
2020052600100479,2020년 5월 26일 19시,화요일,서울특별시 강남구 논현동,경상사고,0,0,1,0,차대차 - 기타,안전운전불이행,포장 - 건조,맑음,단일로 - 기타,승용,여,35세,상해없음,개인형이동수단(PM),남,43세,경상
2020052600100480,2020년 5월 26일 19시,화요일,서울특별시 강남구 역삼동,경상사고,0,0,1,0,차대차 - 기타,차로위반,포장 - 건조,맑음,교차로 - 교차로안,승용,남,56세,상해없음,승합,남,39세,상해없음
2020052600100506,2020년 5월 26일 20시,화요일,서울특별시 강남구 삼성동,부상신고사고,0,0,0,1,차대차 - 추돌,안전운전불이행,포장 - 건조,맑음,기타 - 기타,승용,남,50세,상해없음,승용,남,56세,부상신고
2020052600100511,2020년 5월 26일 20시,화요일,서울특별시 강남구 자곡동,경상사고,0,0,1,0,차량단독 - 기타,안전운전불이행,포장 - 건조,맑음,교차로 - 교차로부근,승합,남,51세,상해없음,,,,
2020052600100591,2020년 5월 26일 23시,화요일,서울특별시 강남구 청담동,경상사고,0,0,1,0,차대차 - 기타,안전거리미확보,포장 - 건조,맑음,단일로 - 기타,승용,남,72세,상해없음,이륜,남,67세,경상
2020052700100018,2020년 5월 27일 02시,수요일,서울특별시 강남구 논현동,중상사고,0,1,0,0,차대차 - 측면충돌,안전운전불이행,포장 - 건조,맑음,단일로 - 기타,승용,남,57세,상해없음,이륜,남,58세,중상
2020052700100045,2020년 5월 27일 06시,수요일,서울특별시 강남구 삼성동,경상사고,0,0,1,0,차대차 - 기타,안전운전불이행,포장 - 건조,맑음,기타 - 기타,화물,남,60세,상해없음,승용,남,64세,경상
2020052700100127,2020년 5월 27일 09시,수요일,서울특별시 강남구 도곡동,경상사고,0,0,1,0,차대차 - 기타,직진우회전진행방해,포장 - 건조,맑음,교차로 - 교차로부근,승용,남,79세,상해없음,승용,여,47세,경상
2020052700100163,2020년 5월 27일 10시,수요일,서울특별시 강남구 신사동,경상사고,0,0,1,0,차대사람 - 기타,안전운전불이행,포장 - 기타,맑음,단일로 - 기타,승용,남,48세,상해없음,보행자,남,39세,경상
2020052700100167,2020년 5월 27일 10시,수요일,서울특별시 강남구 자곡동,경상사고,0,0,1,2,차대차 - 측면충돌,안전운전불이행,포장 - 건조,맑음,교차로 - 교차로안,승용,여,31세,부상신고,화물,남,72세,경상
2020052700100280,2020년 5월 27일 13시,수요일,서울특별시 강남구 역삼동,경상사고,0,0,1,0,차대사람 - 기타,안전운전불이행,포장 - 건조,맑음,교차로 - 교차로안,승용,남,40세,상해없음,보행자,여,21세,경상
2020052700100311,2020년 5월 27일 14시,수요일,서울특별시 강남구 논현동,중상사고,0,1,0,0,차대차 - 측면충돌,안전운전불이행,포장 - 건조,맑음,단일로 - 기타,승용,남,44세,상해없음,이륜,남,51세,중상
2020052700100387,2020년 5월 27일 16시,수요일,서울특별시 강남구 신사동,경상사고,0,0,3,0,차대차 - 기타,안전운전불이행,포장 - 건조,맑음,교차로 - 교차로안,승용,남,25세,경상,승용,남,38세,경상
2020052700100509,2020년 5월 27일 18시,수요일,서울특별시 강남구 자곡동,중상사고,0,1,0,0,차대사람 - 기타,안전운전불이행,포장 - 건조,맑음,교차로 - 교차로안,승용,남,32세,상해없음,보행자,남,68세,중상
2020052700100655,2020년 5월 27일 22시,수요일,서울특별시 강남구 개포동,경상사고,0,0,1,0,차대차 - 추돌,안전운전불이행,포장 - 건조,맑음,교차로 - 교차로부근,승용,남,38세,상해없음,승용,남,51세,경상
2020052700100686,2020년 5월 27일 23시,수요일,서울특별시 강남구 청담동,사망사고,1,0,0,0,차량단독 - 기타,안전운전불이행,포장 - 건조,맑음,단일로 - 기타,이륜,남,55세,사망,,,,
2020052800100070,2020년 5월 28일 07시,목요일,서울특별시 강남구 삼성동,경상사고,0,0,1,0,차대차 - 측면충돌,안전운전불이행,포장 - 건조,맑음,기타 - 기타,승용,여,51세,상해없음,승용,남,45세,경상
2020052800100171,2020년 5월 28일 10시,목요일,서울특별시 강남구 역삼동,중상사고,0,1,0,0,차대차 - 정면충돌,중앙선침범,포장 - 건조,맑음,교차로 - 교차로부근,승용,여,36세,상해없음,이륜,남,29세,중상
2020052800100175,2020년 5월 28일 10시,목요일,서울특별시 강남구 역삼동,경상사고,0,0,1,0,차대차 - 기타,안전운전불이행,포장 - 건조,맑음,교차로 - 교차로횡단보도내,승용,남,63세,상해없음,개인형이동수단(PM),여,30세,경상
2020052800100386,2020년 5월 28일 16시,목요일,서울특별시 강남구 삼성동,경상사고,0,0,2,0,차대차 - 기타,안전거리미확보,포장 - 건조,맑음,단일로 - 기타,승용,여,36세,경상,승용,남,71세,경상
2020052800100504,2020년 5월 28일 19시,목요일,서울특별시 강남구 역삼동,중상사고,0,1,0,0,차대차 - 기타,안전운전불이행,포장 - 건조,맑음,단일로 - 기타,승용,남,34세,상해없음,개인형이동수단(PM),남,38세,중상
2020052900100014,2020년 5월 29일 01시,금요일,서울특별시 강남구 논현동,경상사고,0,0,1,0,차대차 - 기타,안전운전불이행,포장 - 건조,맑음,교차로 - 교차로안,기타불명,기타불명,미분류,기타불명,승용,남,52세,상해없음
2020052900100064,2020년 5월 29일 07시,금요일,서울특별시 강남구 세곡동,경상사고,0,0,1,0,차대차 - 기타,안전운전불이행,포장 - 건조,맑음,단일로 - 기타,승용,남,63세,상해없음,승용,남,36세,경상
2020052900100096,2020년 5월 29일 08시,금요일,서울특별시 강남구 도곡동,경상사고,0,0,1,0,차량단독 - 기타,기타,포장 - 건조,맑음,단일로 - 기타,승용,남,74세,상해없음,,,,
2020052900100154,2020년 5월 29일 09시,금요일,서울특별시 강남구 역삼동,경상사고,0,0,1,0,차대차 - 기타,안전운전불이행,포장 - 건조,맑음,교차로 - 교차로부근,이륜,남,63세,경상,승용,남,45세,상해없음
2020052900100155,2020년 5월 29일 09시,금요일,서울특별시 강남구 도곡동,경상사고,0,0,2,0,차대차 - 기타,안전운전불이행,포장 - 건조,맑음,단일로 - 기타,승용,여,33세,경상,승용,남,66세,경상
2020052900100233,2020년 5월 29일 11시,금요일,서울특별시 강남구 신사동,중상사고,0,1,0,0,차대사람 - 횡단중,보행자보호의무위반,포장 - 건조,맑음,단일로 - 기타,승용,남,73세,상해없음,보행자,남,24세,중상
2020052900100271,2020년 5월 29일 12시,금요일,서울특별시 강남구 논현동,경상사고,0,0,1,1,차대차 - 기타,안전운전불이행,포장 - 건조,맑음,단일로 - 기타,승용,남,46세,상해없음,승용,남,50세,경상
2020052900100274,2020년 5월 29일 12시,금요일,서울특별시 강남구 역삼동,경상사고,0,0,2,0,차대차 - 기타,안전운전불이행,포장 - 건조,맑음,교차로 - 교차로부근,승용,남,44세,경상,승용,남,72세,상해없음
2020052900100275,2020년 5월 29일 12시,금요일,서울특별시 강남구 대치동,경상사고,0,0,1,0,차대차 - 측면충돌,안전운전불이행,포장 - 건조,맑음,단일로 - 기타,승용,여,60세,상해없음,승용,남,49세,경상
2020052900100339,2020년 5월 29일 14시,금요일,서울특별시 강남구 삼성동,경상사고,0,0,1,0,차대차 - 기타,안전운전불이행,포장 - 건조,맑음,교차로 - 교차로부근,승용,여,64세,상해없음,승용,여,50세,경상
2020052900100373,2020년 5월 29일 15시,금요일,서울특별시 강남구 신사동,경상사고,0,0,1,0,차대차 - 측면충돌,안전운전불이행,포장 - 건조,맑음,단일로 - 기타,이륜,남,44세,경상,화물,남,57세,상해없음
2020052900100418,2020년 5월 29일 16시,금요일,서울특별시 강남구 역삼동,경상사고,0,0,1,0,차대사람 - 길가장자리구역통행중,안전운전불이행,포장 - 건조,맑음,단일로 - 기타,승용,여,42세,상해없음,보행자,남,69세,경상
2020052900100419,2020년 5월 29일 16시,금요일,서울특별시 강남구 역삼동,부상신고사고,0,0,0,1,차대사람 - 기타,안전운전불이행,포장 - 건조,맑음,기타 - 기타,승용,남,58세,상해없음,보행자,여,25세,부상신고
2020052900100422,2020년 5월 29일 16시,금요일,서울특별시 강남구 개포동,경상사고,0,0,1,0,차대차 - 추돌,안전운전불이행,포장 - 건조,맑음,단일로 - 기타,승용,남,74세,상해없음,승용,남,40세,경상
2020052900100524,2020년 5월 29일 18시,금요일,서울특별시 강남구 청담동,경상사고,0,0,2,1,차대차 - 기타,안전거리미확보,포장 - 건조,맑음,단일로 - 기타,승용,여,70세,부상신고,승용,여,24세,경상
2020052900100528,2020년 5월 29일 18시,금요일,서울특별시 강남구 역삼동,경상사고,0,0,1,0,차대사람 - 길가장자리구역통행중,안전운전불이행,포장 - 건조,맑음,단일로 - 기타,승용,남,45세,상해없음,보행자,여,20세,경상
2020052900100529,2020년 5월 29일 18시,금요일,서울특별시 강남구 역삼동,경상사고,0,0,1,0,차대차 - 측면충돌,교차로운행방법위반,포장 - 건조,맑음,교차로 - 교차로안,승용,남,29세,상해없음,승용,여,63세,경상
2020052900100571,2020년 5월 29일 19시,금요일,서울특별시 강남구 삼성동,경상사고,0,0,2,0,차대차 - 기타,안전운전불이행,포장 - 건조,맑음,교차로 - 교차로안,승용,여,29세,경상,승용,남,29세,경상
2020052900100572,2020년 5월 29일 19시,금요일,서울특별시 강남구 신사동,경상사고,0,0,1,0,차대차 - 기타,안전운전불이행,포장 - 건조,맑음,기타 - 기타,승용,남,54세,상해없음,승용,남,55세,경상
2020052900100692,2020년 5월 29일 22시,금요일,서울특별시 강남구 압구정동,경상사고,0,0,1,0,차대차 - 기타,안전운전불이행,포장 - 건조,맑음,단일로 - 기타,승용,남,37세,상해없음,승용,남,21세,경상
2020052900100729,2020년 5월 29일 23시,금요일,서울특별시 강남구 도곡동,경상사고,0,0,2,0,차대차 - 추돌,안전거리미확보,포장 - 건조,맑음,교차로 - 교차로부근,승용,남,39세,상해없음,승용,남,49세,경상
2020052900100730,2020년 5월 29일 23시,금요일,서울특별시 강남구 율현동,중상사고,0,1,0,1,차대차 - 기타,신호위반,포장 - 건조,맑음,교차로 - 교차로안,승용,여,24세,부상신고,승용,남,26세,중상
2020053000100062,2020년 5월 30일 04시,토요일,서울특별시 강남구 논현동,경상사고,0,0,1,1,차대차 - 기타,신호위반,포장 - 건조,맑음,교차로 - 교차로안,승용,남,26세,부상신고,승용,남,44세,경상
2020053000100109,2020년 5월 30일 08시,토요일,서울특별시 강남구 수서동,경상사고,0,0,1,0,차대차 - 추돌,안전운전불이행,포장 - 건조,맑음,단일로 - 기타,승용,남,74세,상해없음,승용,남,34세,경상
2020053000100136,2020년 5월 30일 09시,토요일,서울특별시 강남구 수서동,경상사고,0,0,1,0,차대차 - 기타,신호위반,포장 - 건조,맑음,교차로 - 교차로부근,승용,여,51세,상해없음,이륜,남,32세,경상
2020053000100349,2020년 5월 30일 14시,토요일,서울특별시 강남구 역삼동,중상사고,0,1,0,0,차대사람 - 횡단중,보행자보호의무위반,포장 - 건조,맑음,단일로 - 기타,승용,여,44세,상해없음,보행자,여,68세,중상
2020053100100052,2020년 5월 31일 04시,일요일,서울특별시 강남구 압구정동,중상사고,0,1,1,0,차대차 - 측면충돌,차로위반,포장 - 건조,맑음,단일로 - 기타,승용,여,29세,기타불명,승용,남,63세,중상
2020053100100062,2020년 5월 31일 05시,일요일,서울특별시 강남구 청담동,경상사고,0,0,1,0,차대차 - 추돌,안전운전불이행,포장 - 건조,맑음,기타 - 기타,승용,남,21세,상해없음,승용,남,30세,경상
2020053100100123,2020년 5월 31일 11시,일요일,서울특별시 강남구 역삼동,경상사고,0,0,1,0,차대차 - 측면충돌,안전운전불이행,포장 - 건조,맑음,교차로 - 교차로부근,승용,남,69세,상해없음,이륜,남,54세,경상
2020053100100155,2020년 5월 31일 12시,일요일,서울특별시 강남구 역삼동,경상사고,0,0,1,0,차대차 - 기타,안전운전불이행,포장 - 건조,맑음,교차로 - 교차로부근,승용,남,54세,상해없음,이륜,남,39세,경상
2020053100100187,2020년 5월 31일 13시,일요일,서울특별시 강남구 일원동,부상신고사고,0,0,0,2,차대차 - 기타,안전운전불이행,포장 - 건조,맑음,단일로 - 기타,자전거,남,61세,부상신고,자전거,여,59세,부상신고
2020053100100217,2020년 5월 31일 14시,일요일,서울특별시 강남구 논현동,경상사고,0,0,1,0,차대차 - 기타,안전운전불이행,포장 - 건조,맑음,교차로 - 교차로안,이륜,남,56세,상해없음,승용,여,37세,경상
2020053100100280,2020년 5월 31일 16시,일요일,서울특별시 강남구 역삼동,중상사고,0,1,4,0,차대차 - 측면충돌,차로위반,포장 - 기타,맑음,단일로 - 기타,승용,남,72세,상해없음,승합,남,38세,경상
2020053100100313,2020년 5월 31일 17시,일요일,서울특별시 강남구 논현동,경상사고,0,0,2,0,차대차 - 추돌,안전거리미확보,포장 - 건조,맑음,단일로 - 기타,승합,남,85세,상해없음,승용,남,33세,경상
2020053100100459,2020년 5월 31일 22시,일요일,서울특별시 강남구 대치동,부상신고사고,0,0,0,1,차대차 - 기타,직진우회전진행방해,포장 - 젖음/습기,비,교차로 - 교차로부근,승용,남,51세,상해없음,이륜,남,20세,부상신고
2020060100100002,2020년 6월 1일 00시,월요일,서울특별시 강남구 논현동,중상사고,0,1,0,0,차대차 - 기타,교차로운행방법위반,포장 - 젖음/습기,비,교차로 - 교차로안,승용,남,57세,상해없음,이륜,남,34세,중상
2020060100100031,2020년 6월 1일 04시,월요일,서울특별시 강남구 일원동,중상사고,0,1,0,0,차대차 - 정면충돌,안전운전불이행,포장 - 건조,맑음,단일로 - 기타,자전거,남,21세,중상,화물,남,70세,상해없음
2020060100100079,2020년 6월 1일 08시,월요일,서울특별시 강남구 논현동,경상사고,0,0,1,0,차대차 - 측면충돌,안전운전불이행,포장 - 건조,맑음,단일로 - 기타,승용,남,64세,상해없음,승용,남,62세,경상
2020060100100126,2020년 6월 1일 09시,월요일,서울특별시 강남구 신사동,중상사고,0,1,0,0,차대사람 - 기타,안전운전불이행,포장 - 건조,맑음,단일로 - 기타,승용,여,36세,상해없음,보행자,여,52세,중상
2020060100100205,2020년 6월 1일 11시,월요일,서울특별시 강남구 개포동,경상사고,0,0,1,0,차량단독 - 기타,안전운전불이행,포장 - 건조,맑음,단일로 - 기타,승용,남,60세,상해없음,,,,
2020060100100288,2020년 6월 1일 13시,월요일,서울특별시 강남구 도곡동,부상신고사고,0,0,0,1,차대차 - 기타,안전운전불이행,포장 - 건조,맑음,단일로 - 기타,이륜,남,57세,부상신고,승합,남,46세,상해없음
2020060100100289,2020년 6월 1일 13시,월요일,서울특별시 강남구 도곡동,경상사고,0,0,1,0,차대차 - 측면충돌,신호위반,포장 - 건조,맑음,교차로 - 교차로부근,승용,여,38세,상해없음,승용,남,62세,경상
2020060100100369,2020년 6월 1일 15시,월요일,서울특별시 강남구 논현동,경상사고,0,0,1,0,차대차 - 측면충돌,안전운전불이행,포장 - 건조,맑음,단일로 - 기타,승용,여,55세,기타불명,승용,여,58세,경상
2020060100100431,2020년 6월 1일 16시,월요일,서울특별시 강남구 삼성동,경상사고,0,0,1,0,차대차 - 기타,안전운전불이행,포장 - 건조,맑음,단일로 - 기타,화물,남,68세,상해없음,승용,여,40세,경상
2020060100100436,2020년 6월 1일 16시,월요일,서울특별시 강남구 자곡동,경상사고,0,0,2,0,차대차 - 기타,안전거리미확보,포장 - 건조,맑음,교차로 - 교차로부근,화물,남,59세,상해없음,승용,여,48세,경상
2020060100100544,2020년 6월 1일 18시,월요일,서울특별시 강남구 신사동,경상사고,0,0,1,0,차대사람 - 보도통행중,기타,포장 - 건조,맑음,기타 - 기타,승용,남,49세,상해없음,보행자,여,17세,경상
2020060100100659,2020년 6월 1일 21시,월요일,서울특별시 강남구 신사동,경상사고,0,0,2,0,차대차 - 측면충돌,안전운전불이행,포장 - 건조,맑음,기타 - 기타,승용,여,25세,상해없음,승합,남,47세,상해없음
2020060200100016,2020년 6월 2일 02시,화요일,서울특별시 강남구 압구정동,경상사고,0,0,3,0,차대차 - 추돌,안전운전불이행,포장 - 기타,맑음,단일로 - 기타,승용,남,29세,경상,승용,남,46세,경상
2020060200100039,2020년 6월 2일 06시,화요일,서울특별시 강남구 자곡동,경상사고,0,0,1,0,차대차 - 기타,신호위반,포장 - 건조,맑음,교차로 - 교차로안,승용,남,32세,상해없음,승용,남,70세,경상
2020060200100135,2020년 6월 2일 09시,화요일,서울특별시 강남구 대치동,경상사고,0,0,1,0,차대차 - 기타,안전운전불이행,포장 - 건조,맑음,교차로 - 교차로안,승용,남,75세,상해없음,승용,남,39세,경상
2020060200100280,2020년 6월 2일 13시,화요일,서울특별시 강남구 도곡동,경상사고,0,0,1,0,차대차 - 측면충돌,안전거리미확보,포장 - 건조,맑음,단일로 - 기타,승용,남,58세,상해없음,승용,여,66세,경상
2020060200100364,2020년 6월 2일 15시,화요일,서울특별시 강남구 논현동,경상사고,0,0,1,0,차대차 - 기타,안전거리미확보,포장 - 건조,기타,단일로 - 기타,승용,여,35세,상해없음,승용,남,67세,상해없음
2020060200100506,2020년 6월 2일 19시,화요일,서울특별시 강남구 압구정동,경상사고,0,0,1,0,차대차 - 측면충돌,차로위반,포장 - 건조,맑음,단일로 - 기타,화물,남,50세,상해없음,승용,남,53세,경상
2020060200100607,2020년 6월 2일 23시,화요일,서울특별시 강남구 삼성동,경상사고,0,0,2,0,차대차 - 측면충돌,안전운전불이행,포장 - 건조,맑음,기타 - 기타,승용,남,59세,상해없음,승용,남,50세,경상
2020060300100002,2020년 6월 3일 00시,수요일,서울특별시 강남구 논현동,경상사고,0,0,2,0,차대차 - 기타,기타,포장 - 건조,흐림,기타 - 기타,승용,여,35세,상해없음,승합,남,23세,경상
2020060300100046,2020년 6월 3일 05시,수요일,서울특별시 강남구 일원동,중상사고,0,1,0,0,차대차 - 기타,안전운전불이행,포장 - 건조,맑음,단일로 - 기타,이륜,남,20세,중상,승용,남,62세,상해없음
2020060300100146,2020년 6월 3일 10시,수요일,서울특별시 강남구 자곡동,경상사고,0,0,2,0,차대차 - 추돌,안전운전불이행,포장 - 건조,맑음,교차로 - 교차로부근,승용,남,66세,상해없음,승용,남,34세,경상
2020060300100209,2020년 6월 3일 12시,수요일,서울특별시 강남구 논현동,경상사고,0,0,1,0,차대차 - 추돌,안전운전불이행,포장 - 건조,맑음,교차로 - 교차로안,승용,여,33세,상해없음,승용,남,49세,경상
2020060300100210,2020년 6월 3일 12시,수요일,서울특별시 강남구 역삼동,경상사고,0,0,1,0,차대사람 - 기타,안전운전불이행,포장 - 건조,맑음,기타 - 기타,자전거,남,29세,상해없음,보행자,남,36세,경상
2020060300100315,2020년 6월 3일 15시,수요일,서울특별시 강남구 대치동,경상사고,0,0,1,2,차대차 - 기타,안전운전불이행,포장 - 건조,맑음,교차로 - 교차로안,이륜,남,25세,부상신고,승용,남,69세,경상
2020060300100400,2020년 6월 3일 17시,수요일,서울특별시 강남구 개포동,경상사고,0,0,1,0,차대차 - 추돌,안전운전불이행,포장 - 건조,맑음,교차로 - 교차로부근,승용,남,70세,상해없음,승용,남,43세,경상
2020060300100542,2020년 6월 3일 20시,수요일,서울특별시 강남구 율현동,경상사고,0,0,1,0,차대차 - 정면충돌,신호위반,포장 - 건조,맑음,교차로 - 교차로안,승용,여,50세,상해없음,승용,남,38세,경상
2020060400100018,2020년 6월 4일 01시,목요일,서울특별시 강남구 논현동,경상사고,0,0,1,0,차대차 - 추돌,안전거리미확보,포장 - 건조,맑음,교차로 - 교차로부근,승용,남,32세,상해없음,승용,남,69세,경상
2020060400100041,2020년 6월 4일 05시,목요일,서울특별시 강남구 청담동,중상사고,0,1,0,0,차대차 - 정면충돌,신호위반,포장 - 건조,맑음,교차로 - 교차로안,승용,여,22세,상해없음,승용,남,39세,중상
2020060400100123,2020년 6월 4일 09시,목요일,서울특별시 강남구 대치동,중상사고,0,1,0,0,차대사람 - 기타,안전운전불이행,포장 - 건조,맑음,기타 - 기타,자전거,남,53세,상해없음,보행자,여,58세,중상
2020060400100247,2020년 6월 4일 13시,목요일,서울특별시 강남구 역삼동,경상사고,0,0,2,0,차대차 - 측면충돌,차로위반,포장 - 기타,맑음,단일로 - 기타,승용,남,77세,경상,승용,남,27세,경상
2020060400100281,2020년 6월 4일 14시,목요일,서울특별시 강남구 청담동,경상사고,0,0,2,0,차대차 - 후진중충돌,안전운전불이행,포장 - 건조,맑음,단일로 - 기타,승용,남,57세,상해없음,승용,남,30세,경상
2020060400100331,2020년 6월 4일 15시,목요일,서울특별시 강남구 논현동,부상신고사고,0,0,0,1,차대차 - 기타,안전거리미확보,포장 - 기타,맑음,교차로 - 교차로안,이륜,남,45세,부상신고,승용,남,30세,상해없음
2020060400100333,2020년 6월 4일 15시,목요일,서울특별시 강남구 수서동,경상사고,0,0,1,0,차대차 - 추돌,안전운전불이행,포장 - 건조,맑음,교차로 - 교차로부근,승합,남,41세,상해없음,승용,남,34세,경상