사고번호,사고일시,요일,시군구,사고내용,사망자수,중상자수,경상자수,부상신고자수,사고유형,법규위반,노면상태,기상상태,도로형태,가해운전자 차종,가해운전자 성별,가해운전자 연령,가해운전자 상해정도,피해운전자 차종,피해운전자 성별,피해운전자 연령,피해운전자 상해정도
2020062300100629,2020년 6월 23일 21시,화요일,서울특별시 강남구 역삼동,경상사고,0,0,1,0,차대차 - 기타,안전운전불이행,포장 - 건조,맑음,단일로 - 기타,승용,남,57세,상해없음,승용,남,62세,경상
2020062300100657,2020년 6월 23일 22시,화요일,서울특별시 강남구 신사동,중상사고,0,1,1,0,차대차 - 측면충돌,직진우회전진행방해,포장 - 건조,맑음,교차로 - 교차로안,이륜,남,31세,중상,승용,남,61세,경상
2020062300100688,2020년 6월 23일 23시,화요일,서울특별시 강남구 수서동,경상사고,0,0,1,0,차대차 - 추돌,신호위반,포장 - 건조,맑음,교차로 - 교차로안,승용,여,64세,상해없음,승용,남,26세,경상
2020062400100183,2020년 6월 24일 11시,수요일,서울특별시 강남구 도곡동,경상사고,0,0,10,0,차대차 - 추돌,안전운전불이행,포장 - 젖음/습기,비,교차로 - 교차로안,승용,남,61세,상해없음,승용,남,63세,경상
2020062400100184,2020년 6월 24일 11시,수요일,서울특별시 강남구 역삼동,경상사고,0,0,1,0,차대차 - 기타,안전운전불이행,포장 - 건조,맑음,단일로 - 기타,승용,남,40세,상해없음,승용,여,45세,경상
2020062400100282,2020년 6월 24일 14시,수요일,서울특별시 강남구 논현동,경상사고,0,0,1,0,차대차 - 측면충돌,차로위반,포장 - 기타,맑음,단일로 - 기타,승용,여,63세,상해없음,승용,남,44세,경상
2020062400100329,2020년 6월 24일 15시,수요일,서울특별시 강남구 삼성동,경상사고,0,0,2,0,차대차 - 측면충돌,차로위반,포장 - 젖음/습기,비,단일로 - 기타,승용,여,39세,상해없음,승합,남,66세,경상
2020062400100373,2020년 6월 24일 16시,수요일,서울특별시 강남구 수서동,부상신고사고,0,0,0,1,차량단독 - 기타,안전운전불이행,포장 - 젖음/습기,비,단일로 - 기타,이륜,남,50세,부상신고,,,,
2020062400100420,2020년 6월 24일 17시,수요일,서울특별시 강남구 역삼동,경상사고,0,0,1,0,차대차 - 기타,안전운전불이행,포장 - 젖음/습기,비,교차로 - 교차로안,승용,남,55세,상해없음,이륜,남,47세,경상
2020062400100449,2020년 6월 24일 18시,수요일,서울특별시 강남구 신사동,경상사고,0,0,1,0,차대사람 - 기타,안전운전불이행,포장 - 젖음/습기,비,단일로 - 기타,승용,남,39세,상해없음,보행자,남,19세,경상
2020062400100450,2020년 6월 24일 18시,수요일,서울특별시 강남구 역삼동,경상사고,0,0,1,0,차대차 - 기타,안전운전불이행,포장 - 젖음/습기,비,단일로 - 기타,화물,남,60세,상해없음,이륜,남,37세,경상
2020062400100451,2020년 6월 24일 18시,수요일,서울특별시 강남구 논현동,경상사고,0,0,1,0,차대사람 - 차도통행중,안전운전불이행,포장 - 젖음/습기,비,단일로 - 기타,승용,남,69세,상해없음,보행자,여,30세,경상
2020062400100456,2020년 6월 24일 18시,수요일,서울특별시 강남구 역삼동,경상사고,0,0,1,1,차대차 - 측면충돌,교차로운행방법위반,포장 - 건조,맑음,교차로 - 교차로안,승용,남,24세,부상신고,승용,여,42세,경상
2020062400100499,2020년 6월 24일 19시,수요일,서울특별시 강남구 개포동,부상신고사고,0,0,0,1,차대차 - 기타,안전운전불이행,포장 - 젖음/습기,비,교차로 - 교차로부근,이륜,남,33세,부상신고,승용,남,52세,상해없음
2020062400100500,2020년 6월 24일 19시,수요일,서울특별시 강남구 대치동,경상사고,0,0,1,1,차대차 - 추돌,안전거리미확보,포장 - 건조,맑음,단일로 - 기타,이륜,남,25세,부상신고,승용,남,35세,경상
2020062400100589,2020년 6월 24일 21시,수요일,서울특별시 강남구 삼성동,경상사고,0,0,1,0,차대차 - 추돌,안전거리미확보,포장 - 건조,기타,단일로 - 기타,승용,남,65세,상해없음,승용,남,67세,상해없음
2020062400100590,2020년 6월 24일 21시,수요일,서울특별시 강남구 역삼동,경상사고,0,0,1,0,차대차 - 추돌,안전운전불이행,포장 - 건조,맑음,단일로 - 기타,승용,남,32세,상해없음,이륜,남,35세,경상
2020062400100644,2020년 6월 24일 22시,수요일,서울특별시 강남구 도곡동,경상사고,0,0,3,0,차대차 - 기타,중앙선침범,포장 - 젖음/습기,흐림,단일로 - 기타,승용,남,27세,상해없음,승용,남,59세,경상
2020062400100645,2020년 6월 24일 22시,수요일,서울특별시 강남구 역삼동,경상사고,0,0,1,0,차대사람 - 길가장자리구역통행중,안전운전불이행,포장 - 젖음/습기,비,단일로 - 기타,기타불명,기타불명,미분류,기타불명,보행자,남,39세,경상
2020062500100006,2020년 6월 25일 00시,목요일,서울특별시 강남구 청담동,경상사고,0,0,2,0,차대차 - 측면충돌,안전운전불이행,포장 - 젖음/습기,비,단일로 - 기타,승용,남,49세,상해없음,승용,남,36세,경상
2020062500100119,2020년 6월 25일 08시,목요일,서울특별시 강남구 도곡동,경상사고,0,0,2,0,차대차 - 추돌,신호위반,포장 - 건조,흐림,교차로 - 교차로안,승용,남,42세,상해없음,승용,여,41세,경상
2020062500100267,2020년 6월 25일 13시,목요일,서울특별시 강남구 논현동,경상사고,0,0,1,0,차대사람 - 기타,안전운전불이행,포장 - 건조,맑음,기타 - 기타,승용,여,53세,상해없음,보행자,남,47세,경상
2020062500100471,2020년 6월 25일 19시,목요일,서울특별시 강남구 대치동,경상사고,0,0,1,0,차대사람 - 횡단중,안전운전불이행,포장 - 건조,맑음,단일로 - 기타,승용,남,25세,상해없음,보행자,여,41세,경상
2020062500100493,2020년 6월 25일 20시,목요일,서울특별시 강남구 신사동,경상사고,0,0,1,1,차대차 - 추돌,안전운전불이행,포장 - 젖음/습기,비,단일로 - 기타,승용,남,70세,상해없음,승용,남,36세,경상
2020062500100496,2020년 6월 25일 20시,목요일,서울특별시 강남구 일원동,중상사고,0,1,0,0,차대사람 - 기타,안전운전불이행,포장 - 젖음/습기,비,기타 - 기타,자전거,여,44세,중상,보행자,여,30세,상해없음
2020062500100526,2020년 6월 25일 21시,목요일,서울특별시 강남구 논현동,경상사고,0,0,1,0,차대차 - 측면충돌,신호위반,포장 - 기타,맑음,교차로 - 교차로부근,승용,남,59세,경상,승합,남,41세,상해없음
2020062500100606,2020년 6월 25일 23시,목요일,서울특별시 강남구 삼성동,중상사고,0,1,1,0,차대차 - 추돌,안전거리미확보,포장 - 기타,맑음,단일로 - 기타,승용,남,61세,상해없음,승용,남,55세,중상
2020062600100026,2020년 6월 26일 01시,금요일,서울특별시 강남구 역삼동,경상사고,0,0,1,0,차대사람 - 횡단중,보행자보호의무위반,포장 - 젖음/습기,비,단일로 - 기타,승용,남,49세,상해없음,보행자,남,60세,경상
2020062600100027,2020년 6월 26일 01시,금요일,서울특별시 강남구 도곡동,중상사고,0,1,0,0,차대차 - 추돌,안전운전불이행,포장 - 젖음/습기,비,교차로 - 교차로안,승용,남,56세,상해없음,이륜,남,62세,중상
2020062600100043,2020년 6월 26일 02시,금요일,서울특별시 강남구 삼성동,경상사고,0,0,2,0,차대차 - 추돌,안전운전불이행,포장 - 기타,맑음,단일로 - 기타,승용,남,40세,상해없음,승용,남,59세,경상
2020062600100076,2020년 6월 26일 06시,금요일,서울특별시 강남구 자곡동,중상사고,0,1,0,0,차대사람 - 횡단중,신호위반,포장 - 젖음/습기,흐림,교차로 - 교차로횡단보도내,이륜,남,58세,상해없음,보행자,여,61세,중상
2020062600100354,2020년 6월 26일 15시,금요일,서울특별시 강남구 일원동,경상사고,0,0,1,0,차대사람 - 기타,안전운전불이행,포장 - 건조,맑음,단일로 - 기타,화물,남,51세,상해없음,보행자,여,68세,경상
2020062600100512,2020년 6월 26일 18시,금요일,서울특별시 강남구 개포동,중상사고,0,1,0,0,차대차 - 기타,신호위반,포장 - 건조,맑음,교차로 - 교차로안,승용,남,37세,상해없음,이륜,남,59세,중상
2020062600100635,2020년 6월 26일 21시,금요일,서울특별시 강남구 대치동,경상사고,0,0,1,0,차량단독 - 기타,기타,포장 - 건조,맑음,단일로 - 기타,승합,남,34세,상해없음,,,,
2020062600100674,2020년 6월 26일 22시,금요일,서울특별시 강남구 대치동,경상사고,0,0,1,0,차대차 - 추돌,안전운전불이행,포장 - 건조,맑음,단일로 - 기타,승용,남,49세,상해없음,승용,남,36세,경상
2020062600100705,2020년 6월 26일 23시,금요일,서울특별시 강남구 청담동,경상사고,0,0,1,0,차대차 - 추돌,안전운전불이행,포장 - 건조,맑음,단일로 - 기타,승용,여,30세,상해없음,승용,여,54세,경상
2020062700100025,2020년 6월 27일 01시,토요일,서울특별시 강남구 신사동,경상사고,0,0,1,0,차대사람 - 기타,안전운전불이행,포장 - 건조,맑음,단일로 - 기타,기타불명,기타불명,미분류,기타불명,보행자,여,24세,경상
2020062700100113,2020년 6월 27일 08시,토요일,서울특별시 강남구 개포동,중상사고,0,1,1,0,차대차 - 추돌,안전운전불이행,포장 - 건조,맑음,단일로 - 터널,승용,남,44세,상해없음,승용,남,60세,중상
2020062700100114,2020년 6월 27일 08시,토요일,서울특별시 강남구 도곡동,경상사고,0,0,1,0,차대사람 - 기타,안전운전불이행,포장 - 건조,맑음,기타 - 기타,승용,남,63세,상해없음,보행자,여,26세,경상
2020062700100410,2020년 6월 27일 17시,토요일,서울특별시 강남구 신사동,경상사고,0,0,2,0,차대차 - 기타,안전운전불이행,포장 - 건조,맑음,단일로 - 기타,승용,남,59세,상해없음,승용,남,31세,경상
2020062700100453,2020년 6월 27일 18시,토요일,서울특별시 강남구 도곡동,경상사고,0,0,1,0,차대차 - 기타,안전운전불이행,포장 - 건조,맑음,단일로 - 기타,기타불명,기타불명,미분류,기타불명,이륜,남,32세,경상
2020062700100544,2020년 6월 27일 21시,토요일,서울특별시 강남구 압구정동,경상사고,0,0,1,0,차대차 - 측면충돌,안전운전불이행,포장 - 건조,맑음,기타 - 기타,승용,남,36세,상해없음,이륜,남,38세,경상
2020062700100548,2020년 6월 27일 21시,토요일,서울특별시 강남구 도곡동,중상사고,0,1,0,0,차대차 - 기타,안전운전불이행,포장 - 건조,맑음,교차로 - 교차로안,승용,여,34세,상해없음,개인형이동수단(PM),남,25세,중상
2020062800100004,2020년 6월 28일 00시,일요일,서울특별시 강남구 신사동,경상사고,0,0,2,0,차대차 - 추돌,안전운전불이행,포장 - 건조,맑음,단일로 - 기타,승용,남,29세,상해없음,승용,남,62세,경상
2020062800100005,2020년 6월 28일 00시,일요일,서울특별시 강남구 신사동,경상사고,0,0,3,0,차대차 - 측면충돌,안전운전불이행,포장 - 건조,맑음,단일로 - 기타,승용,남,62세,상해없음,승용,남,23세,경상
2020062800100067,2020년 6월 28일 05시,일요일,서울특별시 강남구 논현동,경상사고,0,0,2,0,차대차 - 기타,안전운전불이행,포장 - 건조,맑음,교차로 - 교차로안,승용,남,28세,상해없음,개인형이동수단(PM),여,22세,경상
2020062800100205,2020년 6월 28일 13시,일요일,서울특별시 강남구 삼성동,경상사고,0,0,1,0,차대차 - 측면충돌,안전거리미확보,포장 - 건조,맑음,단일로 - 고가도로위,승용,남,65세,상해없음,승용,여,36세,경상
2020062800100334,2020년 6월 28일 17시,일요일,서울특별시 강남구 역삼동,중상사고,0,1,0,0,차대차 - 기타,신호위반,포장 - 건조,맑음,교차로 - 교차로안,승용,남,33세,상해없음,이륜,남,40세,중상
2020062800100372,2020년 6월 28일 18시,일요일,서울특별시 강남구 신사동,경상사고,0,0,1,0,차대사람 - 기타,안전운전불이행,포장 - 건조,맑음,교차로 - 교차로안,승용,남,53세,상해없음,보행자,여,20세,경상
2020062800100373,2020년 6월 28일 18시,일요일,서울특별시 강남구 논현동,중상사고,0,1,1,0,차대차 - 측면충돌,차로위반,포장 - 기타,기타,교차로 - 교차로부근,승용,여,28세,중상,승용,남,29세,경상
2020062800100374,2020년 6월 28일 18시,일요일,서울특별시 강남구 신사동,경상사고,0,0,2,0,차대차 - 측면충돌,안전운전불이행,포장 - 건조,맑음,단일로 - 기타,승용,남,65세,기타불명,승용,남,29세,경상
2020062900100008,2020년 6월 29일 02시,월요일,서울특별시 강남구 논현동,중상사고,0,1,0,0,차대사람 - 기타,안전운전불이행,포장 - 건조,맑음,단일로 - 기타,승용,남,37세,상해없음,보행자,남,27세,중상
2020062900100043,2020년 6월 29일 07시,월요일,서울특별시 강남구 도곡동,경상사고,0,0,2,0,차대차 - 기타,안전운전불이행,포장 - 건조,맑음,교차로 - 교차로안,승용,여,42세,경상,승용,남,38세,경상
2020062900100099,2020년 6월 29일 09시,월요일,서울특별시 강남구 역삼동,경상사고,0,0,2,1,차대차 - 기타,직진우회전진행방해,포장 - 건조,맑음,교차로 - 교차로안,승용,남,48세,부상신고,승용,남,33세,경상
2020062900100163,2020년 6월 29일 11시,월요일,서울특별시 강남구 역삼동,경상사고,0,0,1,0,차대차 - 추돌,차로위반,포장 - 건조,맑음,교차로 - 교차로부근,승용,남,73세,상해없음,승용,여,58세,경상
2020062900100274,2020년 6월 29일 14시,월요일,서울특별시 강남구 개포동,경상사고,0,0,1,0,차대차 - 추돌,불법유턴,포장 - 건조,맑음,교차로 - 교차로부근,승용,남,37세,상해없음,승용,여,42세,경상
2020062900100303,2020년 6월 29일 15시,월요일,서울특별시 강남구 역삼동,경상사고,0,0,1,0,차대차 - 측면충돌,직진우회전진행방해,포장 - 건조,맑음,교차로 - 교차로안,승용,남,33세,상해없음,이륜,남,34세,경상
2020062900100476,2020년 6월 29일 19시,월요일,서울특별시 강남구 청담동,경상사고,0,0,2,0,차대사람 - 기타,안전운전불이행,포장 - 젖음/습기,비,단일로 - 기타,승용,여,65세,상해없음,보행자,여,35세,경상
2020062900100477,2020년 6월 29일 19시,월요일,서울특별시 강남구 삼성동,경상사고,0,0,1,0,차대차 - 기타,안전운전불이행,포장 - 젖음/습기,비,단일로 - 기타,승용,여,72세,상해없음,승용,남,32세,경상
2020062900100479,2020년 6월 29일 19시,월요일,서울특별시 강남구 역삼동,경상사고,0,0,1,0,차대차 - 기타,안전운전불이행,포장 - 건조,맑음,교차로 - 교차로안,승용,남,47세,상해없음,승용,남,42세,경상
2020062900100512,2020년 6월 29일 20시,월요일,서울특별시 강남구 논현동,경상사고,0,0,2,0,차대차 - 측면충돌,교차로운행방법위반,포장 - 젖음/습기,비,교차로 - 교차로부근,승용,남,40세,상해없음,승용,남,31세,경상
2020062900100650,2020년 6월 29일 23시,월요일,서울특별시 강남구 세곡동,경상사고,0,0,3,0,차대차 - 기타,중앙선침범,포장 - 젖음/습기,비,단일로 - 기타,승용,여,37세,상해없음,승용,남,51세,경상
2020063000100056,2020년 6월 30일 03시,화요일,서울특별시 강남구 논현동,경상사고,0,0,1,0,차대차 - 추돌,안전운전불이행,포장 - 젖음/습기,비,단일로 - 기타,승용,남,23세,상해없음,이륜,남,31세,경상
2020063000100060,2020년 6월 30일 04시,화요일,서울특별시 강남구 역삼동,경상사고,0,0,1,0,차대차 - 추돌,안전운전불이행,포장 - 기타,맑음,단일로 - 기타,승용,남,33세,상해없음,승용,남,38세,경상
2020063000100372,2020년 6월 30일 17시,화요일,서울특별시 강남구 역삼동,중상사고,0,1,0,0,차대차 - 기타,안전운전불이행,포장 - 건조,흐림,단일로 - 기타,승용,여,51세,상해없음,이륜,남,22세,중상
2020063000100485,2020년 6월 30일 20시,화요일,서울특별시 강남구 논현동,경상사고,0,0,2,0,차대차 - 기타,안전거리미확보,포장 - 건조,흐림,기타 - 기타,승용,여,64세,경상,승용,남,32세,경상
2020063000100570,2020년 6월 30일 22시,화요일,서울특별시 강남구 역삼동,경상사고,0,0,1,0,차대사람 - 기타,안전운전불이행,포장 - 젖음/습기,비,단일로 - 기타,승용,남,47세,상해없음,보행자,남,19세,경상
2020063000100593,2020년 6월 30일 23시,화요일,서울특별시 강남구 역삼동,경상사고,0,0,2,0,차대차 - 후진중충돌,안전운전불이행,포장 - 건조,맑음,단일로 - 기타,승용,남,37세,상해없음,승용,여,29세,경상
2020070100100003,2020년 7월 1일 00시,수요일,서울특별시 강남구 논현동,중상사고,0,1,0,0,차대차 - 추돌,안전운전불이행,포장 - 젖음/습기,흐림,교차로 - 교차로부근,승용,남,33세,상해없음,승용,여,26세,중상
2020070100100004,2020년 7월 1일 00시,수요일,서울특별시 강남구 역삼동,경상사고,0,0,3,0,차대차 - 추돌,안전운전불이행,포장 - 젖음/습기,흐림,단일로 - 기타,승용,남,42세,상해없음,승용,남,59세,경상
2020070100100037,2020년 7월 1일 03시,수요일,서울특별시 강남구 역삼동,경상사고,0,0,3,0,차대차 - 측면충돌,직진우회전진행방해,포장 - 건조,맑음,교차로 - 교차로안,승용,여,48세,상해없음,승용,남,40세,경상
2020070100100377,2020년 7월 1일 17시,수요일,서울특별시 강남구 대치동,경상사고,0,0,1,0,차대차 - 측면충돌,안전운전불이행,포장 - 건조,맑음,교차로 - 교차로부근,승용,남,67세,상해없음,승용,여,63세,경상
2020070100100405,2020년 7월 1일 18시,수요일,서울특별시 강남구 청담동,경상사고,0,0,1,0,차대차 - 기타,안전거리미확보,포장 - 기타,맑음,단일로 - 기타,승용,남,19세,상해없음,승용,남,53세,경상
2020070100100410,2020년 7월 1일 18시,수요일,서울특별시 강남구 역삼동,경상사고,0,0,1,0,차대사람 - 기타,안전운전불이행,포장 - 건조,맑음,단일로 - 기타,개인형이동수단(PM),남,29세,상해없음,보행자,여,70세,경상
2020070100100494,2020년 7월 1일 20시,수요일,서울특별시 강남구 대치동,경상사고,0,0,1,0,차대차 - 기타,안전운전불이행,포장 - 건조,맑음,단일로 - 기타,자전거,남,30세,상해없음,자전거,남,51세,경상
2020070100100497,2020년 7월 1일 20시,수요일,서울특별시 강남구 대치동,경상사고,0,0,1,0,차대차 - 기타,안전운전불이행,포장 - 건조,맑음,단일로 - 기타,승용,남,55세,상해없음,이륜,남,55세,경상
2020070100100525,2020년 7월 1일 21시,수요일,서울특별시 강남구 역삼동,경상사고,0,0,1,0,차대사람 - 길가장자리구역통행중,안전운전불이행,포장 - 건조,맑음,단일로 - 기타,승용,여,30세,상해없음,보행자,남,26세,경상
2020070200100003,2020년 7월 2일 00시,목요일,서울특별시 강남구 역삼동,경상사고,0,0,1,0,차대차 - 기타,안전운전불이행,포장 - 건조,맑음,단일로 - 기타,승용,남,78세,상해없음,승용,여,36세,경상
2020070200100021,2020년 7월 2일 02시,목요일,서울특별시 강남구 삼성동,경상사고,0,0,1,0,차대차 - 추돌,안전운전불이행,포장 - 건조,맑음,단일로 - 기타,승용,남,42세,상해없음,승용,남,45세,경상
2020070200100200,2020년 7월 2일 11시,목요일,서울특별시 강남구 삼성동,중상사고,0,1,0,0,차대차 - 측면충돌,안전거리미확보,포장 - 기타,맑음,단일로 - 기타,승용,남,72세,상해없음,이륜,남,50세,중상
2020070200100202,2020년 7월 2일 11시,목요일,서울특별시 강남구 역삼동,중상사고,0,1,0,0,차대차 - 기타,신호위반,포장 - 건조,맑음,교차로 - 교차로안,승용,남,73세,상해없음,이륜,남,46세,중상
2020070200100259,2020년 7월 2일 13시,목요일,서울특별시 강남구 청담동,경상사고,0,0,1,0,차대차 - 측면충돌,안전운전불이행,포장 - 기타,맑음,단일로 - 기타,개인형이동수단(PM),여,19세,경상,승용,여,69세,상해없음
2020070200100262,2020년 7월 2일 13시,목요일,서울특별시 강남구 역삼동,중상사고,0,1,0,0,차대사람 - 횡단중,보행자보호의무위반,포장 - 건조,맑음,교차로 - 교차로안,승용,여,70세,기타불명,보행자,여,60세,중상
2020070200100299,2020년 7월 2일 14시,목요일,서울특별시 강남구 삼성동,경상사고,0,0,1,0,차대차 - 측면충돌,안전거리미확보,포장 - 건조,맑음,교차로 - 교차로부근,승용,남,70세,기타불명,승용,여,26세,경상
2020070200100370,2020년 7월 2일 16시,목요일,서울특별시 강남구 청담동,중상사고,0,1,1,0,차대차 - 기타,안전운전불이행,포장 - 건조,맑음,기타 - 기타,승용,여,64세,경상,승용,여,50세,중상
2020070200100413,2020년 7월 2일 17시,목요일,서울특별시 강남구 신사동,중상사고,0,1,1,0,차대차 - 기타,안전거리미확보,포장 - 기타,맑음,단일로 - 기타,승용,남,39세,상해없음,승용,여,59세,중상
2020070200100414,2020년 7월 2일 17시,목요일,서울특별시 강남구 논현동,중상사고,0,1,1,0,차대차 - 측면충돌,신호위반,포장 - 기타,맑음,단일로 - 기타,승용,남,76세,상해없음,개인형이동수단(PM),남,36세,중상
2020070200100415,2020년 7월 2일 17시,목요일,서울특별시 강남구 논현동,경상사고,0,0,2,0,차대차 - 측면충돌,안전운전불이행,포장 - 건조,맑음,단일로 - 지하차도(도로)내,승용,남,68세,상해없음,승용,남,27세,경상
2020070200100452,2020년 7월 2일 18시,목요일,서울특별시 강남구 삼성동,중상사고,0,1,0,0,차대사람 - 보도통행중,안전운전불이행,포장 - 건조,맑음,단일로 - 기타,원동기,남,27세,상해없음,보행자,남,54세,중상
2020070200100499,2020년 7월 2일 19시,목요일,서울특별시 강남구 대치동,경상사고,0,0,1,0,차대차 - 기타,안전운전불이행,포장 - 건조,맑음,단일로 - 기타,승용,남,50세,상해없음,승용,여,45세,경상
2020070200100527,2020년 7월 2일 20시,목요일,서울특별시 강남구 역삼동,경상사고,0,0,1,0,차량단독 - 기타,기타,포장 - 건조,맑음,단일로 - 기타,승용,남,47세,상해없음,,,,
2020070300100039,2020년 7월 3일 03시,금요일,서울특별시 강남구 압구정동,경상사고,0,0,1,0,차대차 - 정면충돌,안전운전불이행,포장 - 건조,맑음,단일로 - 고가도로위,승용,남,27세,상해없음,건설기계,남,50세,경상
2020070300100040,2020년 7월 3일 03시,금요일,서울특별시 강남구 삼성동,중상사고,0,1,1,0,차대차 - 측면충돌,신호위반,포장 - 건조,맑음,교차로 - 교차로안,화물,남,51세,기타불명,승용,남,50세,경상
2020070300100099,2020년 7월 3일 08시,금요일,서울특별시 강남구 논현동,경상사고,0,0,1,0,차대차 - 기타,안전운전불이행,포장 - 건조,맑음,단일로 - 기타,승용,남,38세,상해없음,승용,남,54세,경상
2020070300100182,2020년 7월 3일 10시,금요일,서울특별시 강남구 개포동,경상사고,0,0,1,0,차대차 - 기타,안전운전불이행,포장 - 건조,맑음,교차로 - 교차로안,승용,남,67세,상해없음,자전거,남,63세,경상
2020070300100183,2020년 7월 3일 10시,금요일,서울특별시 강남구 역삼동,중상사고,0,1,0,0,차대차 - 추돌,기타,포장 - 건조,맑음,단일로 - 기타,승용,남,60세,상해없음,이륜,남,31세,중상
2020070300100203,2020년 7월 3일 11시,금요일,서울특별시 강남구 역삼동,중상사고,0,1,0,0,차대차 - 측면충돌,안전운전불이행,포장 - 건조,맑음,단일로 - 기타,원동기,남,56세,중상,승용,남,47세,상해없음
2020070300100237,2020년 7월 3일 12시,금요일,서울특별시 강남구 청담동,경상사고,0,0,1,0,차대차 - 측면충돌,안전운전불이행,포장 - 건조,맑음,단일로 - 기타,이륜,남,32세,경상,승용,여,25세,상해없음
2020070300100266,2020년 7월 3일 13시,금요일,서울특별시 강남구 논현동,경상사고,0,0,1,0,차대차 - 기타,안전거리미확보,포장 - 건조,맑음,교차로 - 교차로안,승용,남,75세,상해없음,승용,남,46세,경상
2020070300100267,2020년 7월 3일 13시,금요일,서울특별시 강남구 역삼동,부상신고사고,0,0,0,1,차대사람 - 기타,안전운전불이행,포장 - 건조,맑음,단일로 - 기타,승용,남,67세,상해없음,보행자,여,58세,부상신고
2020070300100270,2020년 7월 3일 13시,금요일,서울특별시 강남구 수서동,부상신고사고,0,0,0,1,차대사람 - 기타,안전운전불이행,포장 - 건조,맑음,단일로 - 기타,자전거,남,35세,부상신고,보행자,남,71세,상해없음
2020070300100298,2020년 7월 3일 14시,금요일,서울특별시 강남구 삼성동,경상사고,0,0,1,0,차대차 - 기타,안전운전불이행,포장 - 건조,맑음,교차로 - 교차로부근,자전거,남,46세,경상,승용,남,41세,상해없음
2020070300100372,2020년 7월 3일 16시,금요일,서울특별시 강남구 수서동,중상사고,0,1,0,0,차대차 - 추돌,안전운전불이행,포장 - 건조,맑음,단일로 - 기타,승용,여,24세,상해없음,승용,남,40세,중상
2020070300100408,2020년 7월 3일 17시,금요일,서울특별시 강남구 신사동,경상사고,0,0,2,0,차대차 - 기타,안전운전불이행,포장 - 건조,맑음,기타 - 기타,승용,남,30세,경상,승용,남,37세,경상
2020070300100416,2020년 7월 3일 17시,금요일,서울특별시 강남구 대치동,중상사고,0,1,0,0,차대차 - 추돌,안전운전불이행,포장 - 건조,맑음,단일로 - 기타,승용,남,78세,상해없음,승용,여,69세,중상
2020070300100512,2020년 7월 3일 19시,금요일,서울특별시 강남구 수서동,중상사고,0,1,0,1,차대차 - 기타,안전거리미확보,포장 - 건조,맑음,교차로 - 교차로부근,승용,남,39세,부상신고,승용,남,51세,중상
2020070300100545,2020년 7월 3일 20시,금요일,서울특별시 강남구 도곡동,중상사고,0,1,1,0,차대차 - 기타,안전운전불이행,포장 - 건조,맑음,교차로 - 교차로안,이륜,남,49세,중상,이륜,남,37세,경상
2020070300100546,2020년 7월 3일 20시,금요일,서울특별시 강남구 도곡동,중상사고,0,1,1,0,차대차 - 추돌,안전거리미확보,포장 - 건조,맑음,단일로 - 기타,이륜,남,45세,중상,이륜,남,22세,경상
2020070300100589,2020년 7월 3일 21시,금요일,서울특별시 강남구 도곡동,경상사고,0,0,1,0,차대차 - 기타,안전운전불이행,포장 - 건조,맑음,단일로 - 기타,승용,남,42세,상해없음,승용,남,50세,경상
2020070400100004,2020년 7월 4일 00시,토요일,서울특별시 강남구 청담동,경상사고,0,0,1,0,차대차 - 기타,안전운전불이행,포장 - 젖음/습기,비,단일로 - 기타,승용,남,28세,상해없음,승용,여,36세,경상
2020070400100042,2020년 7월 4일 01시,토요일,서울특별시 강남구 신사동,경상사고,0,0,2,0,차대사람 - 기타,안전운전불이행,포장 - 젖음/습기,비,단일로 - 기타,승용,남,27세,상해없음,보행자,여,22세,경상
2020070400100044,2020년 7월 4일 01시,토요일,서울특별시 강남구 대치동,중상사고,0,1,0,0,차량단독 - 기타,안전운전불이행,포장 - 건조,맑음,단일로 - 기타,승합,남,49세,상해없음,,,,
2020070400100095,2020년 7월 4일 05시,토요일,서울특별시 강남구 신사동,경상사고,0,0,2,0,차대차 - 추돌,안전운전불이행,포장 - 젖음/습기,흐림,단일로 - 기타,승용,남,31세,상해없음,승용,남,31세,경상
2020070400100215,2020년 7월 4일 11시,토요일,서울특별시 강남구 역삼동,경상사고,0,0,2,0,차대차 - 기타,안전거리미확보,포장 - 건조,맑음,단일로 - 기타,승용,남,68세,상해없음,승용,남,66세,경상
2020070400100260,2020년 7월 4일 12시,토요일,서울특별시 강남구 수서동,경상사고,0,0,1,0,차대차 - 추돌,안전운전불이행,포장 - 건조,맑음,단일로 - 기타,자전거,남,53세,상해없음,자전거,남,32세,경상
2020070400100287,2020년 7월 4일 13시,토요일,서울특별시 강남구 논현동,경상사고,0,0,1,0,차대사람 - 횡단중,신호위반,포장 - 건조,맑음,단일로 - 기타,기타불명,기타불명,미분류,기타불명,보행자,여,25세,경상
2020070400100335,2020년 7월 4일 14시,토요일,서울특별시 강남구 도곡동,중상사고,0,1,0,0,차대차 - 기타,안전운전불이행,포장 - 건조,맑음,교차로 - 교차로안,승용,남,57세,상해없음,개인형이동수단(PM),남,19세,중상
2020070400100407,2020년 7월 4일 16시,토요일,서울특별시 강남구 압구정동,중상사고,0,1,0,0,차대차 - 기타,안전운전불이행,포장 - 건조,맑음,단일로 - 기타,개인형이동수단(PM),여,35세,상해없음,자전거,남,21세,중상