사고번호,사고일시,요일,시군구,사고내용,사망자수,중상자수,경상자수,부상신고자수,사고유형,법규위반,노면상태,기상상태,도로형태,가해운전자 차종,가해운전자 성별,가해운전자 연령,가해운전자 상해정도,피해운전자 차종,피해운전자 성별,피해운전자 연령,피해운전자 상해정도
2020071400100627,2020년 7월 14일 23시,화요일,서울특별시 강남구 압구정동,경상사고,0,0,1,0,차대차 - 추돌,안전운전불이행,포장 - 건조,맑음,교차로 - 교차로안,승용,남,57세,상해없음,승용,남,56세,경상
2020071500100017,2020년 7월 15일 01시,수요일,서울특별시 강남구 청담동,중상사고,0,2,0,1,차대차 - 기타,신호위반,포장 - 건조,맑음,교차로 - 교차로안,승용,남,59세,상해없음,승용,남,60세,부상신고
2020071500100123,2020년 7월 15일 09시,수요일,서울특별시 강남구 역삼동,경상사고,0,0,1,0,차대차 - 기타,안전운전불이행,포장 - 건조,맑음,단일로 - 기타,승용,남,48세,상해없음,승용,남,47세,경상
2020071500100159,2020년 7월 15일 10시,수요일,서울특별시 강남구 논현동,경상사고,0,0,1,0,차대사람 - 기타,중앙선침범,포장 - 건조,맑음,단일로 - 기타,승용,남,35세,상해없음,보행자,남,73세,경상
2020071500100185,2020년 7월 15일 11시,수요일,서울특별시 강남구 압구정동,경상사고,0,0,1,0,차대차 - 측면충돌,안전거리미확보,포장 - 건조,맑음,단일로 - 기타,승용,여,40세,경상,승용,남,54세,상해없음
2020071500100213,2020년 7월 15일 12시,수요일,서울특별시 강남구 청담동,경상사고,0,0,1,0,차대차 - 기타,중앙선침범,포장 - 건조,맑음,단일로 - 기타,개인형이동수단(PM),여,17세,경상,승용,남,36세,상해없음
2020071500100216,2020년 7월 15일 12시,수요일,서울특별시 강남구 개포동,경상사고,0,0,1,0,차대차 - 측면충돌,안전거리미확보,포장 - 건조,맑음,교차로 - 교차로부근,승용,남,27세,상해없음,승용,남,62세,경상
2020071500100287,2020년 7월 15일 14시,수요일,서울특별시 강남구 삼성동,경상사고,0,0,1,0,차대차 - 측면충돌,차로위반,포장 - 건조,맑음,단일로 - 기타,승용,여,29세,상해없음,승용,남,38세,경상
2020071500100317,2020년 7월 15일 15시,수요일,서울특별시 강남구 대치동,경상사고,0,0,2,0,차대차 - 추돌,안전운전불이행,포장 - 건조,맑음,단일로 - 기타,승용,남,59세,상해없음,승용,남,39세,경상
2020071500100395,2020년 7월 15일 17시,수요일,서울특별시 강남구 역삼동,경상사고,0,0,1,0,차대차 - 기타,신호위반,포장 - 건조,맑음,단일로 - 기타,승용,남,30세,상해없음,승합,남,49세,경상
2020071500100446,2020년 7월 15일 18시,수요일,서울특별시 강남구 논현동,경상사고,0,0,1,0,차대차 - 기타,기타,포장 - 건조,맑음,단일로 - 기타,승용,남,49세,상해없음,자전거,남,36세,경상
2020071500100450,2020년 7월 15일 18시,수요일,서울특별시 강남구 대치동,경상사고,0,0,1,0,차대사람 - 기타,안전운전불이행,포장 - 건조,맑음,단일로 - 기타,승용,여,30세,상해없음,보행자,남,19세,경상
2020071500100451,2020년 7월 15일 18시,수요일,서울특별시 강남구 개포동,경상사고,0,0,1,0,차대차 - 측면충돌,안전운전불이행,포장 - 건조,맑음,교차로 - 교차로안,승용,남,40세,상해없음,승용,남,28세,경상
2020071500100500,2020년 7월 15일 19시,수요일,서울특별시 강남구 청담동,경상사고,0,0,1,0,차대차 - 기타,안전운전불이행,포장 - 건조,맑음,단일로 - 기타,이륜,남,32세,경상,승용,남,48세,상해없음
2020071500100502,2020년 7월 15일 19시,수요일,서울특별시 강남구 대치동,경상사고,0,0,1,0,차대사람 - 기타,안전운전불이행,포장 - 건조,맑음,단일로 - 기타,승용,여,41세,상해없음,보행자,여,31세,경상
2020071500100536,2020년 7월 15일 20시,수요일,서울특별시 강남구 역삼동,중상사고,0,1,0,0,차대차 - 기타,안전거리미확보,포장 - 건조,맑음,교차로 - 교차로안,승용,남,28세,상해없음,이륜,남,40세,중상
2020071500100537,2020년 7월 15일 20시,수요일,서울특별시 강남구 역삼동,경상사고,0,0,1,0,차대차 - 측면충돌,안전운전불이행,포장 - 건조,맑음,단일로 - 기타,승용,여,41세,상해없음,승용,여,55세,경상
2020071500100596,2020년 7월 15일 22시,수요일,서울특별시 강남구 도곡동,중상사고,0,1,2,0,차대차 - 추돌,안전거리미확보,포장 - 건조,맑음,교차로 - 교차로부근,승용,여,55세,상해없음,승용,남,60세,상해없음
2020071600100001,2020년 7월 16일 00시,목요일,서울특별시 강남구 신사동,경상사고,0,0,2,0,차대차 - 측면충돌,안전거리미확보,포장 - 기타,맑음,교차로 - 교차로부근,승용,여,44세,상해없음,승용,남,50세,경상
2020071600100018,2020년 7월 16일 01시,목요일,서울특별시 강남구 역삼동,부상신고사고,0,0,0,1,차대차 - 추돌,안전운전불이행,포장 - 건조,맑음,교차로 - 교차로부근,승용,남,54세,상해없음,화물,남,71세,부상신고
2020071600100029,2020년 7월 16일 02시,목요일,서울특별시 강남구 신사동,중상사고,0,1,0,0,차량단독 - 공작물충돌,안전운전불이행,포장 - 건조,맑음,단일로 - 기타,승용,남,20세,중상,,,,
2020071600100071,2020년 7월 16일 07시,목요일,서울특별시 강남구 역삼동,중상사고,0,1,0,0,차대사람 - 보도통행중,안전운전불이행,포장 - 건조,맑음,기타 - 기타,승용,여,34세,상해없음,보행자,남,35세,중상
2020071600100094,2020년 7월 16일 08시,목요일,서울특별시 강남구 대치동,경상사고,0,0,1,0,차대차 - 측면충돌,직진우회전진행방해,포장 - 건조,맑음,교차로 - 교차로안,승용,여,47세,상해없음,승용,남,60세,경상
2020071600100238,2020년 7월 16일 12시,목요일,서울특별시 강남구 압구정동,경상사고,0,0,1,0,차대차 - 추돌,안전운전불이행,포장 - 건조,맑음,교차로 - 교차로부근,승용,남,49세,상해없음,승용,여,47세,경상
2020071600100239,2020년 7월 16일 12시,목요일,서울특별시 강남구 삼성동,중상사고,0,2,0,0,차대차 - 기타,교차로운행방법위반,포장 - 건조,기타,교차로 - 교차로안,승용,여,54세,상해없음,승용,남,29세,중상
2020071600100240,2020년 7월 16일 12시,목요일,서울특별시 강남구 대치동,경상사고,0,0,1,0,차대차 - 기타,안전운전불이행,포장 - 건조,맑음,단일로 - 기타,개인형이동수단(PM),남,23세,경상,승용,남,57세,상해없음
2020071600100311,2020년 7월 16일 14시,목요일,서울특별시 강남구 역삼동,경상사고,0,0,1,0,차대차 - 기타,안전운전불이행,포장 - 건조,맑음,단일로 - 기타,승용,여,40세,상해없음,이륜,남,48세,경상
2020071600100345,2020년 7월 16일 15시,목요일,서울특별시 강남구 신사동,경상사고,0,0,1,0,차대사람 - 길가장자리구역통행중,안전운전불이행,포장 - 건조,맑음,단일로 - 기타,화물,남,46세,상해없음,보행자,여,24세,경상
2020071600100346,2020년 7월 16일 15시,목요일,서울특별시 강남구 역삼동,경상사고,0,0,1,0,차대차 - 측면충돌,안전운전불이행,포장 - 건조,맑음,교차로 - 교차로부근,승용,남,71세,상해없음,승용,남,39세,경상
2020071600100490,2020년 7월 16일 18시,목요일,서울특별시 강남구 개포동,경상사고,0,0,1,0,차대사람 - 기타,안전운전불이행,포장 - 건조,맑음,단일로 - 기타,승용,여,28세,상해없음,보행자,남,13세,경상
2020071600100491,2020년 7월 16일 18시,목요일,서울특별시 강남구 세곡동,부상신고사고,0,0,0,1,차량단독 - 기타,안전운전불이행,포장 - 건조,맑음,단일로 - 기타,승합,남,50세,상해없음,,,,
2020071600100561,2020년 7월 16일 20시,목요일,서울특별시 강남구 역삼동,경상사고,0,0,1,0,차대차 - 기타,안전운전불이행,포장 - 건조,맑음,단일로 - 기타,승용,남,35세,상해없음,승용,여,30세,경상
2020071600100590,2020년 7월 16일 21시,목요일,서울특별시 강남구 청담동,경상사고,0,0,1,0,차대차 - 추돌,안전운전불이행,포장 - 건조,맑음,단일로 - 기타,승용,남,59세,상해없음,승용,여,42세,경상
2020071600100591,2020년 7월 16일 21시,목요일,서울특별시 강남구 역삼동,경상사고,0,0,1,0,차대사람 - 기타,안전운전불이행,포장 - 건조,맑음,단일로 - 기타,승용,여,18세,상해없음,보행자,남,28세,경상
2020071600100626,2020년 7월 16일 22시,목요일,서울특별시 강남구 개포동,경상사고,0,0,1,0,차대차 - 추돌,신호위반,포장 - 건조,맑음,교차로 - 교차로안,승용,여,27세,상해없음,승용,남,33세,경상
2020071600100649,2020년 7월 16일 23시,목요일,서울특별시 강남구 삼성동,경상사고,0,0,1,0,차량단독 - 기타,안전운전불이행,포장 - 건조,맑음,교차로 - 교차로부근,개인형이동수단(PM),남,27세,경상,,,,
2020071700100001,2020년 7월 17일 00시,금요일,서울특별시 강남구 역삼동,경상사고,0,0,2,0,차대차 - 기타,기타,포장 - 건조,맑음,교차로 - 교차로안,승용,남,65세,상해없음,승용,남,61세,상해없음
2020071700100123,2020년 7월 17일 09시,금요일,서울특별시 강남구 청담동,경상사고,0,0,1,0,차대차 - 측면충돌,신호위반,포장 - 건조,맑음,교차로 - 교차로부근,승용,남,29세,상해없음,승용,남,49세,경상
2020071700100124,2020년 7월 17일 09시,금요일,서울특별시 강남구 논현동,경상사고,0,0,1,0,차대차 - 기타,안전운전불이행,포장 - 건조,맑음,단일로 - 기타,이륜,남,44세,상해없음,승용,남,67세,경상
2020071700100153,2020년 7월 17일 10시,금요일,서울특별시 강남구 개포동,중상사고,0,3,0,0,차대차 - 측면충돌,안전운전불이행,포장 - 건조,맑음,단일로 - 기타,건설기계,남,53세,상해없음,승용,남,29세,중상
2020071700100214,2020년 7월 17일 12시,금요일,서울특별시 강남구 역삼동,경상사고,0,0,1,0,차대차 - 기타,안전운전불이행,포장 - 건조,맑음,교차로 - 교차로부근,승용,남,68세,상해없음,이륜,남,24세,경상
2020071700100218,2020년 7월 17일 12시,금요일,서울특별시 강남구 도곡동,경상사고,0,0,2,1,차대차 - 측면충돌,안전거리미확보,포장 - 건조,맑음,단일로 - 기타,승용,여,28세,경상,승용,여,57세,부상신고
2020071700100292,2020년 7월 17일 14시,금요일,서울특별시 강남구 대치동,경상사고,0,0,3,0,차대차 - 추돌,안전거리미확보,포장 - 건조,맑음,단일로 - 기타,승합,남,61세,상해없음,승용,여,30세,경상
2020071700100372,2020년 7월 17일 16시,금요일,서울특별시 강남구 논현동,경상사고,0,0,1,0,차대사람 - 횡단중,보행자보호의무위반,포장 - 건조,맑음,교차로 - 교차로횡단보도내,승용,남,48세,상해없음,보행자,여,62세,경상
2020071700100373,2020년 7월 17일 16시,금요일,서울특별시 강남구 청담동,경상사고,0,0,1,0,차대차 - 측면충돌,안전운전불이행,포장 - 건조,맑음,기타 - 기타,승용,여,34세,상해없음,승용,남,54세,경상
2020071700100374,2020년 7월 17일 16시,금요일,서울특별시 강남구 삼성동,부상신고사고,0,0,0,1,차량단독 - 전도전복 - 전도,안전운전불이행,포장 - 건조,맑음,단일로 - 기타,자전거,남,14세,부상신고,,,,
2020071700100488,2020년 7월 17일 18시,금요일,서울특별시 강남구 대치동,경상사고,0,0,1,0,차대차 - 기타,안전운전불이행,포장 - 건조,맑음,단일로 - 기타,승용,여,68세,상해없음,이륜,남,32세,경상
2020071700100540,2020년 7월 17일 19시,금요일,서울특별시 강남구 삼성동,경상사고,0,0,1,0,차대차 - 기타,안전운전불이행,포장 - 건조,맑음,단일로 - 기타,승용,남,41세,상해없음,승용,남,36세,경상
2020071700100665,2020년 7월 17일 22시,금요일,서울특별시 강남구 압구정동,경상사고,0,0,1,0,차대사람 - 차도통행중,보행자보호의무위반,포장 - 건조,맑음,단일로 - 기타,자전거,남,53세,상해없음,보행자,여,43세,경상
2020071700100666,2020년 7월 17일 22시,금요일,서울특별시 강남구 삼성동,중상사고,0,1,1,0,차대차 - 추돌,신호위반,포장 - 건조,맑음,단일로 - 기타,이륜,남,38세,기타불명,승용,남,53세,경상
2020071800100001,2020년 7월 18일 00시,토요일,서울특별시 강남구 삼성동,경상사고,0,0,3,0,차대차 - 추돌,기타,포장 - 건조,흐림,단일로 - 기타,승용,남,70세,상해없음,승용,남,40세,경상
2020071800100003,2020년 7월 18일 00시,토요일,서울특별시 강남구 역삼동,경상사고,0,0,2,0,차대차 - 기타,안전운전불이행,포장 - 건조,맑음,교차로 - 교차로부근,승용,남,34세,상해없음,승용,여,26세,경상
2020071800100034,2020년 7월 18일 02시,토요일,서울특별시 강남구 도곡동,경상사고,0,0,1,0,차대차 - 기타,신호위반,포장 - 건조,맑음,교차로 - 교차로안,승용,남,66세,상해없음,승용,남,43세,경상
2020071800100043,2020년 7월 18일 03시,토요일,서울특별시 강남구 신사동,경상사고,0,0,3,0,차대차 - 측면충돌,안전거리미확보,포장 - 건조,맑음,단일로 - 기타,승용,여,32세,경상,승용,여,32세,상해없음
2020071800100045,2020년 7월 18일 03시,토요일,서울특별시 강남구 역삼동,부상신고사고,0,0,0,1,차대사람 - 길가장자리구역통행중,안전운전불이행,포장 - 건조,맑음,단일로 - 기타,승용,남,32세,상해없음,보행자,남,24세,부상신고
2020071800100084,2020년 7월 18일 07시,토요일,서울특별시 강남구 삼성동,경상사고,0,0,1,0,차대사람 - 기타,안전운전불이행,포장 - 기타,맑음,단일로 - 기타,승용,남,47세,상해없음,보행자,여,26세,경상
2020071800100099,2020년 7월 18일 08시,토요일,서울특별시 강남구 일원동,경상사고,0,0,2,0,차대차 - 측면충돌,안전운전불이행,포장 - 건조,맑음,단일로 - 기타,승용,여,67세,경상,화물,남,55세,경상
2020071800100115,2020년 7월 18일 09시,토요일,서울특별시 강남구 청담동,경상사고,0,0,1,0,차대차 - 측면충돌,안전운전불이행,포장 - 건조,맑음,교차로 - 교차로부근,원동기,여,50세,상해없음,원동기,여,26세,경상
2020071800100146,2020년 7월 18일 10시,토요일,서울특별시 강남구 세곡동,중상사고,0,1,0,0,차대차 - 추돌,안전운전불이행,포장 - 건조,맑음,단일로 - 기타,승용,남,25세,상해없음,승용,남,77세,중상
2020071800100172,2020년 7월 18일 11시,토요일,서울특별시 강남구 신사동,경상사고,0,0,1,0,차대사람 - 길가장자리구역통행중,안전운전불이행,포장 - 건조,맑음,단일로 - 기타,승용,남,78세,상해없음,보행자,남,57세,경상
2020071800100176,2020년 7월 18일 11시,토요일,서울특별시 강남구 역삼동,경상사고,0,0,2,0,차대차 - 추돌,안전운전불이행,포장 - 건조,맑음,단일로 - 기타,승용,남,36세,상해없음,승용,남,65세,경상
2020071800100207,2020년 7월 18일 12시,토요일,서울특별시 강남구 압구정동,경상사고,0,0,2,0,차대차 - 추돌,안전거리미확보,포장 - 기타,맑음,단일로 - 기타,승용,남,45세,상해없음,승용,남,63세,경상
2020071800100210,2020년 7월 18일 12시,토요일,서울특별시 강남구 개포동,경상사고,0,0,2,0,차대차 - 정면충돌,안전운전불이행,포장 - 건조,맑음,교차로 - 교차로횡단보도내,이륜,남,40세,경상,승용,남,28세,경상
2020071800100247,2020년 7월 18일 13시,토요일,서울특별시 강남구 청담동,경상사고,0,0,1,0,차대차 - 기타,교차로운행방법위반,포장 - 건조,맑음,교차로 - 교차로안,승용,여,26세,상해없음,승용,남,63세,경상
2020071800100289,2020년 7월 18일 14시,토요일,서울특별시 강남구 역삼동,경상사고,0,0,1,0,차대차 - 기타,안전운전불이행,포장 - 건조,맑음,단일로 - 기타,자전거,남,37세,경상,승용,여,31세,상해없음
2020071800100290,2020년 7월 18일 14시,토요일,서울특별시 강남구 역삼동,경상사고,0,0,1,0,차대차 - 측면충돌,안전운전불이행,포장 - 건조,맑음,단일로 - 기타,승용,남,62세,상해없음,이륜,남,36세,경상
2020071800100345,2020년 7월 18일 15시,토요일,서울특별시 강남구 삼성동,중상사고,0,6,0,0,차량단독 - 공작물충돌,안전운전불이행,포장 - 기타,맑음,단일로 - 기타,승합,남,82세,상해없음,,,,
2020071800100384,2020년 7월 18일 16시,토요일,서울특별시 강남구 논현동,경상사고,0,0,1,0,차대차 - 측면충돌,안전운전불이행,포장 - 건조,맑음,교차로 - 교차로안,승용,남,31세,상해없음,이륜,남,46세,경상
2020071800100385,2020년 7월 18일 16시,토요일,서울특별시 강남구 삼성동,경상사고,0,0,1,0,차대사람 - 기타,보행자보호의무위반,포장 - 기타,맑음,교차로 - 교차로부근,이륜,남,21세,상해없음,보행자,여,47세,경상
2020071800100387,2020년 7월 18일 16시,토요일,서울특별시 강남구 개포동,경상사고,0,0,2,0,차대차 - 추돌,안전운전불이행,포장 - 건조,맑음,단일로 - 기타,승용,남,48세,상해없음,승용,남,23세,경상
2020071800100414,2020년 7월 18일 17시,토요일,서울특별시 강남구 신사동,경상사고,0,0,1,0,차대차 - 기타,안전운전불이행,포장 - 건조,맑음,교차로 - 교차로부근,승용,남,31세,상해없음,승용,여,30세,경상
2020071800100522,2020년 7월 18일 20시,토요일,서울특별시 강남구 개포동,중상사고,0,1,0,0,차대사람 - 기타,안전운전불이행,포장 - 건조,맑음,단일로 - 기타,자전거,남,16세,상해없음,보행자,여,46세,중상
2020071900100003,2020년 7월 19일 00시,일요일,서울특별시 강남구 역삼동,부상신고사고,0,0,0,1,차대사람 - 차도통행중,안전운전불이행,포장 - 건조,맑음,단일로 - 기타,개인형이동수단(PM),남,21세,상해없음,보행자,여,22세,부상신고
2020071900100034,2020년 7월 19일 02시,일요일,서울특별시 강남구 도곡동,경상사고,0,0,2,0,차대차 - 추돌,안전운전불이행,포장 - 건조,맑음,교차로 - 교차로안,승용,남,32세,상해없음,승용,남,59세,경상
2020071900100035,2020년 7월 19일 02시,일요일,서울특별시 강남구 역삼동,경상사고,0,0,3,0,차대차 - 추돌,안전운전불이행,포장 - 건조,맑음,단일로 - 기타,승용,남,22세,상해없음,승용,여,25세,경상
2020071900100053,2020년 7월 19일 04시,일요일,서울특별시 강남구 삼성동,경상사고,0,0,2,0,차대차 - 측면충돌,안전운전불이행,포장 - 건조,맑음,교차로 - 교차로안,승용,남,73세,상해없음,승용,남,37세,경상
2020071900100074,2020년 7월 19일 06시,일요일,서울특별시 강남구 논현동,경상사고,0,0,4,1,차대차 - 측면충돌,안전거리미확보,포장 - 건조,맑음,단일로 - 기타,승용,남,65세,기타불명,승용,남,23세,경상
2020071900100129,2020년 7월 19일 11시,일요일,서울특별시 강남구 도곡동,중상사고,0,1,0,1,차대사람 - 횡단중,신호위반,포장 - 젖음/습기,비,단일로 - 기타,이륜,남,38세,부상신고,보행자,남,26세,중상
2020071900100243,2020년 7월 19일 16시,일요일,서울특별시 강남구 역삼동,부상신고사고,0,0,0,1,차대차 - 기타,안전운전불이행,포장 - 건조,맑음,단일로 - 기타,이륜,남,51세,부상신고,승용,남,61세,상해없음
2020071900100303,2020년 7월 19일 18시,일요일,서울특별시 강남구 삼성동,경상사고,0,0,1,0,차대차 - 기타,직진우회전진행방해,포장 - 건조,맑음,교차로 - 교차로안,이륜,남,38세,경상,승용,남,51세,상해없음
2020071900100305,2020년 7월 19일 18시,일요일,서울특별시 강남구 역삼동,경상사고,0,0,1,0,차대차 - 기타,안전거리미확보,포장 - 건조,맑음,단일로 - 기타,승용,남,61세,상해없음,승용,남,56세,경상
2020071900100424,2020년 7월 19일 23시,일요일,서울특별시 강남구 역삼동,경상사고,0,0,1,0,차대차 - 기타,안전운전불이행,포장 - 젖음/습기,비,단일로 - 기타,승용,남,49세,상해없음,승용,남,28세,경상
2020072000100003,2020년 7월 20일 00시,월요일,서울특별시 강남구 세곡동,중상사고,0,1,4,0,차대차 - 추돌,안전운전불이행,포장 - 젖음/습기,비,교차로 - 교차로부근,승용,남,32세,상해없음,승용,남,44세,중상
2020072000100077,2020년 7월 20일 08시,월요일,서울특별시 강남구 논현동,경상사고,0,0,2,0,차대차 - 추돌,안전운전불이행,포장 - 젖음/습기,흐림,단일로 - 기타,승용,남,68세,상해없음,승용,남,76세,경상
2020072000100130,2020년 7월 20일 09시,월요일,서울특별시 강남구 개포동,경상사고,0,0,1,0,차대차 - 기타,안전운전불이행,포장 - 젖음/습기,흐림,교차로 - 교차로안,화물,남,55세,상해없음,승용,남,58세,경상
2020072000100155,2020년 7월 20일 10시,월요일,서울특별시 강남구 삼성동,경상사고,0,0,1,0,차대차 - 추돌,안전운전불이행,포장 - 젖음/습기,비,단일로 - 기타,승용,남,32세,상해없음,화물,남,68세,경상
2020072000100210,2020년 7월 20일 12시,월요일,서울특별시 강남구 역삼동,중상사고,0,1,1,0,차대차 - 기타,안전운전불이행,포장 - 건조,맑음,기타 - 기타,승용,남,32세,상해없음,이륜,남,29세,중상
2020072000100211,2020년 7월 20일 12시,월요일,서울특별시 강남구 역삼동,경상사고,0,0,1,0,차대사람 - 길가장자리구역통행중,안전운전불이행,포장 - 건조,맑음,단일로 - 기타,승용,남,63세,상해없음,보행자,여,35세,경상
2020072000100240,2020년 7월 20일 13시,월요일,서울특별시 강남구 논현동,경상사고,0,0,1,0,차대차 - 측면충돌,안전운전불이행,포장 - 건조,맑음,교차로 - 교차로부근,화물,남,39세,기타불명,승용,남,42세,경상
2020072000100306,2020년 7월 20일 15시,월요일,서울특별시 강남구 청담동,경상사고,0,0,3,0,차대차 - 측면충돌,차로위반,포장 - 건조,맑음,단일로 - 기타,승용,여,57세,경상,승합,남,43세,경상
2020072000100537,2020년 7월 20일 23시,월요일,서울특별시 강남구 논현동,부상신고사고,0,0,0,1,차대사람 - 기타,안전운전불이행,포장 - 건조,맑음,단일로 - 기타,승용,남,28세,상해없음,보행자,남,24세,부상신고
2020072000100538,2020년 7월 20일 23시,월요일,서울특별시 강남구 논현동,중상사고,0,1,0,0,차대사람 - 기타,안전운전불이행,포장 - 건조,맑음,단일로 - 기타,승용,남,65세,상해없음,보행자,남,34세,중상
2020072100100003,2020년 7월 21일 00시,화요일,서울특별시 강남구 압구정동,경상사고,0,0,2,0,차대차 - 기타,안전운전불이행,포장 - 건조,맑음,교차로 - 교차로안,승용,남,53세,상해없음,승용,남,52세,경상
2020072100100007,2020년 7월 21일 00시,화요일,서울특별시 강남구 도곡동,중상사고,0,1,1,0,차대차 - 추돌,안전거리미확보,포장 - 건조,맑음,단일로 - 기타,승용,여,36세,상해없음,승용,남,46세,경상
2020072100100043,2020년 7월 21일 03시,화요일,서울특별시 강남구 논현동,경상사고,0,0,1,0,차대차 - 기타,안전운전불이행,포장 - 건조,맑음,교차로 - 교차로안,승용,여,27세,상해없음,승용,남,51세,경상
2020072100100129,2020년 7월 21일 09시,화요일,서울특별시 강남구 일원동,경상사고,0,0,1,0,차대차 - 측면충돌,안전운전불이행,포장 - 건조,맑음,단일로 - 기타,승용,여,38세,상해없음,승용,남,56세,경상
2020072100100188,2020년 7월 21일 11시,화요일,서울특별시 강남구 신사동,경상사고,0,0,1,0,차대사람 - 차도통행중,안전운전불이행,포장 - 건조,맑음,단일로 - 기타,승용,남,34세,상해없음,보행자,여,22세,경상
2020072100100266,2020년 7월 21일 13시,화요일,서울특별시 강남구 역삼동,경상사고,0,0,2,0,차대차 - 기타,교차로운행방법위반,포장 - 건조,맑음,교차로 - 교차로부근,승용,남,58세,상해없음,승합,남,57세,경상
2020072100100305,2020년 7월 21일 14시,화요일,서울특별시 강남구 개포동,중상사고,0,1,0,0,차대차 - 추돌,안전운전불이행,포장 - 건조,맑음,단일로 - 터널,승용,남,52세,상해없음,승용,남,66세,중상
2020072100100346,2020년 7월 21일 15시,화요일,서울특별시 강남구 대치동,경상사고,0,0,1,0,차대차 - 추돌,안전운전불이행,포장 - 건조,맑음,단일로 - 기타,승용,여,44세,상해없음,승용,여,30세,경상
2020072100100373,2020년 7월 21일 16시,화요일,서울특별시 강남구 역삼동,경상사고,0,0,1,0,차대차 - 기타,안전운전불이행,포장 - 건조,맑음,단일로 - 기타,승용,남,70세,상해없음,승용,남,64세,경상
2020072100100374,2020년 7월 21일 16시,화요일,서울특별시 강남구 삼성동,경상사고,0,0,1,1,차대차 - 기타,기타,포장 - 건조,맑음,교차로 - 교차로안,승용,남,74세,부상신고,승용,여,29세,경상
2020072100100375,2020년 7월 21일 16시,화요일,서울특별시 강남구 청담동,중상사고,0,1,1,0,차대차 - 기타,차로위반,포장 - 건조,맑음,단일로 - 기타,이륜,남,69세,중상,승용,남,46세,경상
2020072100100455,2020년 7월 21일 18시,화요일,서울특별시 강남구 논현동,중상사고,0,1,0,0,차대차 - 기타,교차로운행방법위반,포장 - 건조,맑음,교차로 - 교차로안,승용,남,41세,상해없음,개인형이동수단(PM),남,24세,중상
2020072100100456,2020년 7월 21일 18시,화요일,서울특별시 강남구 논현동,경상사고,0,0,1,0,차대사람 - 길가장자리구역통행중,안전운전불이행,포장 - 건조,맑음,단일로 - 기타,승용,여,24세,상해없음,보행자,여,22세,경상
2020072100100457,2020년 7월 21일 18시,화요일,서울특별시 강남구 논현동,경상사고,0,0,1,0,차대사람 - 길가장자리구역통행중,안전운전불이행,포장 - 기타,맑음,단일로 - 기타,승용,여,37세,상해없음,보행자,여,28세,경상
2020072100100458,2020년 7월 21일 18시,화요일,서울특별시 강남구 역삼동,경상사고,0,0,1,0,차대사람 - 길가장자리구역통행중,안전운전불이행,포장 - 건조,맑음,단일로 - 기타,승용,여,69세,상해없음,보행자,여,77세,경상
2020072100100537,2020년 7월 21일 20시,화요일,서울특별시 강남구 도곡동,경상사고,0,0,1,0,차대차 - 기타,교차로운행방법위반,포장 - 건조,맑음,교차로 - 교차로안,승용,여,44세,상해없음,승합,남,60세,상해없음
2020072100100564,2020년 7월 21일 21시,화요일,서울특별시 강남구 논현동,경상사고,0,0,1,1,차대차 - 측면충돌,안전운전불이행,포장 - 건조,맑음,기타 - 기타,승용,남,56세,부상신고,승용,남,61세,경상
2020072100100615,2020년 7월 21일 23시,화요일,서울특별시 강남구 대치동,부상신고사고,0,0,0,1,차대차 - 기타,안전운전불이행,포장 - 건조,맑음,교차로 - 교차로안,자전거,여,59세,부상신고,승용,여,37세,상해없음
2020072200100002,2020년 7월 22일 00시,수요일,서울특별시 강남구 청담동,경상사고,0,0,1,0,차대사람 - 기타,안전운전불이행,포장 - 건조,맑음,교차로 - 교차로안,승용,남,59세,상해없음,보행자,남,29세,경상
2020072200100026,2020년 7월 22일 02시,수요일,서울특별시 강남구 도곡동,경상사고,0,0,1,0,차대차 - 기타,안전운전불이행,포장 - 건조,흐림,교차로 - 교차로부근,개인형이동수단(PM),남,40세,경상,승용,남,43세,상해없음
2020072200100036,2020년 7월 22일 03시,수요일,서울특별시 강남구 청담동,경상사고,0,0,2,0,차대차 - 측면충돌,안전운전불이행,포장 - 건조,맑음,단일로 - 기타,승용,남,27세,상해없음,승용,남,54세,경상
2020072200100046,2020년 7월 22일 04시,수요일,서울특별시 강남구 청담동,경상사고,0,0,1,0,차대차 - 추돌,안전거리미확보,포장 - 건조,맑음,단일로 - 기타,승용,남,53세,상해없음,승용,남,41세,경상
2020072200100232,2020년 7월 22일 11시,수요일,서울특별시 강남구 역삼동,중상사고,0,1,1,0,차대사람 - 횡단중,신호위반,포장 - 젖음/습기,비,단일로 - 기타,이륜,남,62세,경상,보행자,여,18세,중상
2020072200100262,2020년 7월 22일 12시,수요일,서울특별시 강남구 대치동,경상사고,0,0,1,0,차대차 - 추돌,안전운전불이행,포장 - 건조,맑음,교차로 - 교차로안,승용,남,56세,상해없음,승용,남,24세,경상
2020072200100263,2020년 7월 22일 12시,수요일,서울특별시 강남구 대치동,경상사고,0,0,1,0,차대사람 - 차도통행중,안전운전불이행,포장 - 건조,맑음,교차로 - 교차로안,승용,남,60세,상해없음,보행자,여,27세,경상