사고번호,사고일시,요일,시군구,사고내용,사망자수,중상자수,경상자수,부상신고자수,사고유형,법규위반,노면상태,기상상태,도로형태,가해운전자 차종,가해운전자 성별,가해운전자 연령,가해운전자 상해정도,피해운전자 차종,피해운전자 성별,피해운전자 연령,피해운전자 상해정도
2020072200100394,2020년 7월 22일 16시,수요일,서울특별시 강남구 자곡동,중상사고,0,1,0,0,차대차 - 기타,안전운전불이행,포장 - 젖음/습기,비,교차로 - 교차로안,승용,여,21세,상해없음,자전거,남,14세,중상
2020072200100474,2020년 7월 22일 18시,수요일,서울특별시 강남구 역삼동,경상사고,0,0,1,0,차대차 - 기타,안전운전불이행,포장 - 건조,맑음,교차로 - 교차로안,승용,남,41세,상해없음,승용,여,55세,경상
2020072200100519,2020년 7월 22일 19시,수요일,서울특별시 강남구 압구정동,경상사고,0,0,1,0,차대차 - 측면충돌,안전운전불이행,포장 - 건조,맑음,교차로 - 교차로안,승용,여,53세,상해없음,이륜,남,43세,경상
2020072300100045,2020년 7월 23일 04시,목요일,서울특별시 강남구 논현동,경상사고,0,0,1,0,차대차 - 추돌,안전운전불이행,포장 - 젖음/습기,비,교차로 - 교차로부근,승용,남,39세,기타불명,승용,여,28세,경상
2020072300100159,2020년 7월 23일 10시,목요일,서울특별시 강남구 도곡동,경상사고,0,0,2,0,차대차 - 기타,안전운전불이행,포장 - 건조,맑음,단일로 - 기타,이륜,남,45세,경상,화물,남,35세,경상
2020072300100187,2020년 7월 23일 11시,목요일,서울특별시 강남구 대치동,경상사고,0,0,1,0,차대사람 - 길가장자리구역통행중,안전운전불이행,포장 - 건조,맑음,단일로 - 기타,승합,남,64세,상해없음,보행자,남,29세,경상
2020072300100206,2020년 7월 23일 12시,목요일,서울특별시 강남구 논현동,경상사고,0,0,1,0,차대차 - 추돌,차로위반,포장 - 건조,맑음,단일로 - 지하차도(도로)내,승용,남,29세,상해없음,승용,여,46세,경상
2020072300100240,2020년 7월 23일 13시,목요일,서울특별시 강남구 대치동,경상사고,0,0,1,0,차대차 - 추돌,안전운전불이행,포장 - 젖음/습기,비,단일로 - 기타,승용,여,33세,상해없음,이륜,남,45세,경상
2020072300100241,2020년 7월 23일 13시,목요일,서울특별시 강남구 역삼동,중상사고,0,1,0,0,차대차 - 기타,차로위반,포장 - 건조,맑음,교차로 - 교차로부근,승용,여,58세,상해없음,승용,남,57세,중상
2020072300100337,2020년 7월 23일 16시,목요일,서울특별시 강남구 도곡동,경상사고,0,0,1,0,차대차 - 기타,안전운전불이행,포장 - 젖음/습기,비,교차로 - 교차로부근,승용,여,47세,상해없음,승용,여,31세,경상
2020072300100374,2020년 7월 23일 17시,목요일,서울특별시 강남구 논현동,경상사고,0,0,1,0,차대차 - 기타,중앙선침범,포장 - 젖음/습기,비,단일로 - 기타,이륜,기타불명,미분류,기타불명,승용,남,61세,경상
2020072300100375,2020년 7월 23일 17시,목요일,서울특별시 강남구 신사동,부상신고사고,0,0,0,1,차대차 - 기타,안전거리미확보,포장 - 젖음/습기,비,단일로 - 기타,승용,남,55세,상해없음,승용,남,37세,상해없음
2020072300100473,2020년 7월 23일 19시,목요일,서울특별시 강남구 청담동,경상사고,0,0,2,0,차대차 - 측면충돌,안전운전불이행,포장 - 기타,맑음,교차로 - 교차로안,승용,남,52세,상해없음,승용,남,61세,경상
2020072300100520,2020년 7월 23일 20시,목요일,서울특별시 강남구 신사동,경상사고,0,0,2,0,차대차 - 추돌,안전운전불이행,포장 - 젖음/습기,맑음,기타 - 기타,승용,남,56세,상해없음,승용,남,33세,경상
2020072300100521,2020년 7월 23일 20시,목요일,서울특별시 강남구 대치동,경상사고,0,0,2,0,차대차 - 추돌,안전거리미확보,포장 - 젖음/습기,비,단일로 - 지하차도(도로)내,승용,여,32세,상해없음,승용,여,53세,경상
2020072300100526,2020년 7월 23일 20시,목요일,서울특별시 강남구 자곡동,중상사고,0,1,0,0,차대사람 - 횡단중,안전운전불이행,포장 - 젖음/습기,비,단일로 - 기타,승용,여,41세,상해없음,보행자,남,13세,중상
2020072300100581,2020년 7월 23일 21시,목요일,서울특별시 강남구 대치동,경상사고,0,0,1,0,차대차 - 기타,안전운전불이행,포장 - 젖음/습기,비,단일로 - 기타,승용,남,65세,상해없음,승용,여,46세,경상
2020072300100624,2020년 7월 23일 22시,목요일,서울특별시 강남구 역삼동,경상사고,0,0,1,0,차대차 - 추돌,안전운전불이행,포장 - 젖음/습기,비,교차로 - 교차로부근,승용,남,31세,상해없음,승용,여,38세,경상
2020072300100625,2020년 7월 23일 22시,목요일,서울특별시 강남구 논현동,중상사고,0,1,0,0,차대사람 - 횡단중,안전운전불이행,포장 - 젖음/습기,흐림,교차로 - 교차로횡단보도내,승용,남,44세,상해없음,보행자,남,29세,중상
2020072400100058,2020년 7월 24일 05시,금요일,서울특별시 강남구 논현동,중상사고,0,1,1,0,차대차 - 측면충돌,신호위반,포장 - 건조,맑음,교차로 - 교차로안,승용,남,35세,상해없음,승용,남,52세,경상
2020072400100061,2020년 7월 24일 06시,금요일,서울특별시 강남구 청담동,경상사고,0,0,1,0,차대사람 - 기타,안전운전불이행,포장 - 건조,맑음,단일로 - 기타,승용,여,65세,상해없음,보행자,남,63세,경상
2020072400100070,2020년 7월 24일 07시,금요일,서울특별시 강남구 압구정동,경상사고,0,0,1,0,차대차 - 측면충돌,안전운전불이행,포장 - 건조,맑음,단일로 - 기타,승용,남,69세,상해없음,승용,남,35세,경상
2020072400100086,2020년 7월 24일 08시,금요일,서울특별시 강남구 논현동,경상사고,0,0,1,0,차대사람 - 기타,안전운전불이행,포장 - 건조,맑음,단일로 - 기타,승용,남,41세,상해없음,보행자,남,25세,경상
2020072400100115,2020년 7월 24일 09시,금요일,서울특별시 강남구 논현동,경상사고,0,0,2,0,차대차 - 추돌,안전거리미확보,포장 - 건조,맑음,단일로 - 기타,승용,남,54세,상해없음,승용,여,27세,경상
2020072400100141,2020년 7월 24일 10시,금요일,서울특별시 강남구 삼성동,중상사고,0,1,1,0,차대차 - 기타,안전운전불이행,포장 - 건조,맑음,단일로 - 기타,승합,남,42세,상해없음,승용,남,21세,경상
2020072400100324,2020년 7월 24일 16시,금요일,서울특별시 강남구 논현동,경상사고,0,0,1,0,차대사람 - 보도통행중,기타,포장 - 건조,맑음,단일로 - 기타,개인형이동수단(PM),남,37세,상해없음,보행자,여,22세,경상
2020072400100360,2020년 7월 24일 17시,금요일,서울특별시 강남구 논현동,부상신고사고,0,0,0,1,차대차 - 기타,안전거리미확보,포장 - 건조,기타,단일로 - 기타,승용,여,46세,상해없음,승용,여,44세,부상신고
2020072400100364,2020년 7월 24일 17시,금요일,서울특별시 강남구 수서동,경상사고,0,0,1,0,차대사람 - 횡단중,안전운전불이행,포장 - 건조,맑음,단일로 - 기타,승용,남,72세,상해없음,보행자,남,33세,경상
2020072400100498,2020년 7월 24일 20시,금요일,서울특별시 강남구 도곡동,경상사고,0,0,1,0,차대차 - 기타,신호위반,포장 - 건조,맑음,교차로 - 교차로안,승용,남,65세,상해없음,승용,남,59세,경상
2020072400100587,2020년 7월 24일 22시,금요일,서울특별시 강남구 신사동,경상사고,0,0,1,0,차대차 - 기타,안전운전불이행,포장 - 건조,맑음,교차로 - 교차로부근,승용,남,18세,상해없음,개인형이동수단(PM),남,41세,경상
2020072500100026,2020년 7월 25일 01시,토요일,서울특별시 강남구 청담동,경상사고,0,0,1,0,차대차 - 기타,안전운전불이행,포장 - 건조,맑음,단일로 - 기타,승용,남,56세,기타불명,승용,남,51세,경상
2020072500100051,2020년 7월 25일 02시,토요일,서울특별시 강남구 신사동,경상사고,0,0,1,0,차대사람 - 기타,안전운전불이행,포장 - 건조,맑음,단일로 - 기타,개인형이동수단(PM),남,29세,상해없음,보행자,여,33세,경상
2020072500100082,2020년 7월 25일 04시,토요일,서울특별시 강남구 신사동,중상사고,0,1,0,0,차대사람 - 기타,안전운전불이행,포장 - 건조,맑음,단일로 - 기타,승용,남,30세,상해없음,보행자,여,79세,중상
2020072500100234,2020년 7월 25일 12시,토요일,서울특별시 강남구 개포동,경상사고,0,0,3,0,차대차 - 추돌,안전운전불이행,포장 - 건조,맑음,교차로 - 교차로안,승용,남,22세,상해없음,승용,여,39세,경상
2020072500100271,2020년 7월 25일 13시,토요일,서울특별시 강남구 개포동,경상사고,0,0,1,0,차대차 - 기타,안전운전불이행,포장 - 건조,맑음,교차로 - 교차로부근,승용,남,39세,상해없음,화물,남,66세,경상
2020072500100346,2020년 7월 25일 15시,토요일,서울특별시 강남구 삼성동,경상사고,0,0,1,0,차대사람 - 기타,안전운전불이행,포장 - 건조,기타,단일로 - 기타,이륜,남,20세,상해없음,보행자,남,67세,경상
2020072500100389,2020년 7월 25일 16시,토요일,서울특별시 강남구 세곡동,부상신고사고,0,0,0,1,차대차 - 측면충돌,안전운전불이행,포장 - 건조,맑음,단일로 - 기타,자전거,남,70세,부상신고,승용,남,50세,상해없음
2020072500100421,2020년 7월 25일 17시,토요일,서울특별시 강남구 일원동,경상사고,0,0,1,0,차대차 - 측면충돌,안전운전불이행,포장 - 건조,맑음,교차로 - 교차로부근,승용,남,73세,상해없음,승합,남,54세,경상
2020072500100453,2020년 7월 25일 18시,토요일,서울특별시 강남구 논현동,경상사고,0,0,1,0,차대차 - 기타,신호위반,포장 - 건조,맑음,단일로 - 기타,이륜,남,54세,상해없음,이륜,남,43세,경상
2020072500100523,2020년 7월 25일 20시,토요일,서울특별시 강남구 논현동,중상사고,0,1,0,0,차대차 - 정면충돌,신호위반,포장 - 건조,맑음,교차로 - 교차로안,승용,남,33세,상해없음,이륜,남,34세,중상
2020072600100003,2020년 7월 26일 00시,일요일,서울특별시 강남구 신사동,경상사고,0,0,1,0,차대사람 - 기타,안전운전불이행,포장 - 건조,맑음,교차로 - 교차로부근,승용,남,58세,상해없음,보행자,남,25세,경상
2020072600100023,2020년 7월 26일 01시,일요일,서울특별시 강남구 대치동,경상사고,0,0,1,0,차대사람 - 기타,안전운전불이행,포장 - 건조,맑음,단일로 - 기타,승용,남,61세,상해없음,보행자,남,33세,경상
2020072600100060,2020년 7월 26일 05시,일요일,서울특별시 강남구 압구정동,경상사고,0,0,1,0,차대차 - 측면충돌,안전운전불이행,포장 - 젖음/습기,비,단일로 - 교량,기타불명,남,미분류,상해없음,승용,남,60세,경상
2020072600100069,2020년 7월 26일 06시,일요일,서울특별시 강남구 청담동,중상사고,0,2,0,0,차대차 - 추돌,안전거리미확보,포장 - 건조,맑음,단일로 - 기타,승용,남,31세,상해없음,승용,남,64세,중상
2020072600100117,2020년 7월 26일 10시,일요일,서울특별시 강남구 대치동,중상사고,0,1,0,0,차대차 - 기타,안전운전불이행,포장 - 건조,맑음,단일로 - 지하차도(도로)내,승용,남,54세,상해없음,이륜,남,41세,중상
2020072600100318,2020년 7월 26일 17시,일요일,서울특별시 강남구 대치동,중상사고,0,2,0,0,차대차 - 측면충돌,직진우회전진행방해,포장 - 건조,맑음,교차로 - 교차로안,이륜,남,40세,중상,승용,여,42세,중상
2020072700100122,2020년 7월 27일 09시,월요일,서울특별시 강남구 대치동,중상사고,0,1,0,0,차대차 - 기타,불법유턴,포장 - 건조,맑음,기타 - 기타,승용,남,63세,상해없음,자전거,남,12세,중상
2020072700100417,2020년 7월 27일 17시,월요일,서울특별시 강남구 논현동,경상사고,0,0,1,0,차대사람 - 기타,보행자보호의무위반,포장 - 건조,맑음,단일로 - 기타,개인형이동수단(PM),여,19세,상해없음,보행자,남,47세,경상
2020072700100418,2020년 7월 27일 17시,월요일,서울특별시 강남구 청담동,경상사고,0,0,1,0,차대차 - 추돌,안전운전불이행,포장 - 건조,맑음,기타 - 기타,승용,남,68세,경상,승용,남,64세,상해없음
2020072700100460,2020년 7월 27일 18시,월요일,서울특별시 강남구 청담동,경상사고,0,0,1,0,차대차 - 기타,안전운전불이행,포장 - 건조,맑음,단일로 - 기타,승용,남,36세,상해없음,승용,여,33세,경상
2020072700100584,2020년 7월 27일 22시,월요일,서울특별시 강남구 신사동,중상사고,0,1,0,0,차대차 - 기타,안전운전불이행,포장 - 기타,기타,단일로 - 기타,자전거,여,49세,중상,승용,남,43세,상해없음
2020072700100585,2020년 7월 27일 22시,월요일,서울특별시 강남구 논현동,경상사고,0,0,1,2,차대차 - 기타,안전거리미확보,포장 - 건조,맑음,단일로 - 기타,승용,여,61세,부상신고,승용,남,23세,부상신고
2020072800100119,2020년 7월 28일 09시,화요일,서울특별시 강남구 개포동,경상사고,0,0,1,0,차대차 - 측면충돌,안전거리미확보,포장 - 건조,맑음,단일로 - 기타,승용,여,56세,상해없음,건설기계,남,50세,경상
2020072800100191,2020년 7월 28일 12시,화요일,서울특별시 강남구 도곡동,경상사고,0,0,1,0,차대차 - 기타,안전거리미확보,포장 - 건조,맑음,기타 - 기타,승용,남,48세,상해없음,승용,남,39세,경상
2020072800100268,2020년 7월 28일 15시,화요일,서울특별시 강남구 역삼동,경상사고,0,0,1,0,차대사람 - 길가장자리구역통행중,보행자보호의무위반,포장 - 건조,맑음,교차로 - 교차로부근,승용,여,31세,상해없음,보행자,여,14세,경상
2020072800100308,2020년 7월 28일 16시,화요일,서울특별시 강남구 도곡동,경상사고,0,0,1,0,차대차 - 추돌,안전운전불이행,포장 - 건조,맑음,교차로 - 교차로부근,화물,남,22세,상해없음,승용,남,50세,경상
2020072800100383,2020년 7월 28일 18시,화요일,서울특별시 강남구 삼성동,경상사고,0,0,1,0,차대차 - 측면충돌,안전운전불이행,포장 - 건조,맑음,단일로 - 기타,승용,여,41세,상해없음,승용,남,25세,경상
2020072800100519,2020년 7월 28일 21시,화요일,서울특별시 강남구 청담동,부상신고사고,0,0,0,1,차대차 - 추돌,안전운전불이행,포장 - 건조,맑음,기타 - 기타,이륜,남,28세,부상신고,승용,남,60세,상해없음
2020072800100548,2020년 7월 28일 22시,화요일,서울특별시 강남구 역삼동,경상사고,0,0,2,0,차대차 - 기타,직진우회전진행방해,포장 - 건조,기타,교차로 - 교차로안,승용,남,47세,경상,개인형이동수단(PM),남,28세,경상
2020072900100005,2020년 7월 29일 00시,수요일,서울특별시 강남구 논현동,부상신고사고,0,0,0,1,차대차 - 측면충돌,안전운전불이행,포장 - 건조,맑음,단일로 - 기타,승용,남,61세,부상신고,승용,남,23세,상해없음
2020072900100006,2020년 7월 29일 00시,수요일,서울특별시 강남구 역삼동,경상사고,0,0,2,0,차대차 - 기타,안전운전불이행,포장 - 젖음/습기,비,교차로 - 교차로부근,기타불명,기타불명,미분류,기타불명,승용,남,29세,경상
2020072900100021,2020년 7월 29일 01시,수요일,서울특별시 강남구 신사동,경상사고,0,0,1,0,차대차 - 기타,안전운전불이행,포장 - 젖음/습기,비,교차로 - 교차로안,승용,여,39세,상해없음,승용,남,58세,경상
2020072900100022,2020년 7월 29일 01시,수요일,서울특별시 강남구 논현동,경상사고,0,0,1,0,차대차 - 기타,안전운전불이행,포장 - 젖음/습기,비,단일로 - 기타,승용,남,41세,상해없음,승용,남,68세,경상
2020072900100023,2020년 7월 29일 01시,수요일,서울특별시 강남구 논현동,경상사고,0,0,2,0,차대차 - 기타,안전거리미확보,포장 - 젖음/습기,비,단일로 - 기타,승용,남,53세,상해없음,승용,남,40세,경상
2020072900100063,2020년 7월 29일 05시,수요일,서울특별시 강남구 신사동,부상신고사고,0,0,0,1,차대차 - 기타,안전운전불이행,포장 - 젖음/습기,비,단일로 - 기타,승용,남,52세,상해없음,이륜,남,19세,부상신고
2020072900100097,2020년 7월 29일 08시,수요일,서울특별시 강남구 일원동,경상사고,0,0,2,0,차대차 - 기타,안전운전불이행,포장 - 건조,맑음,단일로 - 기타,화물,남,63세,경상,승용,남,39세,경상
2020072900100128,2020년 7월 29일 09시,수요일,서울특별시 강남구 신사동,경상사고,0,0,2,0,차대차 - 추돌,안전운전불이행,포장 - 젖음/습기,비,단일로 - 기타,승용,남,44세,상해없음,승용,여,60세,경상
2020072900100129,2020년 7월 29일 09시,수요일,서울특별시 강남구 압구정동,경상사고,0,0,2,0,차대차 - 기타,안전거리미확보,포장 - 젖음/습기,비,단일로 - 기타,승용,남,40세,상해없음,승용,여,37세,경상
2020072900100159,2020년 7월 29일 10시,수요일,서울특별시 강남구 삼성동,부상신고사고,0,0,0,1,차대차 - 기타,신호위반,포장 - 건조,맑음,교차로 - 교차로안,승용,남,65세,상해없음,승용,남,54세,상해없음
2020072900100222,2020년 7월 29일 12시,수요일,서울특별시 강남구 압구정동,경상사고,0,0,1,0,차대차 - 추돌,안전거리미확보,포장 - 젖음/습기,흐림,단일로 - 기타,승용,남,67세,상해없음,승용,남,30세,경상
2020072900100223,2020년 7월 29일 12시,수요일,서울특별시 강남구 삼성동,경상사고,0,0,1,0,차대차 - 추돌,안전운전불이행,포장 - 젖음/습기,비,교차로 - 교차로부근,이륜,남,23세,경상,화물,남,40세,상해없음
2020072900100291,2020년 7월 29일 14시,수요일,서울특별시 강남구 압구정동,경상사고,0,0,1,0,차대차 - 기타,안전거리미확보,포장 - 젖음/습기,흐림,단일로 - 기타,화물,남,46세,상해없음,승용,여,54세,경상
2020072900100292,2020년 7월 29일 14시,수요일,서울특별시 강남구 역삼동,경상사고,0,0,1,0,차대차 - 기타,안전운전불이행,포장 - 건조,맑음,교차로 - 교차로부근,승합,남,55세,상해없음,승용,남,27세,경상
2020072900100293,2020년 7월 29일 14시,수요일,서울특별시 강남구 대치동,중상사고,0,1,0,0,차대차 - 기타,기타,포장 - 건조,맑음,교차로 - 교차로부근,이륜,남,43세,중상,승용,남,59세,상해없음
2020072900100329,2020년 7월 29일 15시,수요일,서울특별시 강남구 역삼동,경상사고,0,0,1,0,차대차 - 추돌,기타,포장 - 젖음/습기,흐림,단일로 - 기타,승용,남,30세,상해없음,승용,남,49세,경상
2020072900100361,2020년 7월 29일 16시,수요일,서울특별시 강남구 삼성동,경상사고,0,0,1,0,차대차 - 기타,안전운전불이행,포장 - 건조,기타,단일로 - 기타,이륜,남,31세,기타불명,이륜,남,38세,경상
2020072900100365,2020년 7월 29일 16시,수요일,서울특별시 강남구 역삼동,경상사고,0,0,1,0,차대사람 - 기타,안전운전불이행,포장 - 건조,맑음,교차로 - 교차로안,승용,남,63세,상해없음,보행자,여,22세,경상
2020072900100428,2020년 7월 29일 18시,수요일,서울특별시 강남구 논현동,경상사고,0,0,1,0,차대사람 - 보도통행중,기타,포장 - 젖음/습기,비,기타 - 기타,승용,남,50세,상해없음,보행자,여,53세,경상
2020072900100466,2020년 7월 29일 19시,수요일,서울특별시 강남구 삼성동,경상사고,0,0,1,0,차대사람 - 보도통행중,보행자보호의무위반,포장 - 젖음/습기,비,교차로 - 교차로횡단보도내,승용,남,32세,상해없음,보행자,남,28세,경상
2020072900100469,2020년 7월 29일 19시,수요일,서울특별시 강남구 도곡동,경상사고,0,0,1,0,차대차 - 기타,신호위반,포장 - 젖음/습기,비,교차로 - 교차로안,기타불명,기타불명,미분류,기타불명,이륜,남,23세,경상
2020072900100549,2020년 7월 29일 22시,수요일,서울특별시 강남구 논현동,경상사고,0,0,3,0,차대차 - 측면충돌,안전거리미확보,포장 - 젖음/습기,비,단일로 - 기타,승용,남,49세,경상,승용,여,34세,경상
2020072900100550,2020년 7월 29일 22시,수요일,서울특별시 강남구 논현동,경상사고,0,0,1,0,차대차 - 기타,불법유턴,포장 - 젖음/습기,비,단일로 - 기타,승용,남,64세,상해없음,승용,남,26세,경상
2020072900100554,2020년 7월 29일 22시,수요일,서울특별시 강남구 수서동,경상사고,0,0,1,0,차대사람 - 횡단중,안전운전불이행,포장 - 젖음/습기,비,교차로 - 교차로횡단보도내,승용,남,34세,상해없음,보행자,여,28세,경상
2020073000100024,2020년 7월 30일 01시,목요일,서울특별시 강남구 삼성동,부상신고사고,0,0,0,1,차대차 - 기타,교차로운행방법위반,포장 - 젖음/습기,비,단일로 - 기타,승용,남,48세,상해없음,이륜,남,22세,부상신고
2020073000100169,2020년 7월 30일 11시,목요일,서울특별시 강남구 신사동,중상사고,0,1,0,0,차대사람 - 횡단중,안전운전불이행,포장 - 기타,맑음,단일로 - 기타,승용,여,71세,상해없음,보행자,여,32세,중상
2020073000100170,2020년 7월 30일 11시,목요일,서울특별시 강남구 논현동,경상사고,0,0,1,0,차대차 - 기타,안전운전불이행,포장 - 건조,맑음,교차로 - 교차로안,승용,남,22세,상해없음,승용,남,36세,경상
2020073000100343,2020년 7월 30일 16시,목요일,서울특별시 강남구 역삼동,경상사고,0,0,1,0,차대차 - 측면충돌,안전운전불이행,포장 - 건조,맑음,단일로 - 기타,승용,남,62세,상해없음,승용,여,48세,경상
2020073000100384,2020년 7월 30일 17시,목요일,서울특별시 강남구 율현동,중상사고,0,1,0,0,차대차 - 측면충돌,중앙선침범,포장 - 건조,맑음,단일로 - 기타,이륜,남,20세,중상,승용,남,62세,상해없음
2020073000100465,2020년 7월 30일 19시,목요일,서울특별시 강남구 대치동,부상신고사고,0,0,0,1,차대차 - 추돌,안전거리미확보,포장 - 건조,맑음,교차로 - 교차로부근,이륜,남,30세,부상신고,승용,남,50세,상해없음
2020073000100545,2020년 7월 30일 21시,목요일,서울특별시 강남구 도곡동,중상사고,0,1,0,0,차대차 - 추돌,안전운전불이행,포장 - 건조,맑음,단일로 - 기타,승용,남,45세,상해없음,승용,남,53세,중상
2020073000100594,2020년 7월 30일 23시,목요일,서울특별시 강남구 역삼동,경상사고,0,0,1,0,차대차 - 추돌,안전운전불이행,포장 - 건조,맑음,단일로 - 기타,승용,남,26세,기타불명,승용,남,38세,경상
2020073100100001,2020년 7월 31일 00시,금요일,서울특별시 강남구 압구정동,중상사고,0,1,0,0,차대사람 - 기타,안전운전불이행,포장 - 건조,맑음,주차장 - 주차장,개인형이동수단(PM),여,16세,상해없음,보행자,여,54세,중상
2020073100100003,2020년 7월 31일 00시,금요일,서울특별시 강남구 개포동,경상사고,0,0,4,0,차대차 - 추돌,안전운전불이행,포장 - 건조,맑음,단일로 - 기타,승용,남,38세,상해없음,승용,남,36세,경상
2020073100100027,2020년 7월 31일 02시,금요일,서울특별시 강남구 논현동,경상사고,0,0,1,0,차대사람 - 길가장자리구역통행중,안전운전불이행,포장 - 건조,맑음,단일로 - 기타,승용,남,60세,상해없음,보행자,남,26세,경상
2020073100100028,2020년 7월 31일 02시,금요일,서울특별시 강남구 논현동,경상사고,0,0,2,0,차대차 - 기타,안전운전불이행,포장 - 건조,맑음,단일로 - 기타,화물,남,32세,경상,화물,남,49세,경상
2020073100100044,2020년 7월 31일 04시,금요일,서울특별시 강남구 논현동,중상사고,0,1,1,2,차대차 - 추돌,안전거리미확보,포장 - 건조,흐림,단일로 - 기타,승용,여,27세,기타불명,승용,남,52세,중상
2020073100100119,2020년 7월 31일 09시,금요일,서울특별시 강남구 삼성동,경상사고,0,0,1,0,차대사람 - 기타,신호위반,포장 - 건조,맑음,교차로 - 교차로부근,화물,남,46세,상해없음,보행자,남,22세,경상
2020073100100146,2020년 7월 31일 10시,금요일,서울특별시 강남구 역삼동,경상사고,0,0,1,0,차대차 - 측면충돌,안전운전불이행,포장 - 건조,맑음,교차로 - 교차로안,건설기계,남,63세,상해없음,화물,남,50세,경상
2020073100100162,2020년 7월 31일 11시,금요일,서울특별시 강남구 일원동,경상사고,0,0,1,0,차대차 - 기타,안전운전불이행,포장 - 건조,맑음,교차로 - 교차로부근,화물,남,61세,상해없음,승용,남,69세,경상
2020073100100198,2020년 7월 31일 12시,금요일,서울특별시 강남구 대치동,부상신고사고,0,0,0,1,차대차 - 기타,안전운전불이행,포장 - 건조,맑음,교차로 - 교차로부근,개인형이동수단(PM),남,44세,부상신고,건설기계,남,33세,상해없음
2020073100100199,2020년 7월 31일 12시,금요일,서울특별시 강남구 일원동,경상사고,0,0,1,0,차대차 - 기타,안전운전불이행,포장 - 건조,맑음,단일로 - 기타,특수,남,50세,상해없음,승용,남,26세,경상
2020073100100227,2020년 7월 31일 13시,금요일,서울특별시 강남구 압구정동,경상사고,0,0,1,0,차대차 - 기타,안전거리미확보,포장 - 건조,맑음,단일로 - 기타,승용,여,48세,상해없음,승용,남,38세,경상
2020073100100323,2020년 7월 31일 15시,금요일,서울특별시 강남구 개포동,중상사고,0,1,1,0,차대차 - 기타,불법유턴,포장 - 건조,맑음,교차로 - 교차로부근,이륜,남,37세,중상,승용,남,36세,경상
2020073100100353,2020년 7월 31일 16시,금요일,서울특별시 강남구 신사동,경상사고,0,0,1,0,차대차 - 측면충돌,안전거리미확보,포장 - 건조,맑음,단일로 - 기타,승용,남,71세,상해없음,승용,여,34세,경상
2020073100100403,2020년 7월 31일 17시,금요일,서울특별시 강남구 개포동,경상사고,0,0,1,0,차대차 - 추돌,안전운전불이행,포장 - 건조,맑음,단일로 - 기타,승합,남,54세,상해없음,승용,남,25세,경상
2020073100100448,2020년 7월 31일 18시,금요일,서울특별시 강남구 대치동,경상사고,0,0,1,0,차대차 - 기타,안전운전불이행,포장 - 건조,맑음,교차로 - 교차로안,승용,남,19세,상해없음,승용,남,35세,경상
2020073100100506,2020년 7월 31일 19시,금요일,서울특별시 강남구 도곡동,경상사고,0,0,1,0,차대차 - 측면충돌,안전운전불이행,포장 - 건조,맑음,단일로 - 기타,개인형이동수단(PM),남,32세,경상,승용,여,24세,상해없음
2020073100100546,2020년 7월 31일 20시,금요일,서울특별시 강남구 논현동,중상사고,0,1,0,0,차대차 - 기타,안전거리미확보,포장 - 건조,맑음,단일로 - 기타,승용,남,55세,상해없음,승용,남,45세,중상
2020073100100577,2020년 7월 31일 21시,금요일,서울특별시 강남구 논현동,경상사고,0,0,1,0,차량단독 - 기타,교차로운행방법위반,포장 - 건조,맑음,교차로 - 교차로부근,승용,남,45세,상해없음,,,,
2020073100100607,2020년 7월 31일 22시,금요일,서울특별시 강남구 청담동,경상사고,0,0,1,0,차대사람 - 보도통행중,안전운전불이행,포장 - 젖음/습기,비,기타 - 기타,자전거,남,55세,상해없음,보행자,여,52세,경상
2020073100100613,2020년 7월 31일 22시,금요일,서울특별시 강남구 역삼동,경상사고,0,0,1,0,차대사람 - 길가장자리구역통행중,안전운전불이행,포장 - 젖음/습기,흐림,단일로 - 기타,승용,남,35세,상해없음,보행자,남,43세,경상
2020073100100614,2020년 7월 31일 22시,금요일,서울특별시 강남구 대치동,경상사고,0,0,1,0,차대차 - 측면충돌,교차로운행방법위반,포장 - 건조,맑음,교차로 - 교차로안,승용,남,44세,상해없음,승용,여,43세,경상
2020080100100027,2020년 8월 1일 01시,토요일,서울특별시 강남구 역삼동,중상사고,0,1,0,0,차대차 - 측면충돌,직진우회전진행방해,포장 - 젖음/습기,비,교차로 - 교차로안,화물,남,65세,상해없음,승용,남,47세,중상
2020080100100048,2020년 8월 1일 03시,토요일,서울특별시 강남구 역삼동,경상사고,0,0,1,0,차대사람 - 기타,안전운전불이행,포장 - 건조,맑음,단일로 - 지하차도(도로)내,승용,남,60세,상해없음,보행자,남,23세,경상
2020080100100096,2020년 8월 1일 08시,토요일,서울특별시 강남구 삼성동,중상사고,0,1,0,0,차대차 - 추돌,안전거리미확보,포장 - 건조,맑음,단일로 - 기타,승용,남,44세,상해없음,승용,남,52세,중상
2020080100100169,2020년 8월 1일 11시,토요일,서울특별시 강남구 도곡동,경상사고,0,0,1,0,차대사람 - 횡단중,보행자보호의무위반,포장 - 젖음/습기,비,교차로 - 교차로안,화물,남,70세,상해없음,보행자,남,63세,경상
2020080100100350,2020년 8월 1일 16시,토요일,서울특별시 강남구 역삼동,경상사고,0,0,2,0,차대차 - 측면충돌,안전운전불이행,포장 - 건조,맑음,단일로 - 기타,승용,여,45세,상해없음,승용,남,24세,경상