사고번호,사고일시,요일,시군구,사고내용,사망자수,중상자수,경상자수,부상신고자수,사고유형,법규위반,노면상태,기상상태,도로형태,가해운전자 차종,가해운전자 성별,가해운전자 연령,가해운전자 상해정도,피해운전자 차종,피해운전자 성별,피해운전자 연령,피해운전자 상해정도
2020080100100443,2020년 8월 1일 18시,토요일,서울특별시 강남구 세곡동,경상사고,0,0,1,0,차대차 - 기타,안전운전불이행,포장 - 건조,맑음,단일로 - 기타,이륜,남,52세,경상,승용,남,57세,상해없음
2020080100100525,2020년 8월 1일 21시,토요일,서울특별시 강남구 논현동,경상사고,0,0,2,0,차대차 - 기타,차로위반,포장 - 젖음/습기,흐림,단일로 - 기타,승용,남,78세,경상,승용,남,29세,경상
2020080100100555,2020년 8월 1일 22시,토요일,서울특별시 강남구 신사동,경상사고,0,0,2,0,차대차 - 추돌,안전운전불이행,포장 - 젖음/습기,흐림,단일로 - 기타,승용,남,65세,상해없음,승용,남,63세,경상
2020080100100588,2020년 8월 1일 23시,토요일,서울특별시 강남구 신사동,중상사고,0,2,1,0,차대차 - 기타,신호위반,포장 - 젖음/습기,비,교차로 - 교차로안,승용,남,34세,중상,승용,남,60세,중상
2020080100100594,2020년 8월 1일 23시,토요일,서울특별시 강남구 세곡동,경상사고,0,0,2,0,차대차 - 기타,신호위반,포장 - 젖음/습기,비,교차로 - 교차로안,승용,남,59세,상해없음,승용,남,60세,경상
2020080200100042,2020년 8월 2일 04시,일요일,서울특별시 강남구 압구정동,경상사고,0,0,2,0,차대차 - 추돌,안전운전불이행,포장 - 건조,맑음,단일로 - 기타,승용,남,30세,상해없음,화물,남,27세,경상
2020080200100149,2020년 8월 2일 13시,일요일,서울특별시 강남구 신사동,중상사고,0,1,3,0,차대차 - 기타,안전운전불이행,포장 - 젖음/습기,비,단일로 - 기타,이륜,남,50세,중상,승용,남,27세,경상
2020080200100151,2020년 8월 2일 13시,일요일,서울특별시 강남구 개포동,경상사고,0,0,2,0,차대차 - 측면충돌,신호위반,포장 - 젖음/습기,비,교차로 - 교차로안,승용,남,47세,상해없음,승용,여,19세,경상
2020080200100204,2020년 8월 2일 15시,일요일,서울특별시 강남구 역삼동,경상사고,0,0,2,0,차대차 - 추돌,안전운전불이행,포장 - 건조,맑음,교차로 - 교차로안,승용,남,57세,상해없음,이륜,남,31세,경상
2020080200100262,2020년 8월 2일 17시,일요일,서울특별시 강남구 대치동,경상사고,0,0,1,0,차대사람 - 기타,안전운전불이행,포장 - 젖음/습기,비,교차로 - 교차로안,승용,남,52세,상해없음,보행자,여,27세,경상
2020080200100389,2020년 8월 2일 22시,일요일,서울특별시 강남구 역삼동,경상사고,0,0,2,0,차대차 - 기타,불법유턴,포장 - 건조,맑음,단일로 - 기타,승용,남,59세,상해없음,승용,여,24세,경상
2020080200100391,2020년 8월 2일 22시,일요일,서울특별시 강남구 세곡동,부상신고사고,0,0,0,1,차대차 - 기타,신호위반,포장 - 젖음/습기,비,교차로 - 교차로안,이륜,남,25세,부상신고,화물,남,29세,상해없음
2020080300100001,2020년 8월 3일 00시,월요일,서울특별시 강남구 삼성동,중상사고,0,1,0,0,차대사람 - 기타,안전운전불이행,포장 - 젖음/습기,흐림,교차로 - 교차로부근,승용,남,64세,상해없음,보행자,남,51세,중상
2020080300100087,2020년 8월 3일 08시,월요일,서울특별시 강남구 개포동,경상사고,0,0,1,0,차대차 - 기타,안전거리미확보,포장 - 젖음/습기,비,단일로 - 기타,승용,남,22세,기타불명,승용,남,71세,상해없음
2020080300100142,2020년 8월 3일 10시,월요일,서울특별시 강남구 삼성동,경상사고,0,0,2,0,차대차 - 측면충돌,안전운전불이행,포장 - 젖음/습기,흐림,단일로 - 기타,승용,남,28세,상해없음,승용,남,66세,경상
2020080300100285,2020년 8월 3일 14시,월요일,서울특별시 강남구 논현동,경상사고,0,0,2,0,차대차 - 정면충돌,안전운전불이행,포장 - 건조,맑음,교차로 - 교차로안,승용,기타불명,미분류,기타불명,승용,남,57세,경상
2020080300100290,2020년 8월 3일 14시,월요일,서울특별시 강남구 대치동,경상사고,0,0,1,0,차대차 - 추돌,안전거리미확보,포장 - 젖음/습기,흐림,교차로 - 교차로안,승용,여,50세,상해없음,승용,여,48세,경상
2020080300100327,2020년 8월 3일 15시,월요일,서울특별시 강남구 압구정동,경상사고,0,0,1,0,차대차 - 기타,교차로운행방법위반,포장 - 젖음/습기,비,교차로 - 교차로안,승용,남,57세,상해없음,승용,남,35세,경상
2020080300100473,2020년 8월 3일 19시,월요일,서울특별시 강남구 신사동,중상사고,0,1,0,0,차대차 - 기타,안전운전불이행,포장 - 젖음/습기,비,기타 - 기타,승용,남,57세,상해없음,승용,남,43세,중상
2020080300100504,2020년 8월 3일 20시,월요일,서울특별시 강남구 역삼동,경상사고,0,0,1,0,차대차 - 기타,안전거리미확보,포장 - 젖음/습기,비,단일로 - 기타,승용,여,41세,상해없음,이륜,남,39세,경상
2020080300100532,2020년 8월 3일 21시,월요일,서울특별시 강남구 압구정동,경상사고,0,0,1,0,차대차 - 기타,안전거리미확보,포장 - 젖음/습기,비,단일로 - 기타,승용,남,31세,상해없음,이륜,남,37세,경상
2020080300100551,2020년 8월 3일 22시,월요일,서울특별시 강남구 신사동,중상사고,0,1,0,0,차대차 - 측면충돌,안전운전불이행,포장 - 젖음/습기,비,단일로 - 기타,이륜,남,18세,중상,승용,남,62세,상해없음
2020080300100552,2020년 8월 3일 22시,월요일,서울특별시 강남구 역삼동,경상사고,0,0,1,0,차대차 - 측면충돌,기타,포장 - 건조,맑음,교차로 - 교차로안,승용,남,34세,상해없음,승용,남,71세,경상
2020080300100555,2020년 8월 3일 22시,월요일,서울특별시 강남구 역삼동,경상사고,0,0,2,0,차대차 - 기타,안전운전불이행,포장 - 젖음/습기,비,단일로 - 기타,승용,남,31세,상해없음,승용,남,39세,경상
2020080300100575,2020년 8월 3일 23시,월요일,서울특별시 강남구 대치동,중상사고,0,3,0,0,차대차 - 측면충돌,신호위반,포장 - 건조,맑음,교차로 - 교차로안,승용,남,64세,상해없음,승용,남,73세,중상
2020080400100034,2020년 8월 4일 03시,화요일,서울특별시 강남구 논현동,경상사고,0,0,2,0,차대차 - 정면충돌,안전운전불이행,포장 - 건조,맑음,단일로 - 기타,승용,남,32세,상해없음,승용,남,59세,경상
2020080400100080,2020년 8월 4일 08시,화요일,서울특별시 강남구 삼성동,경상사고,0,0,1,0,차대차 - 추돌,안전거리미확보,포장 - 기타,흐림,단일로 - 기타,승용,남,70세,상해없음,화물,남,62세,경상
2020080400100134,2020년 8월 4일 10시,화요일,서울특별시 강남구 청담동,경상사고,0,0,1,0,차대차 - 기타,신호위반,포장 - 건조,맑음,단일로 - 기타,승용,남,68세,상해없음,이륜,남,31세,경상
2020080400100135,2020년 8월 4일 10시,화요일,서울특별시 강남구 논현동,경상사고,0,0,1,0,차대차 - 기타,안전운전불이행,포장 - 건조,맑음,단일로 - 기타,화물,남,61세,상해없음,이륜,남,43세,경상
2020080400100227,2020년 8월 4일 13시,화요일,서울특별시 강남구 역삼동,경상사고,0,0,1,0,차대차 - 추돌,안전거리미확보,포장 - 건조,맑음,단일로 - 기타,이륜,남,30세,상해없음,이륜,남,51세,경상
2020080400100276,2020년 8월 4일 14시,화요일,서울특별시 강남구 세곡동,경상사고,0,0,2,0,차대차 - 측면충돌,안전운전불이행,포장 - 건조,맑음,단일로 - 기타,승용,남,82세,상해없음,승용,남,26세,경상
2020080400100334,2020년 8월 4일 16시,화요일,서울특별시 강남구 도곡동,경상사고,0,0,1,0,차대차 - 기타,안전운전불이행,포장 - 젖음/습기,흐림,단일로 - 기타,승용,남,67세,상해없음,승용,여,39세,경상
2020080400100481,2020년 8월 4일 20시,화요일,서울특별시 강남구 역삼동,경상사고,0,0,1,0,차대차 - 측면충돌,안전거리미확보,포장 - 건조,맑음,단일로 - 기타,승용,여,28세,기타불명,승용,남,56세,경상
2020080400100522,2020년 8월 4일 21시,화요일,서울특별시 강남구 대치동,경상사고,0,0,1,0,차대차 - 기타,안전운전불이행,포장 - 젖음/습기,흐림,단일로 - 기타,승용,여,41세,상해없음,승용,남,47세,경상
2020080400100546,2020년 8월 4일 22시,화요일,서울특별시 강남구 자곡동,경상사고,0,0,1,0,차대차 - 추돌,안전운전불이행,포장 - 젖음/습기,비,교차로 - 교차로횡단보도내,승용,여,26세,상해없음,이륜,남,19세,경상
2020080500100002,2020년 8월 5일 00시,수요일,서울특별시 강남구 청담동,경상사고,0,0,1,0,차대차 - 추돌,안전거리미확보,포장 - 젖음/습기,비,단일로 - 기타,화물,남,60세,상해없음,승용,남,42세,경상
2020080500100006,2020년 8월 5일 00시,수요일,서울특별시 강남구 역삼동,중상사고,0,1,0,0,차대차 - 기타,안전거리미확보,포장 - 젖음/습기,비,교차로 - 교차로부근,승용,남,60세,상해없음,승용,남,35세,중상
2020080500100033,2020년 8월 5일 03시,수요일,서울특별시 강남구 신사동,경상사고,0,0,1,0,차대차 - 추돌,안전운전불이행,포장 - 젖음/습기,흐림,단일로 - 지하차도(도로)내,승용,남,29세,상해없음,승용,남,63세,경상
2020080500100039,2020년 8월 5일 04시,수요일,서울특별시 강남구 삼성동,중상사고,0,1,0,0,차대사람 - 횡단중,신호위반,포장 - 기타,기타,기타 - 기타,승용,남,25세,상해없음,보행자,남,76세,중상
2020080500100104,2020년 8월 5일 09시,수요일,서울특별시 강남구 역삼동,경상사고,0,0,1,0,차대차 - 기타,안전운전불이행,포장 - 건조,기타,단일로 - 기타,승용,남,30세,상해없음,이륜,남,27세,경상
2020080500100107,2020년 8월 5일 09시,수요일,서울특별시 강남구 도곡동,경상사고,0,0,1,0,차대차 - 기타,안전거리미확보,포장 - 젖음/습기,비,단일로 - 기타,승용,여,53세,상해없음,승용,남,52세,경상
2020080500100121,2020년 8월 5일 10시,수요일,서울특별시 강남구 삼성동,경상사고,0,0,1,0,차대차 - 후진중충돌,안전운전불이행,포장 - 건조,맑음,주차장 - 주차장,승용,남,28세,상해없음,승용,남,36세,경상
2020080500100255,2020년 8월 5일 14시,수요일,서울특별시 강남구 신사동,경상사고,0,0,1,0,차대사람 - 차도통행중,안전운전불이행,포장 - 젖음/습기,흐림,단일로 - 기타,승용,여,29세,상해없음,보행자,남,26세,경상
2020080500100258,2020년 8월 5일 14시,수요일,서울특별시 강남구 자곡동,경상사고,0,0,2,1,차대차 - 기타,안전운전불이행,포장 - 젖음/습기,비,단일로 - 기타,승용,남,53세,경상,화물,남,35세,부상신고
2020080500100285,2020년 8월 5일 15시,수요일,서울특별시 강남구 삼성동,경상사고,0,0,1,0,차대차 - 기타,기타,포장 - 건조,맑음,교차로 - 교차로부근,승용,남,64세,경상,승용,남,46세,상해없음
2020080500100286,2020년 8월 5일 15시,수요일,서울특별시 강남구 역삼동,경상사고,0,0,1,0,차대차 - 기타,안전운전불이행,포장 - 젖음/습기,비,단일로 - 기타,승용,남,61세,상해없음,이륜,남,36세,경상
2020080500100323,2020년 8월 5일 16시,수요일,서울특별시 강남구 개포동,경상사고,0,0,2,0,차대차 - 추돌,안전운전불이행,포장 - 건조,기타,단일로 - 터널,승용,여,43세,상해없음,승용,남,59세,경상
2020080500100349,2020년 8월 5일 17시,수요일,서울특별시 강남구 자곡동,중상사고,0,1,0,0,차대차 - 기타,기타,포장 - 건조,맑음,단일로 - 기타,화물,남,59세,상해없음,자전거,남,49세,중상
2020080500100386,2020년 8월 5일 18시,수요일,서울특별시 강남구 논현동,경상사고,0,0,1,0,차대차 - 기타,직진우회전진행방해,포장 - 건조,맑음,교차로 - 교차로안,이륜,남,36세,경상,승용,남,26세,상해없음
2020080500100387,2020년 8월 5일 18시,수요일,서울특별시 강남구 역삼동,경상사고,0,0,1,0,차대차 - 기타,안전운전불이행,포장 - 건조,맑음,교차로 - 교차로안,승용,남,49세,상해없음,이륜,남,28세,경상
2020080500100388,2020년 8월 5일 18시,수요일,서울특별시 강남구 청담동,경상사고,0,0,1,0,차대차 - 측면충돌,안전운전불이행,포장 - 젖음/습기,비,교차로 - 교차로안,승용,남,62세,상해없음,승용,남,37세,경상
2020080500100433,2020년 8월 5일 19시,수요일,서울특별시 강남구 개포동,경상사고,0,0,1,0,차대차 - 기타,안전운전불이행,포장 - 건조,맑음,교차로 - 교차로부근,승용,남,59세,상해없음,이륜,남,36세,경상
2020080500100468,2020년 8월 5일 20시,수요일,서울특별시 강남구 삼성동,경상사고,0,0,1,0,차대차 - 추돌,안전운전불이행,포장 - 건조,흐림,단일로 - 기타,승용,남,71세,상해없음,이륜,남,32세,경상
2020080500100499,2020년 8월 5일 21시,수요일,서울특별시 강남구 압구정동,중상사고,0,3,2,0,차대차 - 추돌,안전운전불이행,포장 - 젖음/습기,비,단일로 - 기타,승용,남,61세,상해없음,승용,여,47세,중상
2020080600100006,2020년 8월 6일 00시,목요일,서울특별시 강남구 자곡동,경상사고,0,0,2,0,차대차 - 측면충돌,안전운전불이행,포장 - 젖음/습기,비,교차로 - 교차로안,승용,남,38세,상해없음,승용,남,48세,경상
2020080600100024,2020년 8월 6일 01시,목요일,서울특별시 강남구 논현동,중상사고,0,1,0,0,차대사람 - 기타,안전운전불이행,포장 - 젖음/습기,비,교차로 - 교차로부근,승용,남,36세,상해없음,보행자,여,27세,중상
2020080600100025,2020년 8월 6일 01시,목요일,서울특별시 강남구 논현동,경상사고,0,0,1,0,차대차 - 기타,안전운전불이행,포장 - 건조,맑음,교차로 - 교차로안,승용,여,32세,상해없음,승용,남,24세,경상
2020080600100026,2020년 8월 6일 01시,목요일,서울특별시 강남구 역삼동,중상사고,0,1,0,0,차대차 - 기타,안전운전불이행,포장 - 젖음/습기,비,단일로 - 기타,승용,남,35세,상해없음,승용,남,27세,중상
2020080600100042,2020년 8월 6일 02시,목요일,서울특별시 강남구 역삼동,경상사고,0,0,2,0,차대차 - 추돌,안전운전불이행,포장 - 젖음/습기,비,교차로 - 교차로부근,승용,남,31세,상해없음,승용,남,51세,경상
2020080600100141,2020년 8월 6일 09시,목요일,서울특별시 강남구 삼성동,경상사고,0,0,2,0,차대차 - 측면충돌,안전운전불이행,포장 - 건조,맑음,단일로 - 기타,승용,남,41세,경상,화물,남,65세,경상
2020080600100171,2020년 8월 6일 10시,목요일,서울특별시 강남구 압구정동,경상사고,0,0,1,0,차대차 - 기타,안전운전불이행,포장 - 젖음/습기,비,단일로 - 기타,승용,남,56세,상해없음,승용,남,42세,경상
2020080600100176,2020년 8월 6일 10시,목요일,서울특별시 강남구 대치동,경상사고,0,0,1,0,차대차 - 추돌,안전운전불이행,포장 - 젖음/습기,흐림,단일로 - 기타,승용,남,68세,상해없음,승용,남,37세,경상
2020080600100230,2020년 8월 6일 12시,목요일,서울특별시 강남구 대치동,경상사고,0,0,1,0,차대차 - 측면충돌,안전거리미확보,포장 - 건조,맑음,단일로 - 기타,승용,여,78세,상해없음,승용,남,41세,경상
2020080600100299,2020년 8월 6일 14시,목요일,서울특별시 강남구 수서동,경상사고,0,0,1,0,차대차 - 측면충돌,안전거리미확보,포장 - 건조,맑음,단일로 - 기타,승용,남,78세,상해없음,승용,남,68세,경상
2020080600100447,2020년 8월 6일 18시,목요일,서울특별시 강남구 신사동,중상사고,0,1,1,1,차대차 - 후진중충돌,안전운전불이행,포장 - 건조,맑음,단일로 - 기타,승용,여,42세,부상신고,승용,남,47세,중상
2020080600100503,2020년 8월 6일 20시,목요일,서울특별시 강남구 신사동,경상사고,0,0,1,0,차대사람 - 기타,안전운전불이행,포장 - 건조,맑음,단일로 - 기타,승용,남,50세,상해없음,보행자,남,21세,경상
2020080600100549,2020년 8월 6일 22시,목요일,서울특별시 강남구 대치동,경상사고,0,0,1,0,차대사람 - 횡단중,보행자보호의무위반,포장 - 건조,맑음,교차로 - 교차로부근,승용,남,54세,상해없음,보행자,여,17세,경상
2020080700100008,2020년 8월 7일 00시,금요일,서울특별시 강남구 역삼동,경상사고,0,0,2,0,차대차 - 정면충돌,신호위반,포장 - 건조,맑음,교차로 - 교차로부근,이륜,남,31세,경상,승용,남,60세,상해없음
2020080700100022,2020년 8월 7일 01시,금요일,서울특별시 강남구 논현동,경상사고,0,0,1,0,차대차 - 후진중충돌,안전운전불이행,포장 - 건조,맑음,교차로 - 교차로부근,승용,여,31세,상해없음,승용,남,64세,경상
2020080700100033,2020년 8월 7일 02시,금요일,서울특별시 강남구 역삼동,경상사고,0,0,1,0,차대사람 - 기타,안전운전불이행,포장 - 건조,맑음,교차로 - 교차로안,승용,남,35세,상해없음,보행자,여,21세,경상
2020080700100056,2020년 8월 7일 05시,금요일,서울특별시 강남구 압구정동,경상사고,0,0,1,0,차대차 - 추돌,안전운전불이행,포장 - 건조,맑음,교차로 - 교차로부근,승용,남,37세,상해없음,승용,남,68세,경상
2020080700100095,2020년 8월 7일 08시,금요일,서울특별시 강남구 수서동,경상사고,0,0,1,0,차대차 - 기타,안전운전불이행,포장 - 젖음/습기,흐림,단일로 - 기타,승용,남,63세,상해없음,승용,남,32세,경상
2020080700100158,2020년 8월 7일 10시,금요일,서울특별시 강남구 역삼동,중상사고,0,1,0,0,차대차 - 기타,직진우회전진행방해,포장 - 건조,맑음,교차로 - 교차로안,승용,남,45세,상해없음,이륜,남,54세,중상
2020080700100193,2020년 8월 7일 11시,금요일,서울특별시 강남구 역삼동,경상사고,0,0,1,0,차량단독 - 기타,안전운전불이행,포장 - 건조,맑음,단일로 - 기타,승용,남,48세,상해없음,,,,
2020080700100314,2020년 8월 7일 15시,금요일,서울특별시 강남구 대치동,경상사고,0,0,1,0,차대사람 - 기타,안전운전불이행,포장 - 건조,맑음,단일로 - 기타,승용,여,41세,상해없음,보행자,여,35세,경상
2020080700100474,2020년 8월 7일 19시,금요일,서울특별시 강남구 신사동,경상사고,0,0,1,0,차대차 - 측면충돌,안전거리미확보,포장 - 건조,맑음,단일로 - 기타,승용,여,40세,기타불명,승용,남,69세,경상
2020080800100092,2020년 8월 8일 07시,토요일,서울특별시 강남구 논현동,부상신고사고,0,0,0,1,차대차 - 기타,신호위반,포장 - 건조,맑음,교차로 - 교차로안,이륜,남,32세,부상신고,화물,남,29세,상해없음
2020080800100093,2020년 8월 8일 07시,토요일,서울특별시 강남구 역삼동,경상사고,0,0,1,0,차대차 - 추돌,안전운전불이행,포장 - 건조,맑음,단일로 - 기타,승용,남,40세,상해없음,승용,남,49세,경상
2020080800100149,2020년 8월 8일 10시,토요일,서울특별시 강남구 신사동,경상사고,0,0,1,0,차대사람 - 길가장자리구역통행중,안전운전불이행,포장 - 건조,맑음,교차로 - 교차로안,승용,여,22세,상해없음,보행자,여,18세,경상
2020080800100216,2020년 8월 8일 12시,토요일,서울특별시 강남구 대치동,경상사고,0,0,1,0,차대사람 - 기타,안전운전불이행,포장 - 젖음/습기,비,단일로 - 기타,승용,남,24세,상해없음,보행자,남,37세,경상
2020080800100249,2020년 8월 8일 13시,토요일,서울특별시 강남구 신사동,경상사고,0,0,1,0,차대차 - 측면충돌,안전운전불이행,포장 - 젖음/습기,비,기타 - 기타,승용,남,62세,상해없음,승용,남,34세,경상
2020080800100279,2020년 8월 8일 14시,토요일,서울특별시 강남구 역삼동,경상사고,0,0,1,0,차대차 - 추돌,안전운전불이행,포장 - 젖음/습기,흐림,단일로 - 기타,승용,남,41세,상해없음,승용,남,30세,경상
2020080800100284,2020년 8월 8일 14시,토요일,서울특별시 강남구 일원동,경상사고,0,0,1,0,차대차 - 추돌,안전운전불이행,포장 - 건조,맑음,단일로 - 기타,승용,남,55세,상해없음,승용,남,39세,경상
2020080800100316,2020년 8월 8일 15시,토요일,서울특별시 강남구 논현동,경상사고,0,0,1,0,차대사람 - 보도통행중,보행자보호의무위반,포장 - 건조,맑음,교차로 - 교차로횡단보도내,개인형이동수단(PM),남,31세,상해없음,보행자,여,28세,경상
2020080800100474,2020년 8월 8일 20시,토요일,서울특별시 강남구 신사동,경상사고,0,0,1,0,차대차 - 측면충돌,안전운전불이행,포장 - 젖음/습기,비,단일로 - 기타,승용,남,60세,상해없음,승용,남,31세,경상
2020080900100021,2020년 8월 9일 01시,일요일,서울특별시 강남구 논현동,경상사고,0,0,2,0,차량단독 - 기타,기타,포장 - 젖음/습기,맑음,교차로 - 교차로부근,승용,남,63세,상해없음,,,,
2020080900100031,2020년 8월 9일 02시,일요일,서울특별시 강남구 논현동,경상사고,0,0,1,0,차대차 - 후진중충돌,안전운전불이행,포장 - 기타,기타,교차로 - 교차로부근,승용,남,51세,상해없음,승용,남,31세,경상
2020080900100071,2020년 8월 9일 06시,일요일,서울특별시 강남구 논현동,경상사고,0,0,1,0,차대차 - 측면충돌,안전운전불이행,포장 - 젖음/습기,비,단일로 - 기타,승용,남,28세,상해없음,승용,남,29세,경상
2020080900100196,2020년 8월 9일 14시,일요일,서울특별시 강남구 도곡동,경상사고,0,0,1,0,차대차 - 측면충돌,안전운전불이행,포장 - 젖음/습기,흐림,교차로 - 교차로부근,승용,남,50세,상해없음,승용,여,32세,경상
2020080900100220,2020년 8월 9일 15시,일요일,서울특별시 강남구 논현동,경상사고,0,0,3,0,차대차 - 측면충돌,안전거리미확보,포장 - 건조,맑음,기타 - 기타,승용,여,28세,상해없음,승용,여,39세,경상
2020080900100246,2020년 8월 9일 16시,일요일,서울특별시 강남구 대치동,경상사고,0,0,1,0,차대차 - 기타,안전운전불이행,포장 - 건조,맑음,교차로 - 교차로안,승용,남,48세,상해없음,이륜,남,30세,경상
2020081000100002,2020년 8월 10일 00시,월요일,서울특별시 강남구 신사동,경상사고,0,0,1,0,차대사람 - 길가장자리구역통행중,안전운전불이행,포장 - 건조,맑음,교차로 - 교차로안,승용,남,53세,상해없음,보행자,남,33세,경상
2020081000100059,2020년 8월 10일 08시,월요일,서울특별시 강남구 세곡동,경상사고,0,0,2,0,차대차 - 추돌,안전거리미확보,포장 - 건조,맑음,교차로 - 교차로부근,승용,남,53세,상해없음,승용,남,65세,경상
2020081000100100,2020년 8월 10일 09시,월요일,서울특별시 강남구 역삼동,경상사고,0,0,1,0,차대차 - 기타,교차로운행방법위반,포장 - 건조,기타,교차로 - 교차로안,승용,여,51세,상해없음,승용,남,39세,경상
2020081000100101,2020년 8월 10일 09시,월요일,서울특별시 강남구 청담동,경상사고,0,0,1,0,차대차 - 측면충돌,직진우회전진행방해,포장 - 건조,맑음,교차로 - 교차로안,승용,남,70세,상해없음,승용,남,61세,상해없음
2020081000100263,2020년 8월 10일 14시,월요일,서울특별시 강남구 압구정동,경상사고,0,0,2,0,차대차 - 측면충돌,안전운전불이행,포장 - 건조,맑음,단일로 - 기타,승용,남,63세,상해없음,승용,남,31세,경상
2020081000100360,2020년 8월 10일 17시,월요일,서울특별시 강남구 삼성동,경상사고,0,0,1,0,차대차 - 기타,안전운전불이행,포장 - 젖음/습기,비,교차로 - 교차로부근,승용,남,35세,상해없음,승용,남,46세,경상
2020081000100361,2020년 8월 10일 17시,월요일,서울특별시 강남구 논현동,경상사고,0,0,2,0,차대차 - 측면충돌,안전운전불이행,포장 - 기타,맑음,단일로 - 기타,승용,여,29세,경상,승용,남,48세,경상
2020081000100363,2020년 8월 10일 17시,월요일,서울특별시 강남구 수서동,부상신고사고,0,0,0,1,차대차 - 기타,안전운전불이행,포장 - 젖음/습기,비,교차로 - 교차로부근,이륜,남,57세,부상신고,승용,남,33세,기타불명
2020081000100470,2020년 8월 10일 20시,월요일,서울특별시 강남구 대치동,경상사고,0,0,1,0,차대차 - 추돌,안전운전불이행,포장 - 젖음/습기,비,기타 - 기타,승용,남,43세,상해없음,승용,남,27세,경상
2020081000100569,2020년 8월 10일 23시,월요일,서울특별시 강남구 논현동,경상사고,0,0,1,0,차대차 - 추돌,안전거리미확보,포장 - 젖음/습기,비,단일로 - 기타,승용,남,50세,상해없음,승용,여,38세,경상
2020081100100038,2020년 8월 11일 02시,화요일,서울특별시 강남구 논현동,경상사고,0,0,1,0,차대차 - 측면충돌,안전거리미확보,포장 - 건조,맑음,단일로 - 기타,승용,남,30세,상해없음,승용,여,28세,경상
2020081100100110,2020년 8월 11일 08시,화요일,서울특별시 강남구 논현동,경상사고,0,0,1,0,차대차 - 기타,안전운전불이행,포장 - 젖음/습기,비,단일로 - 기타,승용,남,68세,상해없음,승용,남,28세,경상
2020081100100149,2020년 8월 11일 09시,화요일,서울특별시 강남구 청담동,경상사고,0,0,1,0,차대차 - 기타,안전운전불이행,포장 - 건조,맑음,단일로 - 기타,승용,남,25세,상해없음,승용,남,28세,경상
2020081100100312,2020년 8월 11일 14시,화요일,서울특별시 강남구 대치동,중상사고,0,1,0,0,차대사람 - 보도통행중,기타,포장 - 건조,맑음,기타 - 기타,자전거,남,15세,상해없음,보행자,남,72세,중상
2020081100100313,2020년 8월 11일 14시,화요일,서울특별시 강남구 역삼동,중상사고,0,1,0,0,차대사람 - 횡단중,보행자보호의무위반,포장 - 건조,맑음,단일로 - 기타,승용,남,65세,상해없음,보행자,남,8세,중상
2020081100100353,2020년 8월 11일 15시,화요일,서울특별시 강남구 수서동,중상사고,0,1,0,0,차대차 - 기타,차로위반,포장 - 건조,맑음,단일로 - 기타,승용,남,62세,상해없음,이륜,남,37세,중상
2020081100100354,2020년 8월 11일 15시,화요일,서울특별시 강남구 도곡동,경상사고,0,0,1,0,차대차 - 추돌,안전거리미확보,포장 - 건조,맑음,교차로 - 교차로안,승용,여,30세,상해없음,승합,남,75세,경상
2020081100100382,2020년 8월 11일 16시,화요일,서울특별시 강남구 대치동,경상사고,0,0,1,0,차대사람 - 기타,기타,포장 - 건조,맑음,기타 - 기타,승용,남,59세,상해없음,보행자,남,18세,경상
2020081100100414,2020년 8월 11일 17시,화요일,서울특별시 강남구 논현동,부상신고사고,0,0,0,1,차대차 - 기타,안전운전불이행,포장 - 건조,기타,교차로 - 교차로안,기타불명,기타불명,미분류,기타불명,이륜,남,32세,부상신고
2020081100100419,2020년 8월 11일 17시,화요일,서울특별시 강남구 도곡동,중상사고,0,1,0,0,차대차 - 기타,기타,포장 - 건조,맑음,교차로 - 교차로부근,승용,남,62세,상해없음,이륜,남,42세,중상
2020081100100446,2020년 8월 11일 18시,화요일,서울특별시 강남구 역삼동,경상사고,0,0,1,0,차대차 - 기타,안전운전불이행,포장 - 건조,맑음,단일로 - 기타,승용,여,25세,상해없음,이륜,남,35세,경상
2020081100100527,2020년 8월 11일 20시,화요일,서울특별시 강남구 대치동,경상사고,0,0,1,0,차대차 - 추돌,안전운전불이행,포장 - 건조,맑음,단일로 - 기타,승용,남,53세,상해없음,승용,남,55세,경상
2020081200100003,2020년 8월 12일 00시,수요일,서울특별시 강남구 도곡동,중상사고,0,1,0,0,차대사람 - 횡단중,안전운전불이행,포장 - 건조,맑음,단일로 - 기타,승용,남,35세,상해없음,보행자,남,42세,중상
2020081200100053,2020년 8월 12일 06시,수요일,서울특별시 강남구 논현동,경상사고,0,0,1,0,차대차 - 측면충돌,안전거리미확보,포장 - 건조,맑음,단일로 - 기타,승용,남,71세,기타불명,승용,남,41세,경상
2020081200100261,2020년 8월 12일 13시,수요일,서울특별시 강남구 개포동,경상사고,0,0,1,0,차대차 - 추돌,안전운전불이행,포장 - 건조,맑음,단일로 - 기타,특수,남,55세,상해없음,승용,남,38세,경상
2020081200100299,2020년 8월 12일 14시,수요일,서울특별시 강남구 논현동,경상사고,0,0,1,0,차대차 - 기타,신호위반,포장 - 건조,맑음,교차로 - 교차로안,승용,남,32세,상해없음,이륜,남,52세,경상