사고번호,사고일시,요일,시군구,사고내용,사망자수,중상자수,경상자수,부상신고자수,사고유형,법규위반,노면상태,기상상태,도로형태,가해운전자 차종,가해운전자 성별,가해운전자 연령,가해운전자 상해정도,피해운전자 차종,피해운전자 성별,피해운전자 연령,피해운전자 상해정도
2020081200100300,2020년 8월 12일 14시,수요일,서울특별시 강남구 역삼동,경상사고,0,0,1,0,차대차 - 기타,기타,포장 - 건조,맑음,단일로 - 기타,승용,남,66세,상해없음,이륜,남,38세,경상
2020081200100329,2020년 8월 12일 15시,수요일,서울특별시 강남구 논현동,경상사고,0,0,1,0,차대차 - 후진중충돌,안전운전불이행,포장 - 건조,맑음,단일로 - 기타,승용,여,61세,상해없음,승용,남,38세,경상
2020081200100368,2020년 8월 12일 16시,수요일,서울특별시 강남구 개포동,경상사고,0,0,1,0,차대차 - 기타,안전거리미확보,포장 - 건조,맑음,단일로 - 기타,승용,남,26세,상해없음,승합,남,55세,상해없음
2020081200100548,2020년 8월 12일 21시,수요일,서울특별시 강남구 역삼동,경상사고,0,0,4,0,차대차 - 측면충돌,신호위반,포장 - 기타,비,교차로 - 교차로안,승용,남,32세,경상,승합,남,65세,경상
2020081300100001,2020년 8월 13일 00시,목요일,서울특별시 강남구 역삼동,경상사고,0,0,2,0,차대차 - 기타,안전운전불이행,포장 - 건조,맑음,교차로 - 교차로안,승용,남,39세,상해없음,승용,남,66세,경상
2020081300100008,2020년 8월 13일 01시,목요일,서울특별시 강남구 신사동,부상신고사고,0,0,0,1,차대차 - 측면충돌,안전운전불이행,포장 - 건조,맑음,단일로 - 기타,승용,남,34세,상해없음,승용,남,29세,부상신고
2020081300100053,2020년 8월 13일 07시,목요일,서울특별시 강남구 개포동,경상사고,0,0,2,0,차대차 - 추돌,안전운전불이행,포장 - 젖음/습기,맑음,단일로 - 기타,승용,남,65세,상해없음,승용,남,36세,경상
2020081300100072,2020년 8월 13일 08시,목요일,서울특별시 강남구 역삼동,중상사고,0,1,1,0,차대차 - 기타,안전운전불이행,포장 - 건조,맑음,단일로 - 기타,승용,여,40세,상해없음,승용,여,32세,경상
2020081300100128,2020년 8월 13일 10시,목요일,서울특별시 강남구 논현동,경상사고,0,0,1,0,차대차 - 추돌,안전거리미확보,포장 - 건조,기타,단일로 - 기타,승용,남,31세,상해없음,화물,남,32세,경상
2020081300100129,2020년 8월 13일 10시,목요일,서울특별시 강남구 신사동,부상신고사고,0,0,0,1,차대차 - 측면충돌,안전운전불이행,포장 - 기타,맑음,단일로 - 기타,이륜,남,69세,부상신고,승합,남,53세,상해없음
2020081300100399,2020년 8월 13일 17시,목요일,서울특별시 강남구 논현동,중상사고,0,1,0,0,차대사람 - 기타,안전운전불이행,포장 - 건조,맑음,기타 - 기타,승용,여,37세,기타불명,보행자,여,36세,중상
2020081300100400,2020년 8월 13일 17시,목요일,서울특별시 강남구 청담동,중상사고,0,1,1,0,차대차 - 측면충돌,차로위반,포장 - 기타,맑음,교차로 - 교차로부근,승용,여,27세,경상,승용,남,37세,중상
2020081300100401,2020년 8월 13일 17시,목요일,서울특별시 강남구 개포동,경상사고,0,0,2,1,차대차 - 측면충돌,차로위반,포장 - 건조,맑음,교차로 - 교차로부근,승용,남,57세,상해없음,승용,남,72세,경상
2020081300100435,2020년 8월 13일 18시,목요일,서울특별시 강남구 논현동,경상사고,0,0,1,0,차대사람 - 기타,안전운전불이행,포장 - 건조,맑음,단일로 - 기타,승용,남,29세,상해없음,보행자,여,30세,경상
2020081300100436,2020년 8월 13일 18시,목요일,서울특별시 강남구 논현동,경상사고,0,0,1,0,차대사람 - 기타,기타,포장 - 기타,맑음,기타 - 기타,개인형이동수단(PM),남,33세,상해없음,보행자,남,51세,경상
2020081300100528,2020년 8월 13일 20시,목요일,서울특별시 강남구 논현동,경상사고,0,0,1,0,차대차 - 추돌,안전운전불이행,포장 - 건조,맑음,단일로 - 기타,이륜,남,25세,상해없음,승용,남,52세,경상
2020081300100530,2020년 8월 13일 20시,목요일,서울특별시 강남구 자곡동,경상사고,0,0,1,0,차대사람 - 기타,안전운전불이행,포장 - 건조,맑음,교차로 - 교차로부근,이륜,남,28세,상해없음,보행자,여,8세,경상
2020081300100555,2020년 8월 13일 21시,목요일,서울특별시 강남구 역삼동,경상사고,0,0,1,0,차대사람 - 횡단중,안전운전불이행,포장 - 건조,맑음,기타 - 기타,개인형이동수단(PM),남,28세,기타불명,보행자,여,24세,경상
2020081300100614,2020년 8월 13일 23시,목요일,서울특별시 강남구 압구정동,경상사고,0,0,1,0,차대차 - 기타,안전거리미확보,포장 - 건조,기타,기타 - 기타,승용,남,72세,상해없음,승용,남,44세,경상
2020081300100617,2020년 8월 13일 23시,목요일,서울특별시 강남구 역삼동,경상사고,0,0,1,0,차대차 - 기타,안전운전불이행,포장 - 건조,맑음,교차로 - 교차로안,화물,남,51세,상해없음,승용,남,38세,경상
2020081400100002,2020년 8월 14일 00시,금요일,서울특별시 강남구 청담동,경상사고,0,0,1,0,차대차 - 추돌,안전운전불이행,포장 - 건조,맑음,교차로 - 교차로부근,승용,여,40세,상해없음,승용,남,63세,경상
2020081400100006,2020년 8월 14일 00시,금요일,서울특별시 강남구 개포동,경상사고,0,0,1,0,차대차 - 추돌,안전운전불이행,포장 - 건조,맑음,교차로 - 교차로부근,승용,남,50세,상해없음,승용,남,48세,경상
2020081400100061,2020년 8월 14일 06시,금요일,서울특별시 강남구 압구정동,중상사고,0,1,1,1,차대차 - 기타,안전거리미확보,포장 - 건조,맑음,단일로 - 기타,승용,여,61세,부상신고,승용,남,52세,경상
2020081400100062,2020년 8월 14일 06시,금요일,서울특별시 강남구 신사동,경상사고,0,0,1,0,차대차 - 측면충돌,안전운전불이행,포장 - 건조,맑음,단일로 - 기타,승용,남,25세,기타불명,승용,여,43세,경상
2020081400100132,2020년 8월 14일 09시,금요일,서울특별시 강남구 청담동,경상사고,0,0,1,1,차대차 - 측면충돌,신호위반,포장 - 건조,맑음,교차로 - 교차로안,승용,여,45세,상해없음,승합,남,65세,부상신고
2020081400100243,2020년 8월 14일 12시,금요일,서울특별시 강남구 청담동,경상사고,0,0,1,0,차대차 - 기타,안전거리미확보,포장 - 건조,흐림,단일로 - 기타,승용,여,26세,상해없음,승용,남,65세,경상
2020081400100249,2020년 8월 14일 12시,금요일,서울특별시 강남구 도곡동,경상사고,0,0,1,0,차대차 - 측면충돌,교차로운행방법위반,포장 - 건조,맑음,교차로 - 교차로부근,승용,남,59세,상해없음,승용,남,28세,상해없음
2020081400100250,2020년 8월 14일 12시,금요일,서울특별시 강남구 도곡동,경상사고,0,0,1,0,차대차 - 추돌,안전운전불이행,포장 - 건조,맑음,단일로 - 기타,화물,남,63세,상해없음,승용,여,41세,경상
2020081400100366,2020년 8월 14일 15시,금요일,서울특별시 강남구 삼성동,경상사고,0,0,1,0,차대차 - 측면충돌,차로위반,포장 - 건조,흐림,단일로 - 기타,승용,남,25세,상해없음,이륜,남,51세,경상
2020081400100505,2020년 8월 14일 18시,금요일,서울특별시 강남구 도곡동,경상사고,0,0,4,0,차대차 - 추돌,안전운전불이행,포장 - 건조,맑음,단일로 - 기타,승용,남,35세,상해없음,승용,여,51세,경상
2020081400100550,2020년 8월 14일 19시,금요일,서울특별시 강남구 율현동,경상사고,0,0,2,0,차대차 - 추돌,안전거리미확보,포장 - 건조,맑음,단일로 - 기타,승용,여,30세,경상,이륜,남,32세,경상
2020081400100589,2020년 8월 14일 20시,금요일,서울특별시 강남구 역삼동,경상사고,0,0,3,0,차대차 - 측면충돌,안전운전불이행,포장 - 기타,맑음,단일로 - 기타,승용,남,45세,경상,승용,남,60세,경상
2020081400100593,2020년 8월 14일 20시,금요일,서울특별시 강남구 수서동,경상사고,0,0,1,0,차대차 - 기타,안전거리미확보,포장 - 젖음/습기,흐림,단일로 - 기타,승용,남,74세,상해없음,화물,남,38세,경상
2020081400100635,2020년 8월 14일 21시,금요일,서울특별시 강남구 역삼동,중상사고,0,1,0,0,차대차 - 추돌,안전운전불이행,포장 - 건조,맑음,단일로 - 기타,승용,남,52세,상해없음,승용,여,49세,중상
2020081400100661,2020년 8월 14일 22시,금요일,서울특별시 강남구 대치동,부상신고사고,0,0,0,1,차대차 - 기타,중앙선침범,포장 - 젖음/습기,비,단일로 - 기타,승용,남,55세,부상신고,이륜,남,50세,상해없음
2020081400100682,2020년 8월 14일 23시,금요일,서울특별시 강남구 역삼동,경상사고,0,0,1,0,차대차 - 기타,안전운전불이행,포장 - 젖음/습기,비,단일로 - 기타,승용,남,39세,상해없음,이륜,남,26세,경상
2020081400100683,2020년 8월 14일 23시,금요일,서울특별시 강남구 대치동,경상사고,0,0,1,0,차대차 - 기타,안전거리미확보,포장 - 건조,맑음,단일로 - 기타,화물,남,59세,상해없음,승용,남,64세,경상
2020081500100004,2020년 8월 15일 00시,토요일,서울특별시 강남구 논현동,중상사고,0,1,0,0,차대사람 - 기타,안전운전불이행,포장 - 건조,맑음,단일로 - 기타,승용,여,56세,상해없음,보행자,남,48세,중상
2020081500100005,2020년 8월 15일 00시,토요일,서울특별시 강남구 청담동,경상사고,0,0,1,0,차대사람 - 횡단중,기타,포장 - 건조,맑음,단일로 - 기타,기타불명,기타불명,미분류,기타불명,보행자,여,22세,경상
2020081500100060,2020년 8월 15일 03시,토요일,서울특별시 강남구 신사동,중상사고,0,1,3,0,차대차 - 추돌,안전운전불이행,포장 - 젖음/습기,비,단일로 - 기타,승용,남,34세,상해없음,승용,남,57세,경상
2020081500100080,2020년 8월 15일 05시,토요일,서울특별시 강남구 논현동,경상사고,0,0,1,0,차대사람 - 보도통행중,안전운전불이행,포장 - 건조,맑음,기타 - 기타,기타불명,기타불명,미분류,기타불명,보행자,남,22세,경상
2020081500100083,2020년 8월 15일 05시,토요일,서울특별시 강남구 개포동,부상신고사고,0,0,0,2,차량단독 - 기타,안전운전불이행,포장 - 젖음/습기,비,단일로 - 기타,승용,남,61세,상해없음,,,,
2020081500100118,2020년 8월 15일 08시,토요일,서울특별시 강남구 논현동,경상사고,0,0,5,0,차대차 - 추돌,안전운전불이행,포장 - 젖음/습기,흐림,단일로 - 기타,승용,남,39세,상해없음,승용,남,41세,경상
2020081500100153,2020년 8월 15일 10시,토요일,서울특별시 강남구 수서동,경상사고,0,0,1,0,차대차 - 기타,신호위반,포장 - 젖음/습기,흐림,교차로 - 교차로안,승용,남,60세,상해없음,자전거,여,65세,경상
2020081500100177,2020년 8월 15일 11시,토요일,서울특별시 강남구 청담동,경상사고,0,0,1,0,차대차 - 추돌,안전운전불이행,포장 - 젖음/습기,비,단일로 - 기타,승용,남,49세,기타불명,승용,남,58세,경상
2020081500100450,2020년 8월 15일 19시,토요일,서울특별시 강남구 삼성동,경상사고,0,0,1,0,차대차 - 정면충돌,안전운전불이행,포장 - 건조,맑음,교차로 - 교차로부근,승용,남,33세,상해없음,승용,남,69세,경상
2020081500100452,2020년 8월 15일 19시,토요일,서울특별시 강남구 개포동,중상사고,0,1,1,0,차대차 - 정면충돌,안전운전불이행,포장 - 건조,맑음,교차로 - 교차로안,승용,남,59세,상해없음,이륜,남,26세,중상
2020081600100112,2020년 8월 16일 09시,일요일,서울특별시 강남구 압구정동,경상사고,0,0,4,0,차대차 - 측면충돌,안전운전불이행,포장 - 기타,기타,기타 - 기타,승용,여,39세,경상,승용,여,47세,경상
2020081600100116,2020년 8월 16일 09시,일요일,서울특별시 강남구 도곡동,경상사고,0,0,1,0,차대차 - 기타,안전운전불이행,포장 - 젖음/습기,흐림,단일로 - 기타,승용,남,60세,상해없음,이륜,남,51세,경상
2020081600100175,2020년 8월 16일 12시,일요일,서울특별시 강남구 도곡동,경상사고,0,0,1,0,차대차 - 기타,안전운전불이행,포장 - 건조,맑음,교차로 - 교차로안,승용,남,43세,상해없음,이륜,남,32세,경상
2020081600100240,2020년 8월 16일 14시,일요일,서울특별시 강남구 삼성동,부상신고사고,0,0,0,3,차대차 - 기타,안전거리미확보,포장 - 건조,맑음,단일로 - 기타,승용,남,53세,상해없음,승용,남,25세,부상신고
2020081600100248,2020년 8월 16일 14시,일요일,서울특별시 강남구 개포동,경상사고,0,0,7,0,차대차 - 추돌,안전거리미확보,포장 - 건조,맑음,단일로 - 기타,승용,남,74세,상해없음,승용,남,25세,경상
2020081600100277,2020년 8월 16일 15시,일요일,서울특별시 강남구 압구정동,경상사고,0,0,1,0,차대차 - 기타,신호위반,포장 - 건조,맑음,교차로 - 교차로안,승용,남,55세,상해없음,승용,남,47세,경상
2020081600100305,2020년 8월 16일 16시,일요일,서울특별시 강남구 삼성동,경상사고,0,0,2,0,차대차 - 추돌,안전운전불이행,포장 - 건조,맑음,교차로 - 교차로부근,승용,남,58세,상해없음,승용,남,34세,경상
2020081600100308,2020년 8월 16일 16시,일요일,서울특별시 강남구 대치동,경상사고,0,0,1,0,차대차 - 측면충돌,기타,포장 - 건조,맑음,단일로 - 기타,승용,남,42세,상해없음,이륜,남,40세,경상
2020081600100419,2020년 8월 16일 19시,일요일,서울특별시 강남구 일원동,중상사고,0,1,0,0,차대차 - 기타,안전거리미확보,포장 - 건조,기타,단일로 - 기타,승합,남,34세,상해없음,개인형이동수단(PM),남,41세,중상
2020081600100476,2020년 8월 16일 21시,일요일,서울특별시 강남구 압구정동,경상사고,0,0,2,0,차대차 - 기타,안전운전불이행,포장 - 건조,맑음,기타 - 기타,승용,남,50세,경상,승용,남,21세,상해없음
2020081600100520,2020년 8월 16일 23시,일요일,서울특별시 강남구 수서동,경상사고,0,0,2,0,차대차 - 기타,안전운전불이행,포장 - 건조,흐림,단일로 - 기타,승용,남,33세,상해없음,승용,여,28세,경상
2020081700100049,2020년 8월 17일 07시,월요일,서울특별시 강남구 역삼동,경상사고,0,0,1,0,차대사람 - 보도통행중,보행자보호의무위반,포장 - 건조,맑음,교차로 - 교차로횡단보도내,승용,남,48세,상해없음,보행자,남,22세,경상
2020081700100087,2020년 8월 17일 09시,월요일,서울특별시 강남구 역삼동,경상사고,0,0,4,0,차대차 - 기타,중앙선침범,포장 - 건조,맑음,단일로 - 기타,승용,남,25세,상해없음,승용,여,44세,경상
2020081700100173,2020년 8월 17일 12시,월요일,서울특별시 강남구 도곡동,중상사고,0,1,0,0,차대차 - 기타,안전운전불이행,포장 - 건조,맑음,단일로 - 기타,승용,여,48세,상해없음,이륜,남,59세,중상
2020081700100333,2020년 8월 17일 16시,월요일,서울특별시 강남구 청담동,경상사고,0,0,1,0,차대차 - 측면충돌,안전운전불이행,포장 - 건조,맑음,교차로 - 교차로부근,승용,여,21세,상해없음,화물,남,35세,경상
2020081700100422,2020년 8월 17일 18시,월요일,서울특별시 강남구 대치동,경상사고,0,0,1,1,차대차 - 기타,안전운전불이행,포장 - 건조,맑음,단일로 - 기타,승용,남,43세,상해없음,승용,여,34세,경상
2020081700100499,2020년 8월 17일 20시,월요일,서울특별시 강남구 청담동,경상사고,0,0,2,1,차대차 - 기타,안전거리미확보,포장 - 건조,맑음,단일로 - 기타,승용,여,26세,상해없음,승용,남,58세,경상
2020081700100501,2020년 8월 17일 20시,월요일,서울특별시 강남구 대치동,부상신고사고,0,0,0,1,차대차 - 측면충돌,안전운전불이행,포장 - 건조,맑음,교차로 - 교차로안,개인형이동수단(PM),남,29세,상해없음,승용,남,29세,상해없음
2020081700100546,2020년 8월 17일 22시,월요일,서울특별시 강남구 대치동,경상사고,0,0,1,0,차대차 - 추돌,안전운전불이행,포장 - 건조,맑음,교차로 - 교차로횡단보도내,승용,남,48세,상해없음,자전거,남,20세,경상
2020081700100547,2020년 8월 17일 22시,월요일,서울특별시 강남구 역삼동,경상사고,0,0,1,0,차대차 - 측면충돌,신호위반,포장 - 건조,맑음,교차로 - 교차로안,승용,여,33세,상해없음,개인형이동수단(PM),여,33세,경상
2020081800100025,2020년 8월 18일 02시,화요일,서울특별시 강남구 청담동,부상신고사고,0,0,0,1,차량단독 - 기타,기타,포장 - 건조,흐림,기타 - 기타,개인형이동수단(PM),남,34세,부상신고,,,,
2020081800100083,2020년 8월 18일 08시,화요일,서울특별시 강남구 신사동,경상사고,0,0,1,1,차대차 - 측면충돌,안전운전불이행,포장 - 기타,맑음,단일로 - 기타,승용,여,61세,부상신고,이륜,남,37세,경상
2020081800100126,2020년 8월 18일 09시,화요일,서울특별시 강남구 수서동,경상사고,0,0,1,0,차대차 - 추돌,안전거리미확보,포장 - 건조,맑음,단일로 - 기타,승용,남,58세,상해없음,승용,여,34세,경상
2020081800100188,2020년 8월 18일 11시,화요일,서울특별시 강남구 역삼동,경상사고,0,0,2,0,차대차 - 기타,안전운전불이행,포장 - 건조,맑음,교차로 - 교차로부근,승용,여,37세,상해없음,승용,여,32세,경상
2020081800100326,2020년 8월 18일 14시,화요일,서울특별시 강남구 대치동,경상사고,0,0,1,0,차대차 - 측면충돌,안전운전불이행,포장 - 건조,맑음,교차로 - 교차로안,승합,남,55세,상해없음,승용,여,53세,경상
2020081800100399,2020년 8월 18일 16시,화요일,서울특별시 강남구 신사동,경상사고,0,0,7,0,차대차 - 측면충돌,안전거리미확보,포장 - 기타,맑음,단일로 - 기타,승용,여,33세,경상,승용,남,46세,경상
2020081800100560,2020년 8월 18일 19시,화요일,서울특별시 강남구 대치동,경상사고,0,0,1,0,차대차 - 기타,안전거리미확보,포장 - 건조,맑음,단일로 - 기타,승용,남,73세,기타불명,승용,남,28세,경상
2020081800100589,2020년 8월 18일 20시,화요일,서울특별시 강남구 압구정동,경상사고,0,0,1,0,차대차 - 기타,안전거리미확보,포장 - 건조,맑음,단일로 - 교량,승용,남,66세,상해없음,화물,남,51세,경상
2020081800100681,2020년 8월 18일 23시,화요일,서울특별시 강남구 청담동,경상사고,0,0,1,0,차대차 - 추돌,직진우회전진행방해,포장 - 건조,기타,교차로 - 교차로안,승용,남,30세,기타불명,승용,남,53세,상해없음
2020081900100013,2020년 8월 19일 01시,수요일,서울특별시 강남구 청담동,경상사고,0,0,1,1,차대차 - 기타,안전운전불이행,포장 - 건조,맑음,단일로 - 기타,화물,남,60세,상해없음,승용,남,44세,경상
2020081900100065,2020년 8월 19일 07시,수요일,서울특별시 강남구 도곡동,경상사고,0,0,1,0,차대차 - 기타,안전운전불이행,포장 - 건조,맑음,단일로 - 기타,자전거,남,72세,경상,승용,남,50세,상해없음
2020081900100120,2020년 8월 19일 09시,수요일,서울특별시 강남구 역삼동,경상사고,0,0,2,0,차대차 - 추돌,안전운전불이행,포장 - 건조,맑음,단일로 - 기타,승용,남,69세,상해없음,승용,여,33세,경상
2020081900100151,2020년 8월 19일 10시,수요일,서울특별시 강남구 청담동,경상사고,0,0,1,0,차대차 - 기타,교차로운행방법위반,포장 - 건조,맑음,교차로 - 교차로부근,승용,여,36세,상해없음,화물,남,44세,경상
2020081900100265,2020년 8월 19일 13시,수요일,서울특별시 강남구 논현동,경상사고,0,0,1,0,차대차 - 측면충돌,안전운전불이행,포장 - 건조,맑음,단일로 - 기타,승용,남,24세,기타불명,승용,남,34세,경상
2020081900100389,2020년 8월 19일 16시,수요일,서울특별시 강남구 논현동,경상사고,0,0,1,0,차대차 - 측면충돌,안전거리미확보,포장 - 건조,맑음,교차로 - 교차로안,승용,남,36세,기타불명,승용,여,44세,경상
2020081900100393,2020년 8월 19일 16시,수요일,서울특별시 강남구 대치동,경상사고,0,0,1,0,차대사람 - 횡단중,보행자보호의무위반,포장 - 건조,맑음,교차로 - 교차로부근,승용,여,37세,상해없음,보행자,남,49세,경상
2020081900100434,2020년 8월 19일 17시,수요일,서울특별시 강남구 압구정동,경상사고,0,0,3,1,차대차 - 기타,안전운전불이행,포장 - 건조,맑음,단일로 - 교량,승용,남,48세,상해없음,승용,여,34세,부상신고
2020081900100477,2020년 8월 19일 18시,수요일,서울특별시 강남구 개포동,경상사고,0,0,1,0,차대차 - 추돌,안전운전불이행,포장 - 건조,맑음,단일로 - 터널,승용,남,20세,상해없음,승용,남,33세,경상
2020081900100525,2020년 8월 19일 19시,수요일,서울특별시 강남구 역삼동,경상사고,0,0,1,1,차대차 - 기타,안전거리미확보,포장 - 건조,맑음,단일로 - 기타,승용,여,46세,부상신고,이륜,남,39세,경상
2020081900100527,2020년 8월 19일 19시,수요일,서울특별시 강남구 역삼동,중상사고,0,1,0,0,차대사람 - 기타,안전운전불이행,포장 - 건조,맑음,단일로 - 기타,승용,남,45세,상해없음,보행자,남,32세,중상
2020081900100559,2020년 8월 19일 20시,수요일,서울특별시 강남구 논현동,경상사고,0,0,1,0,차대차 - 기타,안전운전불이행,포장 - 건조,기타,교차로 - 교차로안,승합,남,65세,상해없음,승용,남,65세,경상
2020081900100598,2020년 8월 19일 21시,수요일,서울특별시 강남구 자곡동,중상사고,0,1,0,0,차대차 - 기타,신호위반,포장 - 건조,맑음,교차로 - 교차로안,승용,남,40세,상해없음,이륜,남,29세,중상
2020081900100628,2020년 8월 19일 22시,수요일,서울특별시 강남구 압구정동,중상사고,0,1,0,0,차대사람 - 횡단중,안전운전불이행,포장 - 건조,맑음,기타 - 기타,자전거,여,23세,상해없음,보행자,여,48세,중상
2020081900100651,2020년 8월 19일 23시,수요일,서울특별시 강남구 대치동,중상사고,0,1,0,0,차대사람 - 보도통행중,기타,포장 - 건조,맑음,단일로 - 기타,개인형이동수단(PM),여,15세,상해없음,보행자,여,48세,중상
2020082000100009,2020년 8월 20일 01시,목요일,서울특별시 강남구 삼성동,중상사고,0,1,0,1,차대차 - 기타,불법유턴,포장 - 건조,맑음,단일로 - 기타,승용,남,25세,상해없음,이륜,남,23세,중상
2020082000100062,2020년 8월 20일 07시,목요일,서울특별시 강남구 역삼동,경상사고,0,0,1,0,차대차 - 기타,교차로운행방법위반,포장 - 건조,맑음,교차로 - 교차로안,승용,남,62세,상해없음,승용,남,37세,경상
2020082000100092,2020년 8월 20일 08시,목요일,서울특별시 강남구 삼성동,경상사고,0,0,2,0,차대차 - 기타,안전운전불이행,포장 - 건조,맑음,단일로 - 기타,승용,남,59세,경상,승용,여,38세,경상
2020082000100154,2020년 8월 20일 10시,목요일,서울특별시 강남구 역삼동,중상사고,0,1,0,0,차대차 - 기타,안전운전불이행,포장 - 건조,맑음,기타 - 기타,승용,남,42세,상해없음,승용,남,43세,중상
2020082000100427,2020년 8월 20일 17시,목요일,서울특별시 강남구 대치동,부상신고사고,0,0,0,1,차대사람 - 길가장자리구역통행중,안전운전불이행,포장 - 건조,맑음,단일로 - 기타,승합,남,63세,상해없음,보행자,남,45세,부상신고
2020082000100554,2020년 8월 20일 20시,목요일,서울특별시 강남구 역삼동,경상사고,0,0,1,0,차대사람 - 기타,기타,포장 - 젖음/습기,맑음,단일로 - 기타,개인형이동수단(PM),남,38세,상해없음,보행자,남,25세,경상
2020082100100004,2020년 8월 21일 00시,금요일,서울특별시 강남구 대치동,경상사고,0,0,2,0,차대차 - 정면충돌,신호위반,포장 - 건조,기타,교차로 - 교차로안,이륜,남,21세,경상,승용,남,65세,경상
2020082100100120,2020년 8월 21일 09시,금요일,서울특별시 강남구 개포동,경상사고,0,0,1,0,차대차 - 기타,보행자보호의무위반,포장 - 건조,맑음,교차로 - 교차로횡단보도내,승용,여,47세,상해없음,자전거,남,7세,경상
2020082100100121,2020년 8월 21일 09시,금요일,서울특별시 강남구 역삼동,경상사고,0,0,1,0,차대차 - 기타,안전운전불이행,포장 - 건조,흐림,교차로 - 교차로안,승용,남,41세,상해없음,승용,남,36세,경상
2020082100100122,2020년 8월 21일 09시,금요일,서울특별시 강남구 대치동,경상사고,0,0,3,0,차대차 - 측면충돌,안전거리미확보,포장 - 건조,맑음,단일로 - 기타,승용,여,28세,상해없음,승용,남,20세,경상
2020082100100213,2020년 8월 21일 12시,금요일,서울특별시 강남구 역삼동,경상사고,0,0,1,0,차대사람 - 횡단중,안전운전불이행,포장 - 건조,맑음,단일로 - 기타,승용,남,66세,상해없음,보행자,여,24세,경상
2020082100100214,2020년 8월 21일 12시,금요일,서울특별시 강남구 역삼동,경상사고,0,0,1,0,차대차 - 추돌,안전거리미확보,포장 - 건조,맑음,교차로 - 교차로부근,승용,남,49세,상해없음,이륜,남,38세,경상
2020082100100244,2020년 8월 21일 13시,금요일,서울특별시 강남구 수서동,경상사고,0,0,1,0,차대차 - 추돌,안전운전불이행,포장 - 건조,흐림,단일로 - 기타,승용,남,46세,상해없음,승용,여,58세,경상
2020082100100313,2020년 8월 21일 15시,금요일,서울특별시 강남구 청담동,경상사고,0,0,2,0,차대차 - 기타,안전운전불이행,포장 - 젖음/습기,흐림,단일로 - 기타,승용,여,25세,상해없음,승용,남,33세,경상
2020082100100314,2020년 8월 21일 15시,금요일,서울특별시 강남구 삼성동,경상사고,0,0,1,0,차대차 - 기타,안전거리미확보,포장 - 젖음/습기,비,단일로 - 기타,승용,여,35세,상해없음,이륜,남,45세,경상
2020082100100464,2020년 8월 21일 19시,금요일,서울특별시 강남구 율현동,경상사고,0,0,2,0,차대차 - 기타,신호위반,포장 - 건조,맑음,교차로 - 교차로안,승용,남,61세,경상,승용,남,21세,경상
2020082100100610,2020년 8월 21일 23시,금요일,서울특별시 강남구 삼성동,경상사고,0,0,1,0,차대차 - 기타,기타,포장 - 건조,맑음,단일로 - 기타,개인형이동수단(PM),여,20세,경상,승용,여,30세,상해없음
2020082200100018,2020년 8월 22일 01시,토요일,서울특별시 강남구 신사동,중상사고,0,1,0,0,차대차 - 추돌,안전운전불이행,포장 - 건조,맑음,기타 - 기타,승용,여,59세,상해없음,승용,남,60세,중상
2020082200100021,2020년 8월 22일 01시,토요일,서울특별시 강남구 자곡동,경상사고,0,0,2,1,차대차 - 추돌,안전운전불이행,포장 - 건조,맑음,교차로 - 교차로부근,승용,여,32세,부상신고,승용,남,34세,경상
2020082200100049,2020년 8월 22일 03시,토요일,서울특별시 강남구 삼성동,경상사고,0,0,1,0,차대차 - 기타,안전운전불이행,포장 - 건조,맑음,주차장 - 주차장,승용,남,67세,상해없음,승용,남,54세,경상
2020082200100056,2020년 8월 22일 04시,토요일,서울특별시 강남구 청담동,중상사고,0,1,0,0,차대차 - 기타,안전운전불이행,포장 - 건조,기타,교차로 - 교차로횡단보도내,승용,남,28세,상해없음,개인형이동수단(PM),여,24세,중상
2020082200100126,2020년 8월 22일 09시,토요일,서울특별시 강남구 청담동,경상사고,0,0,1,0,차대차 - 측면충돌,교차로운행방법위반,포장 - 건조,맑음,교차로 - 교차로부근,승용,남,35세,상해없음,승용,남,60세,상해없음
2020082200100165,2020년 8월 22일 10시,토요일,서울특별시 강남구 일원동,부상신고사고,0,0,0,1,차대차 - 기타,안전운전불이행,포장 - 건조,맑음,단일로 - 기타,개인형이동수단(PM),남,46세,부상신고,승용,여,54세,상해없음
2020082200100251,2020년 8월 22일 13시,토요일,서울특별시 강남구 압구정동,경상사고,0,0,4,0,차대차 - 기타,기타,포장 - 젖음/습기,비,교차로 - 교차로부근,이륜,남,30세,상해없음,승용,남,49세,경상
2020082200100252,2020년 8월 22일 13시,토요일,서울특별시 강남구 압구정동,경상사고,0,0,1,1,차대차 - 기타,안전거리미확보,포장 - 건조,맑음,단일로 - 기타,승용,여,28세,부상신고,승용,남,59세,경상
2020082200100288,2020년 8월 22일 14시,토요일,서울특별시 강남구 압구정동,경상사고,0,0,2,0,차대차 - 추돌,안전운전불이행,포장 - 건조,맑음,기타 - 기타,승용,남,66세,상해없음,승용,남,26세,경상
2020082200100376,2020년 8월 22일 16시,토요일,서울특별시 강남구 삼성동,경상사고,0,0,1,0,차대사람 - 기타,안전운전불이행,포장 - 기타,흐림,단일로 - 기타,승용,남,65세,상해없음,보행자,남,50세,경상