사고번호,사고일시,요일,시군구,사고내용,사망자수,중상자수,경상자수,부상신고자수,사고유형,법규위반,노면상태,기상상태,도로형태,가해운전자 차종,가해운전자 성별,가해운전자 연령,가해운전자 상해정도,피해운전자 차종,피해운전자 성별,피해운전자 연령,피해운전자 상해정도
2020091600100118,2020년 9월 16일 09시,수요일,서울특별시 강남구 일원동,경상사고,0,0,1,0,차대사람 - 횡단중,안전운전불이행,포장 - 건조,맑음,교차로 - 교차로안,승용,여,57세,상해없음,보행자,여,65세,경상
2020091600100187,2020년 9월 16일 11시,수요일,서울특별시 강남구 개포동,경상사고,0,0,1,0,차대차 - 측면충돌,신호위반,포장 - 건조,맑음,교차로 - 교차로안,승합,남,51세,상해없음,이륜,남,18세,경상
2020091600100215,2020년 9월 16일 12시,수요일,서울특별시 강남구 삼성동,경상사고,0,0,1,0,차대사람 - 기타,안전운전불이행,포장 - 건조,맑음,단일로 - 기타,승용,여,49세,상해없음,보행자,여,24세,경상
2020091600100216,2020년 9월 16일 12시,수요일,서울특별시 강남구 신사동,경상사고,0,0,1,0,차대차 - 측면충돌,안전거리미확보,포장 - 건조,맑음,기타 - 기타,승용,남,78세,상해없음,승용,남,37세,경상
2020091600100217,2020년 9월 16일 12시,수요일,서울특별시 강남구 도곡동,경상사고,0,0,1,0,차대차 - 측면충돌,안전거리미확보,포장 - 건조,맑음,단일로 - 기타,승용,남,38세,상해없음,승용,여,51세,경상
2020091600100262,2020년 9월 16일 14시,수요일,서울특별시 강남구 역삼동,경상사고,0,0,1,0,차대차 - 기타,안전운전불이행,포장 - 건조,맑음,교차로 - 교차로안,승용,남,45세,상해없음,승용,남,23세,경상
2020091600100319,2020년 9월 16일 16시,수요일,서울특별시 강남구 삼성동,중상사고,0,1,0,0,차대사람 - 기타,안전운전불이행,포장 - 건조,맑음,단일로 - 지하차도(도로)내,승용,여,61세,상해없음,보행자,여,81세,중상
2020091600100369,2020년 9월 16일 17시,수요일,서울특별시 강남구 수서동,경상사고,0,0,4,0,차대차 - 추돌,안전운전불이행,포장 - 건조,맑음,단일로 - 기타,승용,남,42세,상해없음,승용,남,56세,경상
2020091600100400,2020년 9월 16일 18시,수요일,서울특별시 강남구 논현동,경상사고,0,0,1,0,차대차 - 추돌,안전운전불이행,포장 - 건조,맑음,교차로 - 교차로안,승용,남,77세,상해없음,승용,남,55세,경상
2020091600100495,2020년 9월 16일 20시,수요일,서울특별시 강남구 삼성동,경상사고,0,0,1,0,차대차 - 측면충돌,안전운전불이행,포장 - 건조,맑음,단일로 - 기타,승용,남,46세,상해없음,승용,여,26세,경상
2020091700100017,2020년 9월 17일 02시,목요일,서울특별시 강남구 논현동,경상사고,0,0,1,0,차대차 - 추돌,안전운전불이행,포장 - 건조,맑음,교차로 - 교차로부근,승용,남,56세,상해없음,이륜,남,33세,경상
2020091700100062,2020년 9월 17일 07시,목요일,서울특별시 강남구 신사동,경상사고,0,0,2,1,차대차 - 추돌,안전운전불이행,포장 - 건조,맑음,단일로 - 고가도로위,승용,남,65세,경상,승용,여,58세,경상
2020091700100065,2020년 9월 17일 07시,목요일,서울특별시 강남구 역삼동,부상신고사고,0,0,0,1,차대차 - 기타,안전운전불이행,포장 - 건조,맑음,단일로 - 기타,승용,남,30세,부상신고,승용,남,66세,상해없음
2020091700100083,2020년 9월 17일 08시,목요일,서울특별시 강남구 청담동,경상사고,0,0,1,0,차대차 - 기타,안전운전불이행,포장 - 건조,맑음,단일로 - 기타,승용,여,47세,상해없음,승용,남,39세,경상
2020091700100146,2020년 9월 17일 10시,목요일,서울특별시 강남구 삼성동,중상사고,0,1,0,0,차대차 - 측면충돌,안전운전불이행,포장 - 건조,맑음,단일로 - 기타,승용,여,25세,상해없음,자전거,여,55세,중상
2020091700100177,2020년 9월 17일 11시,목요일,서울특별시 강남구 삼성동,경상사고,0,0,2,0,차대차 - 기타,교차로운행방법위반,포장 - 건조,맑음,교차로 - 교차로안,승용,남,38세,경상,승용,남,56세,경상
2020091700100181,2020년 9월 17일 11시,목요일,서울특별시 강남구 역삼동,경상사고,0,0,1,1,차대차 - 측면충돌,안전운전불이행,포장 - 건조,맑음,교차로 - 교차로부근,승용,남,47세,상해없음,승용,남,55세,상해없음
2020091700100205,2020년 9월 17일 12시,목요일,서울특별시 강남구 논현동,중상사고,0,1,2,0,차대차 - 추돌,안전거리미확보,포장 - 건조,맑음,교차로 - 교차로부근,승용,여,34세,경상,승용,남,33세,경상
2020091700100237,2020년 9월 17일 13시,목요일,서울특별시 강남구 도곡동,경상사고,0,0,1,0,차대차 - 추돌,안전운전불이행,포장 - 건조,맑음,교차로 - 교차로부근,승용,여,40세,상해없음,이륜,남,49세,경상
2020091700100238,2020년 9월 17일 13시,목요일,서울특별시 강남구 역삼동,중상사고,0,1,0,0,차대사람 - 기타,안전운전불이행,포장 - 건조,맑음,단일로 - 기타,승용,여,58세,상해없음,보행자,여,47세,중상
2020091700100261,2020년 9월 17일 14시,목요일,서울특별시 강남구 신사동,경상사고,0,0,3,0,차대차 - 기타,안전거리미확보,포장 - 건조,맑음,기타 - 기타,승용,남,65세,상해없음,승용,여,32세,경상
2020091700100299,2020년 9월 17일 15시,목요일,서울특별시 강남구 도곡동,중상사고,0,1,0,0,차대사람 - 횡단중,신호위반,포장 - 건조,맑음,교차로 - 교차로횡단보도내,이륜,남,49세,상해없음,보행자,여,75세,중상
2020091700100375,2020년 9월 17일 17시,목요일,서울특별시 강남구 대치동,경상사고,0,0,1,0,차대사람 - 기타,안전운전불이행,포장 - 건조,맑음,단일로 - 기타,기타불명,기타불명,미분류,기타불명,보행자,여,24세,경상
2020091700100413,2020년 9월 17일 18시,목요일,서울특별시 강남구 논현동,경상사고,0,0,1,0,차대차 - 기타,안전거리미확보,포장 - 건조,맑음,단일로 - 기타,승용,남,28세,상해없음,승용,남,37세,경상
2020091700100589,2020년 9월 17일 23시,목요일,서울특별시 강남구 신사동,경상사고,0,0,1,0,차대차 - 기타,교차로운행방법위반,포장 - 건조,맑음,교차로 - 교차로안,승용,남,61세,상해없음,승용,남,49세,경상
2020091800100064,2020년 9월 18일 07시,금요일,서울특별시 강남구 개포동,중상사고,0,1,0,0,차대차 - 기타,신호위반,포장 - 건조,맑음,교차로 - 교차로안,승용,여,51세,상해없음,이륜,남,51세,중상
2020091800100129,2020년 9월 18일 09시,금요일,서울특별시 강남구 삼성동,경상사고,0,0,1,0,차대차 - 기타,안전거리미확보,포장 - 건조,맑음,교차로 - 교차로부근,승용,남,59세,상해없음,화물,남,36세,경상
2020091800100269,2020년 9월 18일 13시,금요일,서울특별시 강남구 신사동,경상사고,0,0,2,0,차대차 - 측면충돌,차로위반,포장 - 건조,맑음,단일로 - 기타,기타불명,기타불명,미분류,기타불명,기타불명,기타불명,미분류,기타불명
2020091800100272,2020년 9월 18일 13시,금요일,서울특별시 강남구 역삼동,중상사고,0,1,1,0,차대차 - 기타,안전운전불이행,포장 - 건조,맑음,단일로 - 기타,자전거,남,9세,중상,개인형이동수단(PM),여,32세,경상
2020091800100309,2020년 9월 18일 14시,금요일,서울특별시 강남구 수서동,중상사고,0,1,0,0,차대사람 - 기타,안전운전불이행,포장 - 건조,맑음,단일로 - 기타,승용,남,71세,상해없음,보행자,여,44세,중상
2020091800100461,2020년 9월 18일 17시,금요일,서울특별시 강남구 역삼동,부상신고사고,0,0,0,1,차대사람 - 횡단중,안전운전불이행,포장 - 건조,맑음,단일로 - 기타,승용,여,47세,상해없음,보행자,남,26세,부상신고
2020091800100462,2020년 9월 18일 17시,금요일,서울특별시 강남구 대치동,경상사고,0,0,1,0,차대차 - 측면충돌,안전운전불이행,포장 - 건조,맑음,단일로 - 기타,화물,남,57세,상해없음,이륜,남,29세,경상
2020091800100517,2020년 9월 18일 18시,금요일,서울특별시 강남구 자곡동,중상사고,0,1,0,0,차대차 - 측면충돌,안전거리미확보,포장 - 건조,맑음,단일로 - 기타,승용,남,34세,상해없음,승용,여,61세,중상
2020091800100565,2020년 9월 18일 19시,금요일,서울특별시 강남구 청담동,경상사고,0,0,1,0,차대차 - 추돌,안전거리미확보,포장 - 건조,맑음,단일로 - 기타,승용,남,46세,기타불명,승용,여,34세,경상
2020091800100623,2020년 9월 18일 20시,금요일,서울특별시 강남구 역삼동,경상사고,0,0,1,0,차대차 - 기타,차로위반,포장 - 건조,맑음,교차로 - 교차로부근,승용,남,58세,상해없음,승용,여,34세,경상
2020091800100659,2020년 9월 18일 21시,금요일,서울특별시 강남구 개포동,경상사고,0,0,1,0,차대차 - 추돌,안전운전불이행,포장 - 건조,맑음,단일로 - 기타,승용,남,59세,상해없음,승용,남,47세,경상
2020091900100095,2020년 9월 19일 07시,토요일,서울특별시 강남구 역삼동,경상사고,0,0,1,0,차대차 - 기타,안전운전불이행,포장 - 건조,맑음,단일로 - 기타,건설기계,남,53세,상해없음,개인형이동수단(PM),남,24세,경상
2020091900100181,2020년 9월 19일 10시,토요일,서울특별시 강남구 개포동,경상사고,0,0,2,0,차대차 - 추돌,안전운전불이행,포장 - 건조,맑음,단일로 - 기타,승용,남,53세,상해없음,승용,남,41세,경상
2020091900100217,2020년 9월 19일 11시,토요일,서울특별시 강남구 자곡동,경상사고,0,0,1,0,차대차 - 추돌,안전거리미확보,포장 - 건조,맑음,교차로 - 교차로안,승용,남,55세,상해없음,이륜,남,38세,경상
2020091900100218,2020년 9월 19일 11시,토요일,서울특별시 강남구 역삼동,경상사고,0,0,2,0,차대차 - 측면충돌,안전운전불이행,포장 - 건조,맑음,교차로 - 교차로안,승용,여,73세,상해없음,승용,여,36세,경상
2020091900100265,2020년 9월 19일 12시,토요일,서울특별시 강남구 삼성동,경상사고,0,0,1,0,차대차 - 추돌,안전운전불이행,포장 - 건조,맑음,교차로 - 교차로부근,화물,남,54세,상해없음,승용,남,53세,경상
2020091900100266,2020년 9월 19일 12시,토요일,서울특별시 강남구 논현동,중상사고,0,1,0,0,차대사람 - 기타,안전운전불이행,포장 - 건조,맑음,기타 - 기타,특수,남,55세,상해없음,보행자,여,49세,중상
2020091900100312,2020년 9월 19일 13시,토요일,서울특별시 강남구 논현동,경상사고,0,0,1,0,차대차 - 기타,불법유턴,포장 - 건조,맑음,교차로 - 교차로횡단보도내,개인형이동수단(PM),남,44세,경상,승용,여,49세,상해없음
2020091900100367,2020년 9월 19일 14시,토요일,서울특별시 강남구 압구정동,경상사고,0,0,2,0,차대차 - 추돌,안전운전불이행,포장 - 기타,맑음,단일로 - 기타,승용,남,39세,상해없음,승용,남,50세,경상
2020091900100406,2020년 9월 19일 15시,토요일,서울특별시 강남구 삼성동,경상사고,0,0,1,0,차대차 - 추돌,안전거리미확보,포장 - 건조,맑음,단일로 - 기타,승용,남,62세,상해없음,승합,남,40세,경상
2020091900100548,2020년 9월 19일 18시,토요일,서울특별시 강남구 신사동,경상사고,0,0,1,0,차대차 - 측면충돌,안전운전불이행,포장 - 건조,맑음,기타 - 기타,승용,남,57세,상해없음,개인형이동수단(PM),여,21세,경상
2020091900100549,2020년 9월 19일 18시,토요일,서울특별시 강남구 삼성동,경상사고,0,0,1,0,차대차 - 추돌,안전운전불이행,포장 - 건조,맑음,단일로 - 기타,이륜,남,22세,상해없음,승용,남,65세,경상
2020091900100584,2020년 9월 19일 19시,토요일,서울특별시 강남구 청담동,경상사고,0,0,3,1,차대차 - 측면충돌,안전운전불이행,포장 - 건조,기타,교차로 - 교차로부근,승용,여,35세,경상,승용,여,49세,경상
2020091900100588,2020년 9월 19일 19시,토요일,서울특별시 강남구 대치동,경상사고,0,0,1,0,차대사람 - 보도통행중,기타,포장 - 건조,기타,기타 - 기타,승용,남,56세,상해없음,보행자,여,39세,경상
2020091900100656,2020년 9월 19일 21시,토요일,서울특별시 강남구 역삼동,경상사고,0,0,2,0,차대차 - 기타,안전운전불이행,포장 - 건조,맑음,교차로 - 교차로안,이륜,남,30세,경상,이륜,남,42세,경상
2020091900100697,2020년 9월 19일 23시,토요일,서울특별시 강남구 신사동,경상사고,0,0,1,0,차대사람 - 길가장자리구역통행중,기타,포장 - 건조,흐림,단일로 - 기타,개인형이동수단(PM),남,24세,상해없음,보행자,남,29세,경상
2020092000100176,2020년 9월 20일 12시,일요일,서울특별시 강남구 대치동,경상사고,0,0,1,0,차대사람 - 보도통행중,안전운전불이행,포장 - 건조,맑음,기타 - 기타,승용,남,19세,상해없음,보행자,여,16세,경상
2020092000100365,2020년 9월 20일 17시,일요일,서울특별시 강남구 청담동,경상사고,0,0,1,0,차대차 - 측면충돌,안전운전불이행,포장 - 건조,맑음,단일로 - 기타,승용,남,27세,기타불명,승용,남,40세,경상
2020092000100369,2020년 9월 20일 17시,일요일,서울특별시 강남구 역삼동,경상사고,0,0,1,0,차대차 - 기타,안전운전불이행,포장 - 건조,맑음,단일로 - 기타,개인형이동수단(PM),남,19세,경상,승용,남,34세,상해없음
2020092100100256,2020년 9월 21일 12시,월요일,서울특별시 강남구 자곡동,경상사고,0,0,1,0,차대차 - 측면충돌,안전거리미확보,포장 - 건조,맑음,단일로 - 기타,승합,남,57세,기타불명,승용,여,39세,경상
2020092100100294,2020년 9월 21일 13시,월요일,서울특별시 강남구 압구정동,경상사고,0,0,1,0,차대차 - 추돌,안전운전불이행,포장 - 건조,맑음,단일로 - 기타,승용,여,72세,상해없음,승용,남,59세,경상
2020092100100336,2020년 9월 21일 14시,월요일,서울특별시 강남구 역삼동,경상사고,0,0,1,0,차대차 - 측면충돌,안전거리미확보,포장 - 건조,맑음,단일로 - 기타,이륜,남,61세,경상,승용,남,31세,상해없음
2020092100100381,2020년 9월 21일 15시,월요일,서울특별시 강남구 삼성동,경상사고,0,0,1,0,차대사람 - 기타,불법유턴,포장 - 건조,맑음,기타 - 기타,승용,남,65세,상해없음,보행자,남,30세,경상
2020092100100575,2020년 9월 21일 19시,월요일,서울특별시 강남구 역삼동,경상사고,0,0,1,0,차대차 - 기타,안전운전불이행,포장 - 건조,맑음,단일로 - 기타,이륜,남,28세,경상,승용,여,26세,상해없음
2020092100100576,2020년 9월 21일 19시,월요일,서울특별시 강남구 신사동,경상사고,0,0,1,0,차대차 - 기타,안전운전불이행,포장 - 건조,맑음,교차로 - 교차로부근,승용,남,32세,상해없음,승용,남,23세,경상
2020092100100580,2020년 9월 21일 19시,월요일,서울특별시 강남구 대치동,경상사고,0,0,1,0,차대사람 - 기타,안전운전불이행,포장 - 건조,맑음,단일로 - 기타,승용,남,39세,상해없음,보행자,남,32세,경상
2020092100100639,2020년 9월 21일 20시,월요일,서울특별시 강남구 역삼동,경상사고,0,0,5,0,차대차 - 측면충돌,교차로운행방법위반,포장 - 건조,맑음,교차로 - 교차로안,승용,남,62세,경상,승용,여,36세,경상
2020092200100010,2020년 9월 22일 01시,화요일,서울특별시 강남구 삼성동,경상사고,0,0,1,0,차대차 - 추돌,안전운전불이행,포장 - 건조,맑음,단일로 - 기타,승용,남,30세,상해없음,승용,남,20세,경상
2020092200100011,2020년 9월 22일 01시,화요일,서울특별시 강남구 역삼동,경상사고,0,0,3,1,차대차 - 추돌,안전운전불이행,포장 - 건조,기타,교차로 - 교차로부근,승용,남,84세,부상신고,승용,남,23세,경상
2020092200100187,2020년 9월 22일 10시,화요일,서울특별시 강남구 역삼동,중상사고,0,1,0,0,차대차 - 측면충돌,신호위반,포장 - 건조,맑음,교차로 - 교차로안,화물,남,55세,상해없음,이륜,여,28세,중상
2020092200100221,2020년 9월 22일 11시,화요일,서울특별시 강남구 논현동,경상사고,0,0,1,0,차대차 - 기타,교차로운행방법위반,포장 - 건조,맑음,단일로 - 기타,승용,남,62세,상해없음,승용,남,26세,경상
2020092200100222,2020년 9월 22일 11시,화요일,서울특별시 강남구 역삼동,경상사고,0,0,2,0,차대차 - 측면충돌,교차로운행방법위반,포장 - 건조,맑음,교차로 - 교차로부근,화물,남,48세,상해없음,승용,여,46세,경상
2020092200100263,2020년 9월 22일 12시,화요일,서울특별시 강남구 역삼동,중상사고,0,1,0,0,차대차 - 측면충돌,차로위반,포장 - 건조,맑음,단일로 - 기타,승용,남,20세,상해없음,이륜,남,39세,중상
2020092200100264,2020년 9월 22일 12시,화요일,서울특별시 강남구 압구정동,경상사고,0,0,1,0,차대차 - 측면충돌,차로위반,포장 - 건조,맑음,단일로 - 기타,승용,남,64세,상해없음,승용,남,59세,경상
2020092200100301,2020년 9월 22일 13시,화요일,서울특별시 강남구 역삼동,중상사고,0,2,0,0,차대차 - 추돌,차로위반,포장 - 건조,맑음,교차로 - 교차로부근,승용,남,50세,기타불명,승용,여,46세,중상
2020092200100336,2020년 9월 22일 14시,화요일,서울특별시 강남구 압구정동,경상사고,0,0,1,0,차대차 - 기타,신호위반,포장 - 건조,맑음,교차로 - 교차로안,승용,여,40세,상해없음,승용,여,40세,경상
2020092200100430,2020년 9월 22일 16시,화요일,서울특별시 강남구 역삼동,경상사고,0,0,1,0,차대사람 - 기타,기타,포장 - 건조,맑음,단일로 - 기타,개인형이동수단(PM),남,29세,상해없음,보행자,남,69세,경상
2020092200100431,2020년 9월 22일 16시,화요일,서울특별시 강남구 역삼동,경상사고,0,0,1,0,차대차 - 측면충돌,안전운전불이행,포장 - 건조,맑음,단일로 - 기타,승용,남,21세,상해없음,승용,남,60세,경상
2020092200100437,2020년 9월 22일 16시,화요일,서울특별시 강남구 수서동,중상사고,0,1,0,0,차대사람 - 횡단중,보행자보호의무위반,포장 - 건조,맑음,단일로 - 기타,승용,남,34세,상해없음,보행자,여,29세,중상
2020092200100493,2020년 9월 22일 17시,화요일,서울특별시 강남구 역삼동,경상사고,0,0,1,0,차대차 - 측면충돌,안전운전불이행,포장 - 건조,맑음,단일로 - 기타,승용,남,65세,상해없음,이륜,남,36세,경상
2020092200100499,2020년 9월 22일 17시,화요일,서울특별시 강남구 논현동,경상사고,0,0,1,0,차대차 - 추돌,안전운전불이행,포장 - 건조,맑음,단일로 - 기타,승용,여,44세,상해없음,승용,여,30세,경상
2020092200100615,2020년 9월 22일 19시,화요일,서울특별시 강남구 대치동,부상신고사고,0,0,0,1,차대차 - 기타,안전운전불이행,포장 - 건조,맑음,단일로 - 기타,자전거,여,11세,부상신고,개인형이동수단(PM),남,38세,상해없음
2020092200100683,2020년 9월 22일 21시,화요일,서울특별시 강남구 압구정동,경상사고,0,0,2,0,차대차 - 추돌,안전거리미확보,포장 - 기타,기타,기타 - 기타,승용,남,78세,상해없음,승용,남,55세,경상
2020092200100702,2020년 9월 22일 22시,화요일,서울특별시 강남구 대치동,경상사고,0,0,3,0,차대차 - 측면충돌,교차로운행방법위반,포장 - 건조,맑음,교차로 - 교차로부근,승용,여,37세,상해없음,승용,여,51세,경상
2020092200100703,2020년 9월 22일 22시,화요일,서울특별시 강남구 역삼동,경상사고,0,0,2,0,차대차 - 측면충돌,교차로운행방법위반,포장 - 건조,맑음,교차로 - 교차로안,승용,남,54세,경상,승용,남,62세,경상
2020092300100048,2020년 9월 23일 06시,수요일,서울특별시 강남구 역삼동,중상사고,0,1,0,0,차량단독 - 기타,안전운전불이행,포장 - 건조,맑음,단일로 - 기타,개인형이동수단(PM),여,27세,중상,,,,
2020092300100090,2020년 9월 23일 08시,수요일,서울특별시 강남구 일원동,경상사고,0,0,1,0,차대차 - 추돌,안전운전불이행,포장 - 건조,맑음,단일로 - 기타,승용,남,67세,상해없음,승합,남,41세,경상
2020092300100132,2020년 9월 23일 09시,수요일,서울특별시 강남구 신사동,중상사고,0,1,0,0,차대차 - 측면충돌,교차로운행방법위반,포장 - 건조,맑음,교차로 - 교차로안,화물,남,46세,상해없음,화물,남,66세,중상
2020092300100166,2020년 9월 23일 10시,수요일,서울특별시 강남구 청담동,경상사고,0,0,1,1,차대차 - 측면충돌,안전운전불이행,포장 - 기타,기타,단일로 - 기타,승용,여,28세,부상신고,승용,여,45세,경상
2020092300100167,2020년 9월 23일 10시,수요일,서울특별시 강남구 압구정동,경상사고,0,0,1,0,차대차 - 추돌,안전거리미확보,포장 - 건조,맑음,단일로 - 기타,특수,남,54세,기타불명,승용,남,35세,경상
2020092300100261,2020년 9월 23일 13시,수요일,서울특별시 강남구 역삼동,부상신고사고,0,0,0,1,차대차 - 기타,안전운전불이행,포장 - 건조,맑음,단일로 - 기타,이륜,남,33세,부상신고,승용,여,58세,상해없음
2020092300100341,2020년 9월 23일 15시,수요일,서울특별시 강남구 삼성동,부상신고사고,0,0,0,1,차대차 - 기타,교차로운행방법위반,포장 - 건조,맑음,교차로 - 교차로안,승용,여,49세,상해없음,승용,남,19세,부상신고
2020092300100345,2020년 9월 23일 15시,수요일,서울특별시 강남구 수서동,부상신고사고,0,0,0,1,차대차 - 기타,안전운전불이행,포장 - 건조,맑음,단일로 - 기타,자전거,남,61세,부상신고,승용,남,27세,상해없음
2020092300100382,2020년 9월 23일 16시,수요일,서울특별시 강남구 역삼동,경상사고,0,0,1,0,차대차 - 측면충돌,안전거리미확보,포장 - 건조,맑음,단일로 - 기타,승용,남,77세,상해없음,이륜,남,41세,경상
2020092300100420,2020년 9월 23일 17시,수요일,서울특별시 강남구 대치동,경상사고,0,0,3,1,차대차 - 추돌,안전거리미확보,포장 - 건조,맑음,단일로 - 기타,승용,남,31세,경상,승용,남,46세,부상신고
2020092300100457,2020년 9월 23일 18시,수요일,서울특별시 강남구 청담동,경상사고,0,0,2,0,차대차 - 기타,안전거리미확보,포장 - 건조,맑음,단일로 - 기타,승용,남,45세,상해없음,이륜,남,41세,경상
2020092300100464,2020년 9월 23일 18시,수요일,서울특별시 강남구 역삼동,경상사고,0,0,1,0,차대차 - 기타,안전운전불이행,포장 - 건조,기타,단일로 - 기타,승용,여,43세,경상,승용,남,55세,상해없음
2020092300100518,2020년 9월 23일 19시,수요일,서울특별시 강남구 삼성동,경상사고,0,0,2,0,차대차 - 기타,신호위반,포장 - 건조,맑음,교차로 - 교차로안,승용,여,48세,상해없음,승용,남,62세,경상
2020092300100519,2020년 9월 23일 19시,수요일,서울특별시 강남구 청담동,경상사고,0,0,1,0,차대차 - 기타,안전운전불이행,포장 - 건조,맑음,단일로 - 기타,승용,남,65세,상해없음,승용,여,36세,경상
2020092400100038,2020년 9월 24일 04시,목요일,서울특별시 강남구 역삼동,경상사고,0,0,2,0,차대차 - 측면충돌,신호위반,포장 - 건조,맑음,교차로 - 교차로안,승용,여,28세,상해없음,승용,남,60세,경상
2020092400100070,2020년 9월 24일 07시,목요일,서울특별시 강남구 논현동,중상사고,0,1,0,0,차대차 - 측면충돌,안전운전불이행,포장 - 건조,맑음,교차로 - 교차로안,승용,남,45세,상해없음,승합,남,60세,상해없음
2020092400100110,2020년 9월 24일 08시,목요일,서울특별시 강남구 역삼동,경상사고,0,0,1,0,차대사람 - 보도통행중,안전운전불이행,포장 - 건조,맑음,기타 - 기타,승용,남,77세,기타불명,보행자,남,25세,경상
2020092400100155,2020년 9월 24일 09시,목요일,서울특별시 강남구 신사동,경상사고,0,0,1,0,차대차 - 측면충돌,안전거리미확보,포장 - 기타,맑음,단일로 - 기타,승용,남,63세,상해없음,승용,여,43세,경상
2020092400100184,2020년 9월 24일 10시,목요일,서울특별시 강남구 도곡동,경상사고,0,0,1,0,차대사람 - 길가장자리구역통행중,안전운전불이행,포장 - 건조,맑음,단일로 - 기타,승용,여,57세,상해없음,보행자,여,28세,경상
2020092400100213,2020년 9월 24일 11시,목요일,서울특별시 강남구 논현동,경상사고,0,0,1,0,차대차 - 추돌,안전운전불이행,포장 - 건조,맑음,교차로 - 교차로부근,승용,남,44세,상해없음,승용,남,55세,경상
2020092400100242,2020년 9월 24일 12시,목요일,서울특별시 강남구 청담동,경상사고,0,0,1,0,차대차 - 기타,안전운전불이행,포장 - 건조,맑음,교차로 - 교차로안,승용,남,51세,상해없음,개인형이동수단(PM),여,27세,경상
2020092400100243,2020년 9월 24일 12시,목요일,서울특별시 강남구 신사동,경상사고,0,0,1,0,차대사람 - 기타,안전운전불이행,포장 - 건조,맑음,단일로 - 기타,승용,여,60세,상해없음,보행자,여,28세,경상
2020092400100276,2020년 9월 24일 13시,목요일,서울특별시 강남구 신사동,경상사고,0,0,1,0,차대차 - 측면충돌,안전거리미확보,포장 - 건조,맑음,교차로 - 교차로부근,승용,남,80세,상해없음,승용,남,38세,경상
2020092400100386,2020년 9월 24일 16시,목요일,서울특별시 강남구 신사동,중상사고,0,2,0,0,차대차 - 추돌,안전운전불이행,포장 - 건조,맑음,주차장 - 주차장,승용,남,54세,기타불명,승용,여,46세,중상
2020092400100475,2020년 9월 24일 18시,목요일,서울특별시 강남구 압구정동,경상사고,0,0,1,0,차대차 - 기타,안전운전불이행,포장 - 건조,맑음,단일로 - 기타,승합,남,46세,상해없음,승용,남,57세,경상
2020092400100530,2020년 9월 24일 19시,목요일,서울특별시 강남구 삼성동,경상사고,0,0,1,0,차대차 - 기타,안전운전불이행,포장 - 건조,흐림,교차로 - 교차로안,승용,여,54세,상해없음,승용,여,46세,경상
2020092400100573,2020년 9월 24일 20시,목요일,서울특별시 강남구 삼성동,경상사고,0,0,1,0,차대차 - 추돌,교차로운행방법위반,포장 - 건조,맑음,교차로 - 교차로안,승용,남,45세,기타불명,승용,남,50세,경상
2020092400100615,2020년 9월 24일 21시,목요일,서울특별시 강남구 역삼동,경상사고,0,0,2,0,차대차 - 측면충돌,차로위반,포장 - 건조,맑음,단일로 - 지하차도(도로)내,승합,남,56세,상해없음,승용,남,26세,경상
2020092400100616,2020년 9월 24일 21시,목요일,서울특별시 강남구 삼성동,중상사고,0,1,0,0,차대사람 - 기타,안전운전불이행,포장 - 건조,맑음,단일로 - 기타,승용,남,38세,상해없음,보행자,남,43세,중상
2020092400100658,2020년 9월 24일 23시,목요일,서울특별시 강남구 수서동,경상사고,0,0,2,0,차대차 - 측면충돌,안전거리미확보,포장 - 건조,맑음,단일로 - 기타,승용,여,46세,상해없음,승용,여,26세,경상
2020092500100017,2020년 9월 25일 01시,금요일,서울특별시 강남구 도곡동,중상사고,0,1,0,0,차대차 - 추돌,안전운전불이행,포장 - 건조,맑음,교차로 - 교차로부근,승용,남,34세,상해없음,승용,남,64세,중상
2020092500100049,2020년 9월 25일 05시,금요일,서울특별시 강남구 논현동,경상사고,0,0,1,0,차대차 - 기타,교차로운행방법위반,포장 - 건조,맑음,교차로 - 교차로안,승용,남,35세,상해없음,승용,여,57세,경상
2020092500100233,2020년 9월 25일 12시,금요일,서울특별시 강남구 대치동,부상신고사고,0,0,0,1,차대차 - 기타,안전운전불이행,포장 - 건조,맑음,교차로 - 교차로부근,승용,남,71세,상해없음,승합,남,40세,상해없음
2020092500100311,2020년 9월 25일 14시,금요일,서울특별시 강남구 청담동,경상사고,0,0,1,0,차대차 - 기타,안전운전불이행,포장 - 건조,맑음,기타 - 기타,승용,여,52세,상해없음,이륜,남,54세,경상
2020092500100319,2020년 9월 25일 14시,금요일,서울특별시 강남구 역삼동,경상사고,0,0,1,0,차대사람 - 기타,안전운전불이행,포장 - 건조,맑음,단일로 - 기타,승용,남,24세,상해없음,보행자,남,33세,경상
2020092500100320,2020년 9월 25일 14시,금요일,서울특별시 강남구 개포동,경상사고,0,0,1,0,차대차 - 추돌,안전운전불이행,포장 - 건조,맑음,단일로 - 지하차도(도로)내,승용,남,73세,상해없음,승용,남,38세,경상
2020092500100400,2020년 9월 25일 16시,금요일,서울특별시 강남구 대치동,경상사고,0,0,1,0,차대차 - 측면충돌,안전운전불이행,포장 - 건조,맑음,기타 - 기타,이륜,남,22세,경상,승용,여,50세,상해없음