사고번호,사고일시,요일,시군구,사고내용,사망자수,중상자수,경상자수,부상신고자수,사고유형,법규위반,노면상태,기상상태,도로형태,가해운전자 차종,가해운전자 성별,가해운전자 연령,가해운전자 상해정도,피해운전자 차종,피해운전자 성별,피해운전자 연령,피해운전자 상해정도
2020101000100005,2020년 10월 10일 00시,토요일,서울특별시 강남구 신사동,경상사고,0,0,1,0,차대사람 - 기타,기타,포장 - 건조,맑음,기타 - 기타,승용,남,26세,상해없음,보행자,여,22세,경상
2020101000100021,2020년 10월 10일 01시,토요일,서울특별시 강남구 역삼동,경상사고,0,0,2,0,차대차 - 기타,안전운전불이행,포장 - 건조,흐림,단일로 - 기타,승용,남,55세,상해없음,승용,남,50세,경상
2020101000100077,2020년 10월 10일 07시,토요일,서울특별시 강남구 역삼동,경상사고,0,0,1,0,차대차 - 기타,안전운전불이행,포장 - 건조,맑음,단일로 - 기타,개인형이동수단(PM),남,26세,상해없음,이륜,남,38세,경상
2020101000100085,2020년 10월 10일 08시,토요일,서울특별시 강남구 세곡동,부상신고사고,0,0,0,1,차량단독 - 공작물충돌,안전운전불이행,포장 - 건조,맑음,단일로 - 기타,승용,남,55세,상해없음,,,,
2020101000100209,2020년 10월 10일 12시,토요일,서울특별시 강남구 세곡동,경상사고,0,0,1,0,차대차 - 추돌,교차로운행방법위반,포장 - 건조,맑음,교차로 - 교차로부근,승용,여,70세,상해없음,승용,여,36세,경상
2020101000100521,2020년 10월 10일 20시,토요일,서울특별시 강남구 대치동,경상사고,0,0,1,0,차대차 - 기타,신호위반,포장 - 건조,맑음,교차로 - 교차로부근,승용,남,75세,상해없음,이륜,남,39세,경상
2020101100100107,2020년 10월 11일 10시,일요일,서울특별시 강남구 역삼동,경상사고,0,0,1,0,차대차 - 측면충돌,안전운전불이행,포장 - 건조,맑음,교차로 - 교차로부근,자전거,남,41세,경상,승용,남,71세,상해없음
2020101100100417,2020년 10월 11일 20시,일요일,서울특별시 강남구 대치동,경상사고,0,0,1,0,차대차 - 기타,신호위반,포장 - 건조,기타,교차로 - 교차로횡단보도내,승용,남,62세,상해없음,자전거,여,25세,경상
2020101200100003,2020년 10월 12일 00시,월요일,서울특별시 강남구 수서동,경상사고,0,0,1,0,차대차 - 측면충돌,신호위반,포장 - 건조,맑음,교차로 - 교차로안,승용,남,66세,상해없음,승용,남,21세,경상
2020101200100036,2020년 10월 12일 05시,월요일,서울특별시 강남구 청담동,경상사고,0,0,1,0,차량단독 - 기타,안전운전불이행,포장 - 건조,맑음,단일로 - 기타,승용,남,71세,상해없음,,,,
2020101200100062,2020년 10월 12일 07시,월요일,서울특별시 강남구 개포동,경상사고,0,0,1,0,차대차 - 추돌,안전운전불이행,포장 - 건조,맑음,교차로 - 교차로부근,승용,남,27세,상해없음,승용,남,54세,경상
2020101200100095,2020년 10월 12일 08시,월요일,서울특별시 강남구 청담동,경상사고,0,0,1,0,차대사람 - 횡단중,안전운전불이행,포장 - 건조,맑음,단일로 - 기타,승용,남,53세,상해없음,보행자,남,23세,경상
2020101200100294,2020년 10월 12일 13시,월요일,서울특별시 강남구 대치동,중상사고,0,1,0,0,차대사람 - 기타,안전운전불이행,포장 - 건조,맑음,단일로 - 기타,승용,여,28세,상해없음,보행자,남,47세,중상
2020101200100469,2020년 10월 12일 17시,월요일,서울특별시 강남구 논현동,경상사고,0,0,1,0,차대차 - 추돌,안전거리미확보,포장 - 건조,맑음,단일로 - 기타,승용,여,67세,상해없음,승용,여,35세,경상
2020101200100587,2020년 10월 12일 19시,월요일,서울특별시 강남구 역삼동,중상사고,0,1,0,0,차대차 - 기타,안전운전불이행,포장 - 건조,맑음,교차로 - 교차로부근,이륜,남,25세,상해없음,개인형이동수단(PM),남,44세,중상
2020101200100588,2020년 10월 12일 19시,월요일,서울특별시 강남구 역삼동,경상사고,0,0,2,0,차대차 - 측면충돌,안전거리미확보,포장 - 기타,맑음,단일로 - 기타,승용,남,37세,경상,승용,남,46세,경상
2020101200100628,2020년 10월 12일 20시,월요일,서울특별시 강남구 논현동,경상사고,0,0,2,0,차대차 - 측면충돌,직진우회전진행방해,포장 - 건조,맑음,교차로 - 교차로안,승용,남,56세,경상,승용,남,41세,경상
2020101200100658,2020년 10월 12일 21시,월요일,서울특별시 강남구 논현동,경상사고,0,0,1,0,차대사람 - 기타,기타,포장 - 건조,맑음,단일로 - 기타,기타불명,기타불명,미분류,기타불명,보행자,여,29세,경상
2020101200100661,2020년 10월 12일 21시,월요일,서울특별시 강남구 도곡동,경상사고,0,0,3,0,차대차 - 추돌,안전운전불이행,포장 - 건조,맑음,단일로 - 기타,승용,남,53세,상해없음,승용,여,53세,경상
2020101200100673,2020년 10월 12일 22시,월요일,서울특별시 강남구 역삼동,경상사고,0,0,1,0,차대차 - 측면충돌,신호위반,포장 - 건조,맑음,단일로 - 기타,승용,남,45세,상해없음,승용,남,44세,경상
2020101300100197,2020년 10월 13일 11시,화요일,서울특별시 강남구 개포동,경상사고,0,0,1,0,차대차 - 측면충돌,교차로운행방법위반,포장 - 건조,맑음,교차로 - 교차로안,화물,남,57세,상해없음,이륜,남,45세,경상
2020101300100375,2020년 10월 13일 16시,화요일,서울특별시 강남구 역삼동,중상사고,0,1,0,0,차대차 - 기타,안전거리미확보,포장 - 건조,기타,단일로 - 기타,승용,남,69세,상해없음,이륜,남,42세,중상
2020101300100378,2020년 10월 13일 16시,화요일,서울특별시 강남구 역삼동,중상사고,0,1,0,0,차대차 - 기타,신호위반,포장 - 건조,맑음,교차로 - 교차로안,승용,남,73세,상해없음,이륜,남,34세,중상
2020101300100469,2020년 10월 13일 18시,화요일,서울특별시 강남구 일원동,경상사고,0,0,2,0,차대차 - 추돌,안전운전불이행,포장 - 건조,맑음,단일로 - 기타,승용,남,55세,경상,화물,남,45세,상해없음
2020101300100546,2020년 10월 13일 19시,화요일,서울특별시 강남구 대치동,경상사고,0,0,1,0,차대차 - 기타,중앙선침범,포장 - 건조,맑음,단일로 - 기타,원동기,남,24세,상해없음,원동기,남,41세,경상
2020101400100001,2020년 10월 14일 00시,수요일,서울특별시 강남구 역삼동,경상사고,0,0,1,0,차대차 - 후진중충돌,안전운전불이행,포장 - 건조,맑음,기타 - 기타,승용,남,23세,상해없음,승용,남,51세,경상
2020101400100041,2020년 10월 14일 05시,수요일,서울특별시 강남구 일원동,경상사고,0,0,1,0,차대차 - 추돌,안전운전불이행,포장 - 건조,맑음,단일로 - 기타,화물,남,63세,상해없음,승용,남,30세,경상
2020101400100063,2020년 10월 14일 07시,수요일,서울특별시 강남구 신사동,경상사고,0,0,1,0,차대차 - 측면충돌,신호위반,포장 - 건조,맑음,교차로 - 교차로안,승용,여,55세,상해없음,승용,남,68세,상해없음
2020101400100163,2020년 10월 14일 10시,수요일,서울특별시 강남구 개포동,경상사고,0,0,2,0,차대차 - 측면충돌,안전운전불이행,포장 - 건조,맑음,단일로 - 기타,승용,남,44세,상해없음,승용,여,52세,경상
2020101400100192,2020년 10월 14일 11시,수요일,서울특별시 강남구 자곡동,경상사고,0,0,1,0,차대차 - 추돌,안전거리미확보,포장 - 건조,맑음,단일로 - 기타,승용,남,82세,상해없음,승용,남,34세,경상
2020101400100359,2020년 10월 14일 16시,수요일,서울특별시 강남구 삼성동,경상사고,0,0,2,0,차대차 - 측면충돌,안전운전불이행,포장 - 건조,맑음,단일로 - 지하차도(도로)내,이륜,남,70세,경상,승용,남,47세,경상
2020101400100360,2020년 10월 14일 16시,수요일,서울특별시 강남구 청담동,경상사고,0,0,1,0,차대차 - 측면충돌,안전운전불이행,포장 - 건조,맑음,교차로 - 교차로부근,승용,남,37세,상해없음,승용,여,46세,경상
2020101400100504,2020년 10월 14일 19시,수요일,서울특별시 강남구 신사동,경상사고,0,0,1,0,차대차 - 기타,안전운전불이행,포장 - 건조,흐림,단일로 - 기타,승용,남,19세,상해없음,자전거,남,64세,경상
2020101400100506,2020년 10월 14일 19시,수요일,서울특별시 강남구 논현동,경상사고,0,0,1,0,차대차 - 추돌,안전운전불이행,포장 - 건조,맑음,단일로 - 기타,승용,남,19세,상해없음,승용,남,29세,경상
2020101400100510,2020년 10월 14일 19시,수요일,서울특별시 강남구 도곡동,부상신고사고,0,0,0,1,차대차 - 측면충돌,신호위반,포장 - 건조,맑음,단일로 - 기타,이륜,남,52세,부상신고,승용,남,36세,상해없음
2020101400100511,2020년 10월 14일 19시,수요일,서울특별시 강남구 세곡동,경상사고,0,0,1,0,차대차 - 기타,안전운전불이행,포장 - 건조,기타,교차로 - 교차로부근,승용,남,68세,상해없음,승용,여,39세,경상
2020101500100027,2020년 10월 15일 04시,목요일,서울특별시 강남구 개포동,경상사고,0,0,1,0,차대차 - 추돌,안전운전불이행,포장 - 건조,맑음,단일로 - 기타,승용,남,60세,상해없음,화물,남,56세,경상
2020101500100128,2020년 10월 15일 09시,목요일,서울특별시 강남구 수서동,경상사고,0,0,3,0,차대차 - 기타,안전거리미확보,포장 - 건조,맑음,단일로 - 기타,승용,남,21세,경상,승용,남,26세,경상
2020101500100241,2020년 10월 15일 12시,목요일,서울특별시 강남구 역삼동,경상사고,0,0,1,0,차대차 - 기타,안전운전불이행,포장 - 건조,맑음,단일로 - 기타,승용,남,57세,상해없음,이륜,남,28세,경상
2020101500100319,2020년 10월 15일 14시,목요일,서울특별시 강남구 역삼동,경상사고,0,0,1,0,차대차 - 측면충돌,안전운전불이행,포장 - 건조,맑음,교차로 - 교차로안,건설기계,남,53세,상해없음,승용,남,62세,경상
2020101500100402,2020년 10월 15일 16시,목요일,서울특별시 강남구 대치동,경상사고,0,0,1,0,차대사람 - 기타,안전운전불이행,포장 - 건조,맑음,단일로 - 기타,승용,여,67세,상해없음,보행자,여,28세,경상
2020101500100403,2020년 10월 15일 16시,목요일,서울특별시 강남구 도곡동,경상사고,0,0,1,0,차대차 - 추돌,안전운전불이행,포장 - 건조,맑음,단일로 - 기타,승용,남,57세,상해없음,승용,남,66세,상해없음
2020101500100505,2020년 10월 15일 18시,목요일,서울특별시 강남구 논현동,경상사고,0,0,1,0,차대차 - 추돌,안전거리미확보,포장 - 건조,맑음,단일로 - 지하차도(도로)내,이륜,남,29세,상해없음,승용,남,33세,상해없음
2020101500100510,2020년 10월 15일 18시,목요일,서울특별시 강남구 도곡동,경상사고,0,0,1,0,차대차 - 기타,신호위반,포장 - 건조,맑음,교차로 - 교차로안,승용,남,29세,상해없음,승용,남,39세,경상
2020101500100692,2020년 10월 15일 23시,목요일,서울특별시 강남구 신사동,경상사고,0,0,1,0,차대차 - 추돌,안전운전불이행,포장 - 건조,맑음,기타 - 기타,승용,남,59세,기타불명,승용,남,32세,경상
2020101600100050,2020년 10월 16일 06시,금요일,서울특별시 강남구 청담동,경상사고,0,0,1,0,차대사람 - 횡단중,안전운전불이행,포장 - 건조,맑음,단일로 - 지하차도(도로)내,건설기계,남,57세,상해없음,보행자,여,77세,경상
2020101600100176,2020년 10월 16일 11시,금요일,서울특별시 강남구 도곡동,경상사고,0,0,2,0,차대차 - 기타,안전거리미확보,포장 - 건조,맑음,교차로 - 교차로안,화물,남,55세,경상,화물,남,35세,경상
2020101600100239,2020년 10월 16일 13시,금요일,서울특별시 강남구 논현동,경상사고,0,0,1,0,차대사람 - 기타,안전운전불이행,포장 - 건조,맑음,단일로 - 기타,승용,남,58세,상해없음,보행자,여,27세,경상
2020101600100244,2020년 10월 16일 13시,금요일,서울특별시 강남구 수서동,경상사고,0,0,1,0,차대차 - 기타,안전운전불이행,포장 - 건조,맑음,단일로 - 기타,화물,남,73세,상해없음,화물,남,42세,경상
2020101600100275,2020년 10월 16일 14시,금요일,서울특별시 강남구 일원동,중상사고,0,2,5,0,차대차 - 기타,안전운전불이행,포장 - 건조,맑음,단일로 - 기타,화물,남,38세,경상,승합,남,31세,경상
2020101600100312,2020년 10월 16일 15시,금요일,서울특별시 강남구 수서동,중상사고,0,1,0,0,차대사람 - 횡단중,보행자보호의무위반,포장 - 건조,맑음,단일로 - 기타,승합,남,56세,상해없음,보행자,남,25세,중상
2020101600100448,2020년 10월 16일 18시,금요일,서울특별시 강남구 논현동,경상사고,0,0,1,0,차대차 - 기타,안전운전불이행,포장 - 건조,맑음,단일로 - 기타,승용,여,25세,상해없음,승합,남,48세,경상
2020101600100526,2020년 10월 16일 19시,금요일,서울특별시 강남구 논현동,경상사고,0,0,1,0,차대차 - 기타,기타,포장 - 건조,맑음,단일로 - 기타,개인형이동수단(PM),남,22세,경상,승용,남,56세,상해없음
2020101600100531,2020년 10월 16일 19시,금요일,서울특별시 강남구 개포동,경상사고,0,0,1,0,차대차 - 측면충돌,안전거리미확보,포장 - 건조,맑음,교차로 - 교차로부근,화물,남,60세,상해없음,이륜,남,36세,경상
2020101600100532,2020년 10월 16일 19시,금요일,서울특별시 강남구 개포동,경상사고,0,0,2,0,차대차 - 추돌,안전운전불이행,포장 - 건조,맑음,교차로 - 교차로부근,승용,여,32세,상해없음,승용,여,51세,경상
2020101600100573,2020년 10월 16일 20시,금요일,서울특별시 강남구 삼성동,경상사고,0,0,2,0,차대차 - 기타,안전운전불이행,포장 - 건조,맑음,교차로 - 교차로안,이륜,남,43세,상해없음,이륜,남,25세,경상
2020101600100574,2020년 10월 16일 20시,금요일,서울특별시 강남구 자곡동,부상신고사고,0,0,0,1,차대차 - 기타,중앙선침범,포장 - 건조,맑음,단일로 - 기타,이륜,남,20세,부상신고,승용,남,30세,상해없음
2020101700100035,2020년 10월 17일 02시,토요일,서울특별시 강남구 역삼동,경상사고,0,0,1,0,차대차 - 기타,안전운전불이행,포장 - 기타,기타,단일로 - 기타,승용,남,35세,상해없음,승용,남,48세,경상
2020101700100061,2020년 10월 17일 05시,토요일,서울특별시 강남구 청담동,경상사고,0,0,2,0,차대차 - 기타,안전거리미확보,포장 - 건조,맑음,단일로 - 기타,승용,여,25세,경상,승용,남,34세,상해없음
2020101700100103,2020년 10월 17일 08시,토요일,서울특별시 강남구 삼성동,경상사고,0,0,1,0,차대차 - 기타,신호위반,포장 - 건조,맑음,단일로 - 기타,화물,남,60세,상해없음,자전거,남,46세,경상
2020101700100161,2020년 10월 17일 10시,토요일,서울특별시 강남구 수서동,부상신고사고,0,0,0,1,차대차 - 기타,안전운전불이행,포장 - 건조,맑음,교차로 - 교차로횡단보도내,자전거,남,73세,부상신고,승합,남,37세,상해없음
2020101700100196,2020년 10월 17일 11시,토요일,서울특별시 강남구 도곡동,부상신고사고,0,0,0,1,차대사람 - 보도통행중,안전운전불이행,포장 - 건조,맑음,기타 - 기타,기타불명,기타불명,미분류,기타불명,보행자,여,24세,부상신고
2020101700100239,2020년 10월 17일 12시,토요일,서울특별시 강남구 대치동,중상사고,0,1,0,0,차대차 - 기타,교차로운행방법위반,포장 - 건조,맑음,교차로 - 교차로부근,승용,여,48세,상해없음,이륜,남,25세,중상
2020101700100293,2020년 10월 17일 13시,토요일,서울특별시 강남구 논현동,경상사고,0,0,1,0,차대차 - 기타,차로위반,포장 - 건조,맑음,교차로 - 교차로부근,건설기계,남,55세,상해없음,승용,여,30세,경상
2020101700100336,2020년 10월 17일 14시,토요일,서울특별시 강남구 신사동,경상사고,0,0,2,0,차대차 - 측면충돌,안전운전불이행,포장 - 건조,맑음,단일로 - 기타,승용,여,62세,상해없음,승용,남,32세,경상
2020101700100474,2020년 10월 17일 17시,토요일,서울특별시 강남구 대치동,중상사고,0,1,1,0,차대차 - 추돌,안전운전불이행,포장 - 건조,맑음,단일로 - 기타,승용,여,51세,상해없음,승용,남,29세,경상
2020101700100509,2020년 10월 17일 18시,토요일,서울특별시 강남구 청담동,경상사고,0,0,1,0,차대차 - 측면충돌,안전운전불이행,포장 - 기타,기타,단일로 - 기타,기타불명,기타불명,미분류,기타불명,승용,남,42세,상해없음
2020101700100510,2020년 10월 17일 18시,토요일,서울특별시 강남구 논현동,중상사고,0,1,2,0,차대차 - 기타,기타,포장 - 건조,맑음,단일로 - 기타,승용,남,38세,경상,이륜,남,28세,경상
2020101700100511,2020년 10월 17일 18시,토요일,서울특별시 강남구 삼성동,경상사고,0,0,1,0,차대차 - 후진중충돌,안전운전불이행,포장 - 건조,맑음,교차로 - 교차로부근,승용,여,53세,상해없음,승용,남,27세,경상
2020101700100516,2020년 10월 17일 18시,토요일,서울특별시 강남구 대치동,경상사고,0,0,1,0,차대차 - 기타,안전운전불이행,포장 - 건조,맑음,교차로 - 교차로부근,승용,남,54세,상해없음,승용,남,22세,상해없음
2020101700100578,2020년 10월 17일 19시,토요일,서울특별시 강남구 역삼동,경상사고,0,0,1,0,차대차 - 기타,안전운전불이행,포장 - 건조,맑음,교차로 - 교차로안,이륜,남,26세,상해없음,승용,남,39세,경상
2020101700100637,2020년 10월 17일 20시,토요일,서울특별시 강남구 역삼동,경상사고,0,0,1,0,차대차 - 측면충돌,안전운전불이행,포장 - 건조,맑음,교차로 - 교차로부근,승용,남,35세,상해없음,이륜,남,37세,경상
2020101700100715,2020년 10월 17일 23시,토요일,서울특별시 강남구 논현동,중상사고,0,1,1,1,차대차 - 측면충돌,안전거리미확보,포장 - 건조,기타,단일로 - 기타,승용,남,40세,부상신고,승용,여,36세,경상
2020101800100082,2020년 10월 18일 07시,일요일,서울특별시 강남구 도곡동,경상사고,0,0,1,0,차대차 - 추돌,기타,포장 - 건조,맑음,단일로 - 기타,화물,남,54세,기타불명,이륜,남,47세,경상
2020101800100093,2020년 10월 18일 08시,일요일,서울특별시 강남구 개포동,경상사고,0,0,1,0,차대차 - 기타,안전운전불이행,포장 - 건조,맑음,단일로 - 기타,승용,남,32세,상해없음,건설기계,남,58세,경상
2020101800100157,2020년 10월 18일 11시,일요일,서울특별시 강남구 도곡동,부상신고사고,0,0,0,1,차대차 - 기타,직진우회전진행방해,포장 - 건조,맑음,교차로 - 교차로안,이륜,남,56세,부상신고,승용,남,69세,상해없음
2020101800100330,2020년 10월 18일 16시,일요일,서울특별시 강남구 수서동,경상사고,0,0,1,0,차대차 - 측면충돌,안전운전불이행,포장 - 건조,맑음,교차로 - 교차로안,승용,남,55세,상해없음,자전거,남,8세,경상
2020101800100376,2020년 10월 18일 17시,일요일,서울특별시 강남구 역삼동,경상사고,0,0,1,0,차대차 - 측면충돌,안전운전불이행,포장 - 건조,맑음,교차로 - 교차로안,승용,남,39세,상해없음,이륜,남,41세,경상
2020101800100421,2020년 10월 18일 18시,일요일,서울특별시 강남구 역삼동,중상사고,0,1,3,0,차대차 - 추돌,안전운전불이행,포장 - 건조,맑음,단일로 - 기타,승용,여,24세,상해없음,승용,남,32세,경상
2020101800100539,2020년 10월 18일 22시,일요일,서울특별시 강남구 역삼동,경상사고,0,0,1,0,차대차 - 측면충돌,안전운전불이행,포장 - 건조,맑음,단일로 - 기타,승용,남,60세,기타불명,승용,남,41세,경상
2020101900100096,2020년 10월 19일 08시,월요일,서울특별시 강남구 신사동,경상사고,0,0,1,0,차대차 - 기타,안전운전불이행,포장 - 건조,맑음,기타 - 기타,개인형이동수단(PM),여,64세,상해없음,자전거,남,14세,경상
2020101900100162,2020년 10월 19일 09시,월요일,서울특별시 강남구 도곡동,경상사고,0,0,1,0,차대차 - 측면충돌,안전운전불이행,포장 - 건조,맑음,단일로 - 기타,건설기계,남,47세,상해없음,승용,남,68세,경상
2020101900100240,2020년 10월 19일 11시,월요일,서울특별시 강남구 압구정동,중상사고,0,1,0,0,차대사람 - 기타,보행자보호의무위반,포장 - 건조,맑음,교차로 - 교차로부근,화물,남,51세,상해없음,보행자,여,85세,중상
2020101900100241,2020년 10월 19일 11시,월요일,서울특별시 강남구 삼성동,중상사고,0,2,0,0,차대사람 - 기타,보행자보호의무위반,포장 - 건조,맑음,기타 - 기타,이륜,남,55세,상해없음,보행자,여,57세,중상
2020101900100243,2020년 10월 19일 11시,월요일,서울특별시 강남구 도곡동,경상사고,0,0,1,0,차대차 - 측면충돌,차로위반,포장 - 건조,맑음,단일로 - 기타,승용,여,74세,상해없음,승용,남,29세,경상
2020101900100278,2020년 10월 19일 12시,월요일,서울특별시 강남구 역삼동,중상사고,0,1,0,0,차대차 - 추돌,안전운전불이행,포장 - 건조,맑음,단일로 - 기타,승용,남,55세,상해없음,이륜,남,28세,중상
2020101900100279,2020년 10월 19일 12시,월요일,서울특별시 강남구 역삼동,중상사고,0,1,0,0,차대차 - 측면충돌,안전거리미확보,포장 - 건조,맑음,단일로 - 기타,화물,남,65세,상해없음,승용,여,51세,중상
2020101900100280,2020년 10월 19일 12시,월요일,서울특별시 강남구 대치동,중상사고,0,1,0,0,차대차 - 측면충돌,안전거리미확보,포장 - 건조,맑음,교차로 - 교차로부근,승용,남,64세,상해없음,이륜,남,68세,중상
2020101900100315,2020년 10월 19일 13시,월요일,서울특별시 강남구 역삼동,중상사고,0,1,0,0,차대사람 - 기타,안전운전불이행,포장 - 건조,맑음,단일로 - 기타,승용,남,46세,상해없음,보행자,남,63세,중상
2020101900100316,2020년 10월 19일 13시,월요일,서울특별시 강남구 신사동,경상사고,0,0,1,0,차대차 - 기타,기타,포장 - 건조,맑음,기타 - 기타,승용,남,78세,상해없음,이륜,남,43세,경상
2020101900100409,2020년 10월 19일 15시,월요일,서울특별시 강남구 논현동,경상사고,0,0,1,0,차대차 - 측면충돌,신호위반,포장 - 건조,맑음,교차로 - 교차로안,승용,여,72세,상해없음,승용,남,38세,경상
2020101900100540,2020년 10월 19일 18시,월요일,서울특별시 강남구 역삼동,경상사고,0,0,1,0,차대차 - 기타,안전운전불이행,포장 - 건조,맑음,단일로 - 기타,승용,여,48세,상해없음,특수,남,36세,경상
2020101900100694,2020년 10월 19일 22시,월요일,서울특별시 강남구 대치동,경상사고,0,0,1,0,차대차 - 측면충돌,안전운전불이행,포장 - 건조,맑음,단일로 - 기타,승용,여,47세,상해없음,승용,여,48세,경상
2020102000100030,2020년 10월 20일 05시,화요일,서울특별시 강남구 역삼동,경상사고,0,0,1,0,차대사람 - 기타,안전운전불이행,포장 - 건조,맑음,단일로 - 기타,승용,남,73세,상해없음,보행자,남,31세,경상
2020102000100080,2020년 10월 20일 08시,화요일,서울특별시 강남구 신사동,경상사고,0,0,1,0,차대차 - 측면충돌,교차로운행방법위반,포장 - 건조,맑음,교차로 - 교차로안,승용,남,41세,상해없음,이륜,남,59세,경상
2020102000100163,2020년 10월 20일 10시,화요일,서울특별시 강남구 역삼동,경상사고,0,0,2,0,차대차 - 측면충돌,안전운전불이행,포장 - 건조,맑음,단일로 - 기타,승용,남,41세,상해없음,화물,남,60세,경상
2020102000100268,2020년 10월 20일 13시,화요일,서울특별시 강남구 논현동,경상사고,0,0,1,0,차대사람 - 횡단중,보행자보호의무위반,포장 - 건조,맑음,교차로 - 교차로부근,승용,남,62세,상해없음,보행자,남,47세,경상
2020102000100269,2020년 10월 20일 13시,화요일,서울특별시 강남구 삼성동,경상사고,0,0,1,0,차대사람 - 기타,안전운전불이행,포장 - 건조,맑음,교차로 - 교차로부근,승용,남,44세,상해없음,보행자,남,62세,경상
2020102000100313,2020년 10월 20일 14시,화요일,서울특별시 강남구 삼성동,중상사고,0,1,0,0,차대차 - 측면충돌,신호위반,포장 - 건조,맑음,교차로 - 교차로안,승용,남,63세,상해없음,이륜,남,38세,중상
2020102000100461,2020년 10월 20일 17시,화요일,서울특별시 강남구 삼성동,경상사고,0,0,1,0,차대차 - 측면충돌,안전운전불이행,포장 - 건조,맑음,교차로 - 교차로안,승용,여,62세,상해없음,승용,남,22세,경상
2020102000100518,2020년 10월 20일 18시,화요일,서울특별시 강남구 개포동,경상사고,0,0,1,0,차대차 - 기타,안전운전불이행,포장 - 건조,맑음,단일로 - 기타,승용,여,53세,상해없음,승용,여,26세,경상
2020102000100637,2020년 10월 20일 20시,화요일,서울특별시 강남구 논현동,경상사고,0,0,1,0,차대차 - 기타,기타,포장 - 건조,맑음,단일로 - 기타,승용,여,40세,상해없음,이륜,남,48세,경상
2020102000100643,2020년 10월 20일 20시,화요일,서울특별시 강남구 역삼동,경상사고,0,0,2,0,차대차 - 측면충돌,중앙선침범,포장 - 건조,맑음,단일로 - 기타,승용,여,33세,상해없음,승용,남,36세,경상
2020102000100713,2020년 10월 20일 23시,화요일,서울특별시 강남구 대치동,경상사고,0,0,1,1,차대차 - 정면충돌,신호위반,포장 - 건조,맑음,교차로 - 교차로부근,승용,여,51세,상해없음,승용,남,55세,상해없음
2020102100100115,2020년 10월 21일 08시,수요일,서울특별시 강남구 삼성동,경상사고,0,0,1,0,차대사람 - 보도통행중,보행자보호의무위반,포장 - 건조,기타,교차로 - 교차로안,승용,남,33세,상해없음,보행자,여,34세,경상
2020102100100156,2020년 10월 21일 09시,수요일,서울특별시 강남구 역삼동,경상사고,0,0,1,1,차대차 - 추돌,안전거리미확보,포장 - 건조,맑음,기타 - 기타,개인형이동수단(PM),남,27세,부상신고,자전거,남,40세,경상
2020102100100245,2020년 10월 21일 12시,수요일,서울특별시 강남구 압구정동,경상사고,0,0,2,0,차대차 - 측면충돌,안전운전불이행,포장 - 건조,맑음,단일로 - 지하차도(도로)내,승용,남,33세,경상,승용,남,43세,경상
2020102100100272,2020년 10월 21일 13시,수요일,서울특별시 강남구 역삼동,경상사고,0,0,1,0,차대사람 - 기타,안전운전불이행,포장 - 건조,맑음,단일로 - 기타,승용,여,26세,상해없음,보행자,남,29세,경상
2020102100100328,2020년 10월 21일 15시,수요일,서울특별시 강남구 논현동,경상사고,0,0,1,0,차대차 - 기타,불법유턴,포장 - 건조,맑음,단일로 - 기타,승용,남,56세,상해없음,승용,남,36세,경상
2020102100100331,2020년 10월 21일 15시,수요일,서울특별시 강남구 개포동,중상사고,0,1,0,0,차량단독 - 공작물충돌,안전운전불이행,포장 - 건조,맑음,단일로 - 기타,승용,남,74세,중상,,,,
2020102100100370,2020년 10월 21일 16시,수요일,서울특별시 강남구 대치동,경상사고,0,0,2,0,차대차 - 측면충돌,안전거리미확보,포장 - 건조,맑음,단일로 - 기타,승용,여,44세,상해없음,승용,여,39세,경상
2020102100100451,2020년 10월 21일 18시,수요일,서울특별시 강남구 압구정동,경상사고,0,0,1,0,차대차 - 추돌,안전운전불이행,포장 - 건조,맑음,단일로 - 기타,승용,남,53세,상해없음,승용,남,37세,경상
2020102100100634,2020년 10월 21일 21시,수요일,서울특별시 강남구 역삼동,경상사고,0,0,1,0,차대차 - 추돌,안전거리미확보,포장 - 건조,맑음,단일로 - 기타,승용,남,71세,기타불명,승용,남,49세,경상
2020102100100670,2020년 10월 21일 22시,수요일,서울특별시 강남구 역삼동,경상사고,0,0,1,0,차대사람 - 기타,안전운전불이행,포장 - 건조,맑음,단일로 - 기타,승용,남,41세,상해없음,보행자,여,25세,경상
2020102200100150,2020년 10월 22일 09시,목요일,서울특별시 강남구 대치동,중상사고,0,1,0,0,차대사람 - 횡단중,보행자보호의무위반,포장 - 건조,맑음,기타 - 기타,화물,남,50세,상해없음,보행자,여,58세,중상
2020102200100202,2020년 10월 22일 11시,목요일,서울특별시 강남구 논현동,경상사고,0,0,1,0,차대차 - 측면충돌,직진우회전진행방해,포장 - 건조,맑음,교차로 - 교차로안,이륜,남,37세,경상,승용,남,28세,상해없음
2020102200100206,2020년 10월 22일 11시,목요일,서울특별시 강남구 역삼동,경상사고,0,0,1,0,차대차 - 추돌,안전거리미확보,포장 - 건조,맑음,단일로 - 기타,화물,남,41세,상해없음,승용,남,49세,경상