사고번호,사고일시,요일,시군구,사고내용,사망자수,중상자수,경상자수,부상신고자수,사고유형,법규위반,노면상태,기상상태,도로형태,가해운전자 차종,가해운전자 성별,가해운전자 연령,가해운전자 상해정도,피해운전자 차종,피해운전자 성별,피해운전자 연령,피해운전자 상해정도
2020102200100457,2020년 10월 22일 18시,목요일,서울특별시 강남구 삼성동,경상사고,0,0,1,0,차대차 - 기타,기타,포장 - 건조,맑음,단일로 - 기타,이륜,남,37세,경상,승용,남,42세,상해없음
2020102200100528,2020년 10월 22일 19시,목요일,서울특별시 강남구 신사동,경상사고,0,0,3,0,차대차 - 정면충돌,차로위반,포장 - 건조,맑음,교차로 - 교차로부근,승용,여,37세,경상,승용,남,26세,경상
2020102200100565,2020년 10월 22일 20시,목요일,서울특별시 강남구 논현동,경상사고,0,0,1,0,차대사람 - 길가장자리구역통행중,안전운전불이행,포장 - 건조,맑음,교차로 - 교차로부근,승용,남,22세,상해없음,보행자,여,28세,경상
2020102200100588,2020년 10월 22일 21시,목요일,서울특별시 강남구 압구정동,경상사고,0,0,2,0,차대차 - 추돌,안전운전불이행,포장 - 건조,맑음,단일로 - 기타,화물,남,56세,상해없음,승용,남,29세,경상
2020102200100589,2020년 10월 22일 21시,목요일,서울특별시 강남구 삼성동,경상사고,0,0,2,0,차대차 - 측면충돌,안전운전불이행,포장 - 건조,맑음,교차로 - 교차로부근,승용,남,39세,기타불명,특수,남,24세,경상
2020102200100611,2020년 10월 22일 22시,목요일,서울특별시 강남구 청담동,경상사고,0,0,1,0,차대차 - 측면충돌,신호위반,포장 - 건조,맑음,단일로 - 기타,승용,남,55세,상해없음,자전거,남,45세,경상
2020102200100614,2020년 10월 22일 22시,목요일,서울특별시 강남구 대치동,중상사고,0,1,0,0,차대차 - 기타,신호위반,포장 - 건조,맑음,단일로 - 기타,승용,여,45세,상해없음,이륜,남,53세,중상
2020102300100002,2020년 10월 23일 00시,금요일,서울특별시 강남구 논현동,경상사고,0,0,1,0,차대차 - 정면충돌,안전운전불이행,포장 - 건조,맑음,단일로 - 기타,승용,남,36세,상해없음,승용,남,62세,경상
2020102300100019,2020년 10월 23일 01시,금요일,서울특별시 강남구 청담동,경상사고,0,0,1,0,차대차 - 측면충돌,안전거리미확보,포장 - 기타,맑음,단일로 - 기타,승용,남,65세,경상,승용,남,26세,상해없음
2020102300100044,2020년 10월 23일 05시,금요일,서울특별시 강남구 역삼동,경상사고,0,0,3,0,차대차 - 기타,안전거리미확보,포장 - 건조,맑음,단일로 - 기타,승용,남,69세,상해없음,승용,여,28세,경상
2020102300100163,2020년 10월 23일 09시,금요일,서울특별시 강남구 역삼동,경상사고,0,0,1,0,차대차 - 기타,안전거리미확보,포장 - 건조,맑음,교차로 - 교차로부근,승용,여,61세,상해없음,승용,여,36세,경상
2020102300100201,2020년 10월 23일 10시,금요일,서울특별시 강남구 논현동,경상사고,0,0,2,0,차대차 - 측면충돌,안전운전불이행,포장 - 건조,맑음,단일로 - 기타,승용,남,48세,경상,승용,남,67세,경상
2020102300100242,2020년 10월 23일 11시,금요일,서울특별시 강남구 도곡동,중상사고,0,1,0,0,차대사람 - 길가장자리구역통행중,안전운전불이행,포장 - 건조,맑음,단일로 - 기타,개인형이동수단(PM),남,43세,상해없음,보행자,남,43세,중상
2020102300100273,2020년 10월 23일 12시,금요일,서울특별시 강남구 논현동,경상사고,0,0,1,0,차대사람 - 길가장자리구역통행중,안전운전불이행,포장 - 건조,맑음,단일로 - 지하차도(도로)내,승용,남,31세,상해없음,보행자,남,38세,경상
2020102300100316,2020년 10월 23일 13시,금요일,서울특별시 강남구 역삼동,경상사고,0,0,1,0,차대차 - 추돌,안전운전불이행,포장 - 건조,맑음,교차로 - 교차로부근,승용,남,61세,상해없음,이륜,남,35세,경상
2020102300100356,2020년 10월 23일 14시,금요일,서울특별시 강남구 도곡동,경상사고,0,0,2,0,차대차 - 기타,안전운전불이행,포장 - 건조,맑음,단일로 - 기타,승용,남,36세,경상,승용,남,40세,경상
2020102300100454,2020년 10월 23일 16시,금요일,서울특별시 강남구 개포동,부상신고사고,0,0,0,1,차대차 - 측면충돌,안전운전불이행,포장 - 건조,맑음,교차로 - 교차로부근,승용,남,69세,부상신고,승합,남,49세,상해없음
2020102300100576,2020년 10월 23일 18시,금요일,서울특별시 강남구 신사동,경상사고,0,0,1,0,차대차 - 기타,안전운전불이행,포장 - 건조,맑음,단일로 - 기타,승용,남,55세,상해없음,승용,여,26세,경상
2020102300100577,2020년 10월 23일 18시,금요일,서울특별시 강남구 청담동,중상사고,0,1,3,0,차대차 - 측면충돌,안전거리미확보,포장 - 건조,맑음,단일로 - 기타,승용,여,41세,중상,승용,남,29세,경상
2020102300100578,2020년 10월 23일 18시,금요일,서울특별시 강남구 역삼동,경상사고,0,0,1,0,차대차 - 측면충돌,안전운전불이행,포장 - 건조,맑음,교차로 - 교차로안,승용,여,42세,상해없음,승용,남,75세,경상
2020102300100583,2020년 10월 23일 18시,금요일,서울특별시 강남구 역삼동,경상사고,0,0,1,0,차대차 - 기타,안전운전불이행,포장 - 건조,맑음,교차로 - 교차로부근,승용,남,41세,상해없음,이륜,남,25세,경상
2020102300100771,2020년 10월 23일 21시,금요일,서울특별시 강남구 청담동,경상사고,0,0,3,0,차대차 - 기타,안전운전불이행,포장 - 건조,맑음,단일로 - 기타,승용,남,46세,경상,승용,남,44세,경상
2020102300100798,2020년 10월 23일 22시,금요일,서울특별시 강남구 압구정동,경상사고,0,0,1,0,차대차 - 정면충돌,안전운전불이행,포장 - 건조,맑음,단일로 - 기타,승용,여,18세,상해없음,승용,여,36세,경상
2020102300100826,2020년 10월 23일 23시,금요일,서울특별시 강남구 신사동,경상사고,0,0,1,0,차대차 - 추돌,안전운전불이행,포장 - 건조,맑음,주차장 - 주차장,승용,남,54세,상해없음,승용,남,33세,경상
2020102400100054,2020년 10월 24일 03시,토요일,서울특별시 강남구 삼성동,경상사고,0,0,4,0,차대차 - 기타,안전거리미확보,포장 - 기타,기타,단일로 - 기타,화물,남,37세,상해없음,승용,남,60세,경상
2020102400100167,2020년 10월 24일 10시,토요일,서울특별시 강남구 역삼동,경상사고,0,0,1,0,차대차 - 추돌,안전거리미확보,포장 - 건조,맑음,단일로 - 기타,승용,여,34세,상해없음,승용,남,45세,경상
2020102400100168,2020년 10월 24일 10시,토요일,서울특별시 강남구 역삼동,경상사고,0,0,1,0,차대차 - 추돌,안전운전불이행,포장 - 건조,맑음,단일로 - 기타,승용,남,20세,상해없음,승용,여,46세,경상
2020102400100191,2020년 10월 24일 11시,토요일,서울특별시 강남구 삼성동,중상사고,0,1,0,0,차대차 - 측면충돌,중앙선침범,포장 - 건조,맑음,단일로 - 기타,승용,남,69세,상해없음,이륜,남,42세,중상
2020102400100196,2020년 10월 24일 11시,토요일,서울특별시 강남구 세곡동,경상사고,0,0,1,0,차대차 - 추돌,안전운전불이행,포장 - 건조,맑음,교차로 - 교차로안,이륜,남,52세,경상,화물,남,51세,상해없음
2020102400100240,2020년 10월 24일 12시,토요일,서울특별시 강남구 일원동,경상사고,0,0,2,0,차대차 - 측면충돌,신호위반,포장 - 건조,맑음,교차로 - 교차로부근,승용,여,66세,상해없음,승용,여,49세,경상
2020102400100597,2020년 10월 24일 20시,토요일,서울특별시 강남구 개포동,경상사고,0,0,1,0,차대차 - 측면충돌,안전거리미확보,포장 - 건조,맑음,미분류 - 미분류,승용,남,59세,상해없음,승합,남,37세,경상
2020102500100016,2020년 10월 25일 01시,일요일,서울특별시 강남구 신사동,경상사고,0,0,1,0,차대차 - 기타,직진우회전진행방해,포장 - 건조,맑음,교차로 - 교차로안,승용,남,49세,상해없음,승용,남,64세,상해없음
2020102500100017,2020년 10월 25일 01시,일요일,서울특별시 강남구 논현동,경상사고,0,0,3,0,차대차 - 기타,교차로운행방법위반,포장 - 건조,맑음,교차로 - 교차로부근,승용,남,66세,상해없음,승용,남,24세,경상
2020102500100030,2020년 10월 25일 02시,일요일,서울특별시 강남구 논현동,경상사고,0,0,1,0,차대사람 - 기타,안전운전불이행,포장 - 건조,맑음,단일로 - 기타,승용,남,66세,상해없음,보행자,여,26세,경상
2020102500100186,2020년 10월 25일 12시,일요일,서울특별시 강남구 역삼동,중상사고,0,1,0,0,차대사람 - 기타,안전운전불이행,포장 - 건조,맑음,단일로 - 기타,자전거,여,10세,상해없음,보행자,여,75세,중상
2020102500100258,2020년 10월 25일 14시,일요일,서울특별시 강남구 역삼동,경상사고,0,0,1,0,차대차 - 추돌,안전거리미확보,포장 - 건조,맑음,교차로 - 교차로부근,승용,여,42세,상해없음,승용,남,45세,경상
2020102500100286,2020년 10월 25일 15시,일요일,서울특별시 강남구 삼성동,경상사고,0,0,1,0,차대차 - 측면충돌,신호위반,포장 - 건조,맑음,교차로 - 교차로부근,승용,남,63세,상해없음,승용,남,41세,경상
2020102500100327,2020년 10월 25일 16시,일요일,서울특별시 강남구 개포동,경상사고,0,0,1,0,차대차 - 측면충돌,안전운전불이행,포장 - 건조,맑음,단일로 - 기타,자전거,남,57세,상해없음,자전거,남,67세,경상
2020102500100359,2020년 10월 25일 17시,일요일,서울특별시 강남구 신사동,경상사고,0,0,1,0,차대차 - 측면충돌,안전운전불이행,포장 - 건조,맑음,교차로 - 교차로안,승용,남,54세,상해없음,승용,여,34세,경상
2020102500100571,2020년 10월 25일 23시,일요일,서울특별시 강남구 수서동,사망사고,1,0,0,0,차대사람 - 기타,보행자보호의무위반,포장 - 건조,맑음,단일로 - 기타,화물,남,56세,상해없음,보행자,여,46세,사망
2020102600100099,2020년 10월 26일 08시,월요일,서울특별시 강남구 대치동,경상사고,0,0,1,0,차대차 - 기타,안전운전불이행,포장 - 건조,맑음,단일로 - 기타,승합,남,55세,상해없음,승용,남,42세,경상
2020102600100100,2020년 10월 26일 08시,월요일,서울특별시 강남구 도곡동,중상사고,0,1,0,0,차대차 - 기타,안전운전불이행,포장 - 건조,맑음,단일로 - 기타,승용,남,40세,상해없음,자전거,남,65세,중상
2020102600100160,2020년 10월 26일 09시,월요일,서울특별시 강남구 역삼동,경상사고,0,0,4,0,차대차 - 측면충돌,안전운전불이행,포장 - 건조,맑음,단일로 - 지하차도(도로)내,승용,여,60세,경상,승용,남,28세,경상
2020102600100242,2020년 10월 26일 11시,월요일,서울특별시 강남구 수서동,경상사고,0,0,1,0,차대차 - 추돌,안전거리미확보,포장 - 건조,맑음,단일로 - 기타,승용,남,70세,상해없음,화물,남,44세,경상
2020102600100283,2020년 10월 26일 12시,월요일,서울특별시 강남구 논현동,경상사고,0,0,1,0,차대차 - 기타,안전거리미확보,포장 - 건조,맑음,단일로 - 기타,이륜,남,30세,상해없음,승용,남,72세,경상
2020102600100319,2020년 10월 26일 13시,월요일,서울특별시 강남구 청담동,경상사고,0,0,1,0,차대사람 - 기타,안전운전불이행,포장 - 건조,맑음,단일로 - 기타,승용,남,25세,상해없음,보행자,남,36세,경상
2020102600100431,2020년 10월 26일 16시,월요일,서울특별시 강남구 삼성동,중상사고,0,1,0,0,차대차 - 기타,교차로운행방법위반,포장 - 건조,맑음,교차로 - 교차로부근,화물,남,47세,상해없음,승용,남,56세,중상
2020102600100480,2020년 10월 26일 17시,월요일,서울특별시 강남구 논현동,경상사고,0,0,1,0,차대차 - 측면충돌,차로위반,포장 - 건조,맑음,단일로 - 기타,승용,남,53세,상해없음,승용,남,42세,경상
2020102600100481,2020년 10월 26일 17시,월요일,서울특별시 강남구 청담동,경상사고,0,0,1,0,차대차 - 측면충돌,안전운전불이행,포장 - 기타,맑음,교차로 - 교차로부근,화물,남,62세,상해없음,승용,여,39세,경상
2020102600100526,2020년 10월 26일 18시,월요일,서울특별시 강남구 신사동,경상사고,0,0,1,0,차대사람 - 횡단중,안전운전불이행,포장 - 건조,맑음,교차로 - 교차로횡단보도내,승용,남,26세,상해없음,보행자,여,26세,경상
2020102600100527,2020년 10월 26일 18시,월요일,서울특별시 강남구 신사동,경상사고,0,0,1,0,차대사람 - 기타,안전운전불이행,포장 - 건조,맑음,교차로 - 교차로안,승용,남,76세,상해없음,보행자,여,32세,경상
2020102600100530,2020년 10월 26일 18시,월요일,서울특별시 강남구 개포동,경상사고,0,0,2,0,차대차 - 측면충돌,교차로운행방법위반,포장 - 건조,기타,교차로 - 교차로안,승용,여,49세,상해없음,승용,남,23세,경상
2020102600100632,2020년 10월 26일 20시,월요일,서울특별시 강남구 역삼동,경상사고,0,0,1,0,차대차 - 기타,안전거리미확보,포장 - 건조,맑음,단일로 - 기타,승용,남,65세,경상,화물,남,57세,상해없음
2020102600100634,2020년 10월 26일 20시,월요일,서울특별시 강남구 도곡동,경상사고,0,0,1,0,차대차 - 기타,기타,포장 - 건조,맑음,단일로 - 기타,화물,남,50세,상해없음,개인형이동수단(PM),남,41세,경상
2020102600100693,2020년 10월 26일 23시,월요일,서울특별시 강남구 삼성동,경상사고,0,0,2,0,차대차 - 정면충돌,안전운전불이행,포장 - 건조,맑음,단일로 - 기타,승용,남,43세,상해없음,승용,여,33세,경상
2020102700100027,2020년 10월 27일 03시,화요일,서울특별시 강남구 논현동,경상사고,0,0,1,0,차대사람 - 기타,안전운전불이행,포장 - 건조,흐림,단일로 - 기타,승용,남,36세,상해없음,보행자,여,62세,경상
2020102700100212,2020년 10월 27일 11시,화요일,서울특별시 강남구 논현동,경상사고,0,0,1,0,차대사람 - 횡단중,보행자보호의무위반,포장 - 건조,맑음,단일로 - 기타,승용,여,47세,상해없음,보행자,남,24세,경상
2020102700100243,2020년 10월 27일 12시,화요일,서울특별시 강남구 삼성동,경상사고,0,0,3,0,차대차 - 기타,신호위반,포장 - 건조,맑음,교차로 - 교차로안,승용,남,49세,상해없음,승용,남,60세,경상
2020102700100279,2020년 10월 27일 13시,화요일,서울특별시 강남구 신사동,경상사고,0,0,1,0,차대차 - 정면충돌,안전운전불이행,포장 - 건조,맑음,교차로 - 교차로부근,승용,남,56세,상해없음,승용,남,38세,경상
2020102700100323,2020년 10월 27일 14시,화요일,서울특별시 강남구 삼성동,경상사고,0,0,1,0,차대차 - 기타,안전거리미확보,포장 - 건조,맑음,단일로 - 기타,승용,남,39세,상해없음,승용,여,29세,경상
2020102700100441,2020년 10월 27일 17시,화요일,서울특별시 강남구 역삼동,경상사고,0,0,2,0,차대차 - 측면충돌,교차로운행방법위반,포장 - 건조,맑음,교차로 - 교차로안,승용,남,55세,기타불명,승용,남,42세,경상
2020102700100446,2020년 10월 27일 17시,화요일,서울특별시 강남구 개포동,경상사고,0,0,1,0,차대차 - 측면충돌,안전거리미확보,포장 - 건조,맑음,단일로 - 기타,승용,남,26세,상해없음,화물,남,54세,경상
2020102700100547,2020년 10월 27일 19시,화요일,서울특별시 강남구 삼성동,중상사고,0,1,0,0,차대차 - 정면충돌,신호위반,포장 - 건조,맑음,교차로 - 교차로안,승용,남,63세,상해없음,이륜,남,30세,중상
2020102700100592,2020년 10월 27일 20시,화요일,서울특별시 강남구 역삼동,경상사고,0,0,1,0,차대차 - 추돌,안전운전불이행,포장 - 건조,맑음,단일로 - 기타,승용,남,67세,상해없음,승용,남,38세,경상
2020102800100004,2020년 10월 28일 00시,수요일,서울특별시 강남구 대치동,중상사고,0,3,0,0,차대차 - 측면충돌,신호위반,포장 - 건조,맑음,교차로 - 교차로안,승용,남,68세,상해없음,승합,남,58세,중상
2020102800100021,2020년 10월 28일 01시,수요일,서울특별시 강남구 자곡동,경상사고,0,0,2,0,차대차 - 추돌,안전운전불이행,포장 - 건조,맑음,단일로 - 기타,승용,남,45세,상해없음,화물,남,41세,경상
2020102800100096,2020년 10월 28일 08시,수요일,서울특별시 강남구 대치동,경상사고,0,0,1,0,차대사람 - 기타,신호위반,포장 - 건조,맑음,단일로 - 기타,기타불명,기타불명,미분류,기타불명,보행자,남,71세,경상
2020102800100140,2020년 10월 28일 09시,수요일,서울특별시 강남구 신사동,경상사고,0,0,1,0,차대사람 - 기타,안전운전불이행,포장 - 건조,맑음,단일로 - 기타,승용,남,27세,상해없음,보행자,남,28세,경상
2020102800100181,2020년 10월 28일 10시,수요일,서울특별시 강남구 일원동,경상사고,0,0,1,0,차대사람 - 기타,안전운전불이행,포장 - 건조,맑음,단일로 - 기타,승용,여,39세,상해없음,보행자,남,62세,경상
2020102800100182,2020년 10월 28일 10시,수요일,서울특별시 강남구 도곡동,경상사고,0,0,2,0,차대차 - 측면충돌,중앙선침범,포장 - 건조,맑음,교차로 - 교차로부근,승용,남,49세,경상,승용,남,56세,경상
2020102800100212,2020년 10월 28일 11시,수요일,서울특별시 강남구 삼성동,경상사고,0,0,1,0,차대차 - 기타,차로위반,포장 - 건조,맑음,기타 - 기타,승합,남,55세,상해없음,승용,여,41세,경상
2020102800100261,2020년 10월 28일 12시,수요일,서울특별시 강남구 역삼동,경상사고,0,0,1,0,차대사람 - 기타,안전운전불이행,포장 - 건조,맑음,단일로 - 기타,승용,남,35세,기타불명,보행자,여,24세,경상
2020102800100263,2020년 10월 28일 12시,수요일,서울특별시 강남구 도곡동,중상사고,0,1,0,0,차대차 - 기타,안전거리미확보,포장 - 건조,맑음,단일로 - 기타,승용,여,34세,상해없음,원동기,남,51세,중상
2020102800100333,2020년 10월 28일 14시,수요일,서울특별시 강남구 논현동,경상사고,0,0,1,0,차대차 - 기타,신호위반,포장 - 건조,맑음,교차로 - 교차로횡단보도내,이륜,남,47세,상해없음,개인형이동수단(PM),여,24세,경상
2020102800100365,2020년 10월 28일 15시,수요일,서울특별시 강남구 논현동,경상사고,0,0,1,0,차대사람 - 횡단중,안전운전불이행,포장 - 건조,맑음,단일로 - 기타,승용,여,34세,상해없음,보행자,남,58세,경상
2020102800100366,2020년 10월 28일 15시,수요일,서울특별시 강남구 삼성동,경상사고,0,0,2,0,차대차 - 추돌,안전운전불이행,포장 - 건조,맑음,단일로 - 기타,승용,여,64세,경상,이륜,남,31세,경상
2020102800100407,2020년 10월 28일 16시,수요일,서울특별시 강남구 개포동,경상사고,0,0,1,0,차대차 - 기타,안전운전불이행,포장 - 건조,맑음,교차로 - 교차로안,승용,남,42세,상해없음,이륜,남,29세,경상
2020102800100445,2020년 10월 28일 17시,수요일,서울특별시 강남구 도곡동,경상사고,0,0,1,0,차대차 - 기타,안전운전불이행,포장 - 건조,맑음,단일로 - 기타,자전거,남,49세,경상,승용,남,63세,상해없음
2020102800100562,2020년 10월 28일 19시,수요일,서울특별시 강남구 삼성동,경상사고,0,0,1,0,차대차 - 기타,안전운전불이행,포장 - 건조,기타,교차로 - 교차로부근,승용,남,78세,상해없음,이륜,남,42세,경상
2020102800100627,2020년 10월 28일 21시,수요일,서울특별시 강남구 신사동,경상사고,0,0,1,0,차대차 - 기타,안전거리미확보,포장 - 건조,맑음,단일로 - 기타,승합,남,62세,상해없음,이륜,남,44세,경상
2020102800100631,2020년 10월 28일 21시,수요일,서울특별시 강남구 역삼동,경상사고,0,0,1,0,차대차 - 기타,안전운전불이행,포장 - 건조,맑음,단일로 - 기타,승용,남,32세,상해없음,승용,남,49세,경상
2020102800100659,2020년 10월 28일 22시,수요일,서울특별시 강남구 개포동,경상사고,0,0,1,0,차대차 - 기타,안전거리미확보,포장 - 건조,맑음,단일로 - 기타,화물,남,32세,상해없음,승용,남,29세,경상
2020102900100040,2020년 10월 29일 04시,목요일,서울특별시 강남구 신사동,경상사고,0,0,1,0,차량단독 - 기타,안전운전불이행,포장 - 건조,맑음,단일로 - 기타,개인형이동수단(PM),여,26세,경상,,,,
2020102900100041,2020년 10월 29일 04시,목요일,서울특별시 강남구 청담동,경상사고,0,0,1,0,차대차 - 기타,안전운전불이행,포장 - 건조,맑음,단일로 - 기타,승용,남,61세,상해없음,화물,남,63세,상해없음
2020102900100048,2020년 10월 29일 05시,목요일,서울특별시 강남구 개포동,경상사고,0,0,1,0,차대차 - 측면충돌,차로위반,포장 - 건조,맑음,단일로 - 기타,건설기계,남,55세,상해없음,승용,여,48세,경상
2020102900100185,2020년 10월 29일 10시,목요일,서울특별시 강남구 삼성동,중상사고,0,1,1,0,차대사람 - 횡단중,보행자보호의무위반,포장 - 건조,맑음,교차로 - 교차로횡단보도내,승용,여,25세,상해없음,보행자,남,46세,중상
2020102900100228,2020년 10월 29일 11시,목요일,서울특별시 강남구 삼성동,경상사고,0,0,2,0,차대차 - 측면충돌,안전거리미확보,포장 - 기타,맑음,단일로 - 기타,승용,남,34세,상해없음,승용,여,34세,경상
2020102900100230,2020년 10월 29일 11시,목요일,서울특별시 강남구 도곡동,경상사고,0,0,1,0,차량단독 - 기타,안전운전불이행,포장 - 건조,맑음,단일로 - 기타,승용,남,72세,상해없음,,,,
2020102900100263,2020년 10월 29일 12시,목요일,서울특별시 강남구 신사동,경상사고,0,0,1,0,차대차 - 기타,교차로운행방법위반,포장 - 건조,맑음,교차로 - 교차로안,승용,남,58세,상해없음,승용,남,35세,경상
2020102900100516,2020년 10월 29일 18시,목요일,서울특별시 강남구 논현동,경상사고,0,0,1,0,차대사람 - 차도통행중,안전운전불이행,포장 - 건조,맑음,교차로 - 교차로안,승용,남,41세,상해없음,보행자,남,31세,경상
2020102900100517,2020년 10월 29일 18시,목요일,서울특별시 강남구 논현동,경상사고,0,0,4,0,차대차 - 측면충돌,안전거리미확보,포장 - 건조,맑음,단일로 - 기타,승용,여,39세,경상,승용,남,37세,경상
2020102900100721,2020년 10월 29일 23시,목요일,서울특별시 강남구 개포동,중상사고,0,1,1,0,차대차 - 추돌,안전운전불이행,포장 - 건조,맑음,교차로 - 교차로부근,승용,남,48세,상해없음,승용,남,62세,중상
2020103000100049,2020년 10월 30일 05시,금요일,서울특별시 강남구 논현동,경상사고,0,0,1,0,차대차 - 기타,기타,포장 - 건조,맑음,단일로 - 기타,승용,남,74세,경상,승용,남,23세,기타불명
2020103000100108,2020년 10월 30일 08시,금요일,서울특별시 강남구 논현동,경상사고,0,0,1,0,차대차 - 측면충돌,안전거리미확보,포장 - 건조,맑음,교차로 - 교차로부근,승용,남,54세,상해없음,승용,여,38세,경상
2020103000100195,2020년 10월 30일 10시,금요일,서울특별시 강남구 자곡동,경상사고,0,0,2,0,차대차 - 측면충돌,안전거리미확보,포장 - 건조,맑음,단일로 - 기타,승용,여,28세,상해없음,승용,남,55세,경상
2020103000100229,2020년 10월 30일 11시,금요일,서울특별시 강남구 대치동,중상사고,0,1,0,0,차대사람 - 횡단중,안전운전불이행,포장 - 건조,맑음,단일로 - 기타,승용,남,36세,상해없음,보행자,남,38세,중상
2020103000100264,2020년 10월 30일 12시,금요일,서울특별시 강남구 압구정동,부상신고사고,0,0,0,1,차대차 - 기타,안전운전불이행,포장 - 건조,맑음,기타 - 기타,자전거,남,35세,부상신고,승용,남,52세,상해없음
2020103000100312,2020년 10월 30일 13시,금요일,서울특별시 강남구 도곡동,경상사고,0,0,1,0,차대차 - 추돌,안전운전불이행,포장 - 건조,맑음,교차로 - 교차로부근,승합,남,47세,상해없음,승용,남,67세,상해없음
2020103000100707,2020년 10월 30일 21시,금요일,서울특별시 강남구 역삼동,경상사고,0,0,1,0,차대차 - 기타,교차로운행방법위반,포장 - 건조,맑음,교차로 - 교차로부근,이륜,남,34세,경상,승용,남,74세,상해없음
2020103000100710,2020년 10월 30일 21시,금요일,서울특별시 강남구 대치동,경상사고,0,0,1,0,차대차 - 기타,안전거리미확보,포장 - 건조,맑음,단일로 - 기타,승용,남,65세,상해없음,승용,남,51세,경상
2020103000100750,2020년 10월 30일 22시,금요일,서울특별시 강남구 삼성동,중상사고,0,1,0,0,차대차 - 기타,안전거리미확보,포장 - 건조,맑음,교차로 - 교차로부근,이륜,남,53세,중상,승용,남,35세,상해없음
2020103000100751,2020년 10월 30일 22시,금요일,서울특별시 강남구 청담동,경상사고,0,0,1,0,차대차 - 기타,안전거리미확보,포장 - 건조,맑음,단일로 - 기타,승용,남,59세,상해없음,이륜,남,39세,경상
2020103000100755,2020년 10월 30일 22시,금요일,서울특별시 강남구 도곡동,경상사고,0,0,2,0,차대차 - 측면충돌,안전거리미확보,포장 - 건조,맑음,교차로 - 교차로부근,승용,남,74세,상해없음,승용,남,38세,경상
2020103000100756,2020년 10월 30일 22시,금요일,서울특별시 강남구 대치동,경상사고,0,0,1,0,차대차 - 추돌,안전운전불이행,포장 - 건조,맑음,단일로 - 기타,승용,여,38세,상해없음,승용,남,39세,경상
2020103100100003,2020년 10월 31일 00시,토요일,서울특별시 강남구 삼성동,경상사고,0,0,2,0,차대차 - 정면충돌,안전운전불이행,포장 - 건조,맑음,단일로 - 기타,승용,여,38세,상해없음,승용,남,35세,경상
2020103100100055,2020년 10월 31일 04시,토요일,서울특별시 강남구 역삼동,중상사고,0,1,0,0,차대차 - 측면충돌,차로위반,포장 - 건조,맑음,단일로 - 기타,건설기계,남,27세,상해없음,승용,남,39세,중상
2020103100100201,2020년 10월 31일 11시,토요일,서울특별시 강남구 역삼동,부상신고사고,0,0,0,1,차대차 - 기타,직진우회전진행방해,포장 - 건조,맑음,교차로 - 교차로안,화물,남,46세,부상신고,승용,여,52세,상해없음
2020103100100375,2020년 10월 31일 15시,토요일,서울특별시 강남구 대치동,경상사고,0,0,1,0,차대사람 - 보도통행중,기타,포장 - 건조,맑음,기타 - 기타,개인형이동수단(PM),남,38세,상해없음,보행자,여,8세,경상
2020103100100376,2020년 10월 31일 15시,토요일,서울특별시 강남구 역삼동,경상사고,0,0,1,1,차대사람 - 횡단중,안전운전불이행,포장 - 건조,맑음,단일로 - 기타,자전거,남,50세,부상신고,보행자,여,24세,경상
2020103100100411,2020년 10월 31일 16시,토요일,서울특별시 강남구 신사동,경상사고,0,0,2,0,차대차 - 기타,교차로운행방법위반,포장 - 건조,맑음,교차로 - 교차로안,승용,여,60세,상해없음,승용,남,23세,경상
2020103100100413,2020년 10월 31일 16시,토요일,서울특별시 강남구 개포동,경상사고,0,0,1,0,차대차 - 추돌,안전운전불이행,포장 - 건조,맑음,교차로 - 교차로부근,승용,남,48세,상해없음,승용,남,36세,경상
2020103100100445,2020년 10월 31일 17시,토요일,서울특별시 강남구 대치동,경상사고,0,0,3,0,차대차 - 측면충돌,안전거리미확보,포장 - 건조,맑음,교차로 - 교차로부근,승용,남,47세,기타불명,승용,남,50세,경상
2020103100100446,2020년 10월 31일 17시,토요일,서울특별시 강남구 신사동,중상사고,0,1,0,0,차대차 - 기타,안전운전불이행,포장 - 기타,맑음,단일로 - 기타,이륜,남,47세,중상,승용,남,31세,상해없음
2020103100100496,2020년 10월 31일 18시,토요일,서울특별시 강남구 대치동,경상사고,0,0,1,0,차대차 - 측면충돌,안전거리미확보,포장 - 건조,맑음,교차로 - 교차로부근,승용,남,44세,상해없음,이륜,남,40세,경상
2020103100100559,2020년 10월 31일 19시,토요일,서울특별시 강남구 대치동,중상사고,0,1,0,0,차대사람 - 기타,안전운전불이행,포장 - 건조,기타,단일로 - 기타,승합,남,53세,상해없음,보행자,남,41세,중상
2020103100100657,2020년 10월 31일 22시,토요일,서울특별시 강남구 대치동,경상사고,0,0,2,1,차대차 - 기타,신호위반,포장 - 건조,맑음,교차로 - 교차로안,승용,남,68세,부상신고,화물,남,27세,경상