사고번호,사고일시,요일,시군구,사고내용,사망자수,중상자수,경상자수,부상신고자수,사고유형,법규위반,노면상태,기상상태,도로형태,가해운전자 차종,가해운전자 성별,가해운전자 연령,가해운전자 상해정도,피해운전자 차종,피해운전자 성별,피해운전자 연령,피해운전자 상해정도
2020121800100217,2020년 12월 18일 13시,금요일,서울특별시 강남구 도곡동,경상사고,0,0,1,0,차대차 - 추돌,안전거리미확보,포장 - 건조,맑음,단일로 - 기타,기타불명,기타불명,미분류,기타불명,승용,남,47세,상해없음
2020121800100296,2020년 12월 18일 15시,금요일,서울특별시 강남구 신사동,경상사고,0,0,1,0,차대차 - 기타,안전운전불이행,포장 - 기타,맑음,단일로 - 기타,이륜,남,39세,경상,승용,남,39세,상해없음
2020121800100299,2020년 12월 18일 15시,금요일,서울특별시 강남구 역삼동,경상사고,0,0,1,0,차대차 - 측면충돌,안전운전불이행,포장 - 건조,맑음,단일로 - 기타,승용,여,55세,기타불명,이륜,남,31세,경상
2020121800100332,2020년 12월 18일 16시,금요일,서울특별시 강남구 일원동,경상사고,0,0,1,0,차대사람 - 횡단중,보행자보호의무위반,포장 - 건조,맑음,교차로 - 교차로횡단보도내,승용,남,36세,상해없음,보행자,여,25세,경상
2020121800100449,2020년 12월 18일 18시,금요일,서울특별시 강남구 청담동,중상사고,0,1,1,0,차대차 - 측면충돌,안전운전불이행,포장 - 건조,기타,단일로 - 기타,승용,남,27세,경상,이륜,남,52세,중상
2020121800100450,2020년 12월 18일 18시,금요일,서울특별시 강남구 논현동,경상사고,0,0,1,0,차대차 - 기타,안전거리미확보,포장 - 건조,맑음,단일로 - 기타,승용,남,59세,상해없음,이륜,남,29세,경상
2020121800100512,2020년 12월 18일 19시,금요일,서울특별시 강남구 역삼동,경상사고,0,0,1,0,차대차 - 측면충돌,안전운전불이행,포장 - 건조,맑음,교차로 - 교차로안,승용,남,56세,상해없음,이륜,남,31세,경상
2020121800100518,2020년 12월 18일 19시,금요일,서울특별시 강남구 역삼동,경상사고,0,0,1,0,차대차 - 기타,안전거리미확보,포장 - 건조,기타,단일로 - 기타,기타불명,기타불명,미분류,기타불명,이륜,남,33세,경상
2020121800100565,2020년 12월 18일 20시,금요일,서울특별시 강남구 신사동,경상사고,0,0,1,0,차대차 - 측면충돌,차로위반,포장 - 건조,맑음,기타 - 기타,승용,여,45세,상해없음,승용,남,30세,경상
2020121800100571,2020년 12월 18일 20시,금요일,서울특별시 강남구 자곡동,경상사고,0,0,2,0,차대차 - 추돌,안전운전불이행,포장 - 건조,기타,단일로 - 기타,승용,남,51세,상해없음,화물,남,46세,경상
2020121800100612,2020년 12월 18일 21시,금요일,서울특별시 강남구 역삼동,경상사고,0,0,1,0,차대차 - 기타,안전운전불이행,포장 - 건조,맑음,교차로 - 교차로부근,승용,여,60세,상해없음,원동기,남,40세,경상
2020121800100620,2020년 12월 18일 21시,금요일,서울특별시 강남구 역삼동,부상신고사고,0,0,0,1,차대차 - 기타,신호위반,포장 - 건조,맑음,교차로 - 교차로부근,이륜,남,39세,부상신고,승용,남,67세,상해없음
2020121900100323,2020년 12월 19일 17시,토요일,서울특별시 강남구 신사동,경상사고,0,0,3,0,차대차 - 추돌,안전거리미확보,포장 - 건조,맑음,단일로 - 기타,승용,여,39세,기타불명,승용,남,31세,경상
2020121900100364,2020년 12월 19일 18시,토요일,서울특별시 강남구 역삼동,중상사고,0,1,0,0,차대차 - 기타,안전거리미확보,포장 - 젖음/습기,맑음,단일로 - 기타,승용,남,47세,상해없음,이륜,남,36세,중상
2020121900100433,2020년 12월 19일 19시,토요일,서울특별시 강남구 역삼동,경상사고,0,0,1,0,차대차 - 기타,중앙선침범,포장 - 건조,맑음,단일로 - 기타,승용,여,45세,상해없음,이륜,남,27세,경상
2020121900100510,2020년 12월 19일 21시,토요일,서울특별시 강남구 청담동,경상사고,0,0,2,0,차대차 - 기타,안전운전불이행,포장 - 건조,맑음,단일로 - 기타,승용,남,50세,상해없음,승용,남,66세,경상
2020122000100025,2020년 12월 20일 04시,일요일,서울특별시 강남구 역삼동,경상사고,0,0,1,0,차대사람 - 길가장자리구역통행중,기타,포장 - 건조,맑음,단일로 - 기타,승용,남,39세,상해없음,보행자,남,22세,경상
2020122000100079,2020년 12월 20일 12시,일요일,서울특별시 강남구 수서동,중상사고,0,1,0,0,차대차 - 기타,신호위반,포장 - 건조,맑음,교차로 - 교차로부근,승용,남,59세,상해없음,이륜,남,42세,중상
2020122000100312,2020년 12월 20일 21시,일요일,서울특별시 강남구 압구정동,경상사고,0,0,2,0,차대차 - 측면충돌,신호위반,포장 - 건조,맑음,교차로 - 교차로안,승용,남,49세,상해없음,승용,남,59세,경상
2020122000100313,2020년 12월 20일 21시,일요일,서울특별시 강남구 역삼동,경상사고,0,0,1,0,차대차 - 기타,안전거리미확보,포장 - 건조,맑음,단일로 - 기타,승용,남,53세,상해없음,이륜,남,45세,경상
2020122100100005,2020년 12월 21일 00시,월요일,서울특별시 강남구 역삼동,경상사고,0,0,1,0,차대차 - 추돌,불법유턴,포장 - 건조,맑음,단일로 - 기타,화물,남,56세,상해없음,승용,남,22세,경상
2020122100100018,2020년 12월 21일 04시,월요일,서울특별시 강남구 압구정동,경상사고,0,0,1,0,차대차 - 기타,안전운전불이행,포장 - 건조,기타,단일로 - 기타,건설기계,남,49세,기타불명,승용,남,29세,경상
2020122100100117,2020년 12월 21일 09시,월요일,서울특별시 강남구 삼성동,경상사고,0,0,1,0,차대차 - 측면충돌,안전거리미확보,포장 - 건조,맑음,단일로 - 기타,승용,남,29세,상해없음,승용,여,45세,경상
2020122100100395,2020년 12월 21일 17시,월요일,서울특별시 강남구 신사동,경상사고,0,0,1,0,차대차 - 측면충돌,안전거리미확보,포장 - 건조,맑음,단일로 - 기타,승용,남,66세,상해없음,승용,남,33세,경상
2020122100100398,2020년 12월 21일 17시,월요일,서울특별시 강남구 역삼동,경상사고,0,0,1,0,차대사람 - 보도통행중,보행자보호의무위반,포장 - 건조,맑음,교차로 - 교차로부근,승용,남,78세,상해없음,보행자,여,39세,경상
2020122100100444,2020년 12월 21일 18시,월요일,서울특별시 강남구 삼성동,경상사고,0,0,1,0,차대차 - 기타,안전운전불이행,포장 - 건조,맑음,단일로 - 기타,화물,남,34세,상해없음,승용,여,35세,경상
2020122100100447,2020년 12월 21일 18시,월요일,서울특별시 강남구 도곡동,경상사고,0,0,2,0,차대차 - 추돌,안전거리미확보,포장 - 젖음/습기,맑음,교차로 - 교차로부근,이륜,남,45세,경상,승용,남,30세,경상
2020122100100508,2020년 12월 21일 19시,월요일,서울특별시 강남구 대치동,경상사고,0,0,1,0,차대사람 - 길가장자리구역통행중,안전운전불이행,포장 - 건조,맑음,단일로 - 기타,승용,남,70세,상해없음,보행자,여,20세,경상
2020122100100591,2020년 12월 21일 21시,월요일,서울특별시 강남구 삼성동,경상사고,0,0,1,0,차대사람 - 길가장자리구역통행중,안전운전불이행,포장 - 건조,맑음,단일로 - 기타,승용,남,37세,상해없음,보행자,남,33세,경상
2020122100100592,2020년 12월 21일 21시,월요일,서울특별시 강남구 삼성동,경상사고,0,0,1,0,차대차 - 기타,안전거리미확보,포장 - 건조,맑음,교차로 - 교차로부근,승용,여,44세,상해없음,이륜,여,37세,경상
2020122100100635,2020년 12월 21일 23시,월요일,서울특별시 강남구 대치동,경상사고,0,0,2,0,차대차 - 추돌,안전운전불이행,포장 - 건조,맑음,단일로 - 기타,화물,남,26세,상해없음,승용,남,60세,경상
2020122200100002,2020년 12월 22일 00시,화요일,서울특별시 강남구 신사동,경상사고,0,0,2,0,차대차 - 기타,안전운전불이행,포장 - 건조,맑음,교차로 - 교차로부근,승용,남,46세,상해없음,승용,남,24세,경상
2020122200100078,2020년 12월 22일 08시,화요일,서울특별시 강남구 대치동,부상신고사고,0,0,0,1,차대차 - 기타,안전운전불이행,포장 - 기타,기타,기타 - 기타,기타불명,기타불명,미분류,기타불명,이륜,남,24세,부상신고
2020122200100080,2020년 12월 22일 08시,화요일,서울특별시 강남구 역삼동,부상신고사고,0,0,0,1,차대차 - 기타,안전운전불이행,포장 - 건조,맑음,단일로 - 기타,승용,남,52세,부상신고,건설기계,남,45세,상해없음
2020122200100131,2020년 12월 22일 10시,화요일,서울특별시 강남구 대치동,경상사고,0,0,1,0,차대차 - 기타,안전거리미확보,포장 - 서리/결빙,맑음,단일로 - 기타,승합,남,60세,상해없음,이륜,남,33세,경상
2020122200100192,2020년 12월 22일 12시,화요일,서울특별시 강남구 압구정동,경상사고,0,0,3,0,차대차 - 기타,안전거리미확보,포장 - 건조,맑음,단일로 - 기타,승용,남,71세,경상,승용,남,52세,경상
2020122200100193,2020년 12월 22일 12시,화요일,서울특별시 강남구 논현동,중상사고,0,1,0,0,차대차 - 기타,교차로운행방법위반,포장 - 젖음/습기,맑음,교차로 - 교차로안,이륜,남,59세,중상,승용,남,48세,상해없음
2020122200100196,2020년 12월 22일 12시,화요일,서울특별시 강남구 도곡동,경상사고,0,0,1,0,차대차 - 추돌,안전거리미확보,포장 - 건조,맑음,단일로 - 기타,승용,남,41세,상해없음,승용,남,41세,경상
2020122200100217,2020년 12월 22일 13시,화요일,서울특별시 강남구 삼성동,중상사고,0,1,0,0,차량단독 - 기타,안전운전불이행,포장 - 건조,맑음,단일로 - 기타,이륜,남,71세,중상,,,,
2020122200100245,2020년 12월 22일 14시,화요일,서울특별시 강남구 삼성동,경상사고,0,0,2,0,차대차 - 측면충돌,안전운전불이행,포장 - 건조,맑음,단일로 - 기타,승용,남,61세,상해없음,승용,여,52세,경상
2020122200100246,2020년 12월 22일 14시,화요일,서울특별시 강남구 대치동,경상사고,0,0,1,0,차대차 - 측면충돌,안전거리미확보,포장 - 건조,맑음,교차로 - 교차로부근,승용,남,36세,상해없음,승용,남,52세,경상
2020122200100281,2020년 12월 22일 15시,화요일,서울특별시 강남구 역삼동,경상사고,0,0,1,0,차대차 - 측면충돌,안전거리미확보,포장 - 건조,맑음,교차로 - 교차로부근,승용,남,33세,기타불명,승용,남,43세,경상
2020122200100350,2020년 12월 22일 17시,화요일,서울특별시 강남구 논현동,경상사고,0,0,1,0,차대차 - 후진중충돌,안전운전불이행,포장 - 건조,맑음,단일로 - 기타,승용,남,54세,상해없음,이륜,남,25세,경상
2020122200100452,2020년 12월 22일 19시,화요일,서울특별시 강남구 역삼동,경상사고,0,0,1,0,차대차 - 추돌,안전운전불이행,포장 - 기타,맑음,단일로 - 기타,승용,남,19세,상해없음,승용,여,33세,경상
2020122200100453,2020년 12월 22일 19시,화요일,서울특별시 강남구 논현동,중상사고,0,1,0,0,차대사람 - 기타,기타,포장 - 건조,맑음,단일로 - 기타,기타불명,기타불명,미분류,기타불명,보행자,여,41세,중상
2020122200100498,2020년 12월 22일 20시,화요일,서울특별시 강남구 청담동,경상사고,0,0,2,0,차대차 - 기타,차로위반,포장 - 기타,기타,교차로 - 교차로안,승용,남,50세,상해없음,승용,남,22세,경상
2020122200100534,2020년 12월 22일 21시,화요일,서울특별시 강남구 도곡동,경상사고,0,0,1,0,차대사람 - 횡단중,보행자보호의무위반,포장 - 건조,맑음,교차로 - 교차로부근,승용,남,66세,상해없음,보행자,남,80세,경상
2020122300100092,2020년 12월 23일 08시,수요일,서울특별시 강남구 역삼동,부상신고사고,0,0,0,1,차대차 - 기타,기타,포장 - 건조,맑음,단일로 - 기타,승용,남,75세,상해없음,이륜,남,25세,부상신고
2020122300100093,2020년 12월 23일 08시,수요일,서울특별시 강남구 신사동,경상사고,0,0,1,0,차대차 - 추돌,안전거리미확보,포장 - 건조,흐림,단일로 - 기타,승용,남,43세,기타불명,승용,남,41세,경상
2020122300100096,2020년 12월 23일 08시,수요일,서울특별시 강남구 일원동,중상사고,0,1,0,0,차대차 - 측면충돌,신호위반,포장 - 젖음/습기,흐림,교차로 - 교차로안,화물,남,40세,상해없음,승용,남,67세,중상
2020122300100133,2020년 12월 23일 09시,수요일,서울특별시 강남구 개포동,경상사고,0,0,2,0,차대사람 - 횡단중,보행자보호의무위반,포장 - 건조,맑음,단일로 - 기타,승용,남,76세,상해없음,보행자,여,41세,경상
2020122300100158,2020년 12월 23일 10시,수요일,서울특별시 강남구 개포동,경상사고,0,0,1,0,차대차 - 측면충돌,안전운전불이행,포장 - 건조,맑음,교차로 - 교차로안,승용,여,66세,상해없음,승용,여,61세,경상
2020122300100197,2020년 12월 23일 12시,수요일,서울특별시 강남구 청담동,경상사고,0,0,1,0,차대사람 - 기타,안전운전불이행,포장 - 건조,맑음,교차로 - 교차로안,화물,남,76세,상해없음,보행자,여,30세,경상
2020122300100229,2020년 12월 23일 13시,수요일,서울특별시 강남구 역삼동,중상사고,0,1,0,0,차대차 - 기타,중앙선침범,포장 - 기타,맑음,단일로 - 기타,승용,남,64세,상해없음,이륜,남,48세,중상
2020122300100315,2020년 12월 23일 16시,수요일,서울특별시 강남구 논현동,경상사고,0,0,1,0,차대차 - 기타,기타,포장 - 젖음/습기,맑음,교차로 - 교차로부근,승용,여,40세,상해없음,이륜,남,34세,경상
2020122300100320,2020년 12월 23일 16시,수요일,서울특별시 강남구 대치동,경상사고,0,0,1,0,차대차 - 기타,안전운전불이행,포장 - 건조,맑음,교차로 - 교차로안,승용,남,70세,상해없음,승용,여,48세,경상
2020122300100353,2020년 12월 23일 17시,수요일,서울특별시 강남구 역삼동,경상사고,0,0,1,0,차대차 - 기타,안전운전불이행,포장 - 젖음/습기,흐림,단일로 - 기타,이륜,남,30세,경상,승용,여,38세,기타불명
2020122300100354,2020년 12월 23일 17시,수요일,서울특별시 강남구 삼성동,경상사고,0,0,1,0,차대차 - 기타,교차로운행방법위반,포장 - 젖음/습기,비,교차로 - 교차로안,승합,남,42세,상해없음,이륜,남,19세,경상
2020122300100411,2020년 12월 23일 18시,수요일,서울특별시 강남구 삼성동,경상사고,0,0,2,0,차대차 - 측면충돌,신호위반,포장 - 건조,맑음,교차로 - 교차로안,승용,남,49세,기타불명,승용,여,38세,경상
2020122300100486,2020년 12월 23일 19시,수요일,서울특별시 강남구 청담동,경상사고,0,0,1,0,차대차 - 기타,불법유턴,포장 - 건조,맑음,교차로 - 교차로부근,이륜,남,40세,상해없음,이륜,남,27세,경상
2020122300100569,2020년 12월 23일 21시,수요일,서울특별시 강남구 세곡동,중상사고,0,1,2,0,차대차 - 추돌,안전운전불이행,포장 - 건조,맑음,단일로 - 기타,승용,남,48세,상해없음,화물,남,55세,중상
2020122300100616,2020년 12월 23일 23시,수요일,서울특별시 강남구 역삼동,경상사고,0,0,1,0,차대사람 - 기타,안전운전불이행,포장 - 건조,맑음,교차로 - 교차로안,승용,남,31세,상해없음,보행자,남,53세,경상
2020122400100159,2020년 12월 24일 11시,목요일,서울특별시 강남구 역삼동,경상사고,0,0,1,1,차대차 - 기타,안전거리미확보,포장 - 건조,맑음,단일로 - 기타,화물,남,51세,부상신고,이륜,남,26세,경상
2020122400100258,2020년 12월 24일 14시,목요일,서울특별시 강남구 대치동,경상사고,0,0,1,0,차대차 - 측면충돌,안전운전불이행,포장 - 건조,맑음,단일로 - 기타,승용,여,65세,기타불명,승용,여,56세,경상
2020122400100335,2020년 12월 24일 16시,목요일,서울특별시 강남구 역삼동,경상사고,0,0,1,0,차대차 - 추돌,안전운전불이행,포장 - 건조,맑음,단일로 - 기타,승용,남,59세,상해없음,승용,남,42세,경상
2020122400100339,2020년 12월 24일 16시,목요일,서울특별시 강남구 대치동,경상사고,0,0,1,0,차대사람 - 차도통행중,안전운전불이행,포장 - 건조,맑음,단일로 - 기타,승용,남,84세,상해없음,보행자,여,52세,경상
2020122400100386,2020년 12월 24일 17시,목요일,서울특별시 강남구 수서동,경상사고,0,0,1,0,차대차 - 기타,안전운전불이행,포장 - 건조,맑음,단일로 - 기타,승용,남,66세,상해없음,승합,남,55세,상해없음
2020122400100432,2020년 12월 24일 18시,목요일,서울특별시 강남구 논현동,경상사고,0,0,1,0,차대사람 - 기타,기타,포장 - 적설,흐림,교차로 - 교차로부근,승용,여,29세,기타불명,보행자,남,49세,경상
2020122400100557,2020년 12월 24일 20시,목요일,서울특별시 강남구 압구정동,경상사고,0,0,2,0,차대차 - 측면충돌,안전거리미확보,포장 - 건조,맑음,단일로 - 기타,승용,남,47세,경상,승용,여,56세,경상
2020122500100346,2020년 12월 25일 21시,금요일,서울특별시 강남구 개포동,경상사고,0,0,1,0,차대차 - 기타,안전운전불이행,포장 - 건조,맑음,단일로 - 기타,승용,여,58세,상해없음,승용,남,37세,경상
2020122600100078,2020년 12월 26일 10시,토요일,서울특별시 강남구 논현동,경상사고,0,0,1,0,차대차 - 기타,중앙선침범,포장 - 젖음/습기,흐림,단일로 - 기타,승용,남,49세,상해없음,이륜,남,20세,경상
2020122600100098,2020년 12월 26일 11시,토요일,서울특별시 강남구 역삼동,중상사고,0,1,0,0,차대차 - 측면충돌,안전거리미확보,포장 - 건조,맑음,단일로 - 기타,승용,남,63세,상해없음,이륜,남,35세,중상
2020122600100221,2020년 12월 26일 16시,토요일,서울특별시 강남구 대치동,중상사고,0,1,1,0,차대사람 - 기타,안전운전불이행,포장 - 건조,맑음,단일로 - 기타,자전거,남,68세,경상,보행자,여,59세,중상
2020122600100383,2020년 12월 26일 21시,토요일,서울특별시 강남구 일원동,경상사고,0,0,1,1,차대차 - 기타,안전운전불이행,포장 - 건조,기타,단일로 - 기타,자전거,남,71세,부상신고,이륜,남,38세,경상
2020122700100048,2020년 12월 27일 10시,일요일,서울특별시 강남구 논현동,경상사고,0,0,2,0,차대차 - 측면충돌,차로위반,포장 - 건조,맑음,기타 - 기타,승용,남,44세,상해없음,승용,여,23세,경상
2020122700100065,2020년 12월 27일 12시,일요일,서울특별시 강남구 역삼동,경상사고,0,0,1,0,차대차 - 기타,안전운전불이행,포장 - 건조,맑음,단일로 - 기타,승용,남,37세,상해없음,이륜,남,35세,경상
2020122700100066,2020년 12월 27일 12시,일요일,서울특별시 강남구 도곡동,중상사고,0,1,2,0,차대차 - 측면충돌,신호위반,포장 - 건조,맑음,교차로 - 교차로안,승용,남,80세,경상,승용,여,45세,경상
2020122800100001,2020년 12월 28일 00시,월요일,서울특별시 강남구 역삼동,경상사고,0,0,1,0,차대사람 - 기타,안전운전불이행,포장 - 건조,맑음,교차로 - 교차로안,승용,남,25세,상해없음,보행자,남,26세,경상
2020122800100007,2020년 12월 28일 01시,월요일,서울특별시 강남구 대치동,중상사고,0,1,0,0,차대차 - 기타,교차로운행방법위반,포장 - 젖음/습기,흐림,교차로 - 교차로안,승용,여,40세,상해없음,이륜,남,39세,중상
2020122800100073,2020년 12월 28일 08시,월요일,서울특별시 강남구 신사동,중상사고,0,1,0,0,차대차 - 추돌,교차로운행방법위반,포장 - 건조,맑음,교차로 - 교차로안,승용,남,43세,기타불명,이륜,남,32세,중상
2020122800100108,2020년 12월 28일 09시,월요일,서울특별시 강남구 역삼동,중상사고,0,1,0,0,차대차 - 기타,안전운전불이행,포장 - 건조,맑음,교차로 - 교차로안,승용,남,36세,상해없음,이륜,남,35세,중상
2020122800100138,2020년 12월 28일 10시,월요일,서울특별시 강남구 일원동,경상사고,0,0,1,0,차대차 - 추돌,안전운전불이행,포장 - 건조,맑음,단일로 - 기타,승용,여,41세,상해없음,자전거,남,82세,경상
2020122800100139,2020년 12월 28일 10시,월요일,서울특별시 강남구 대치동,경상사고,0,0,2,0,차대차 - 추돌,안전운전불이행,포장 - 건조,맑음,교차로 - 교차로부근,승용,남,65세,상해없음,승용,남,39세,경상
2020122800100168,2020년 12월 28일 11시,월요일,서울특별시 강남구 논현동,경상사고,0,0,2,0,차대차 - 기타,기타,포장 - 건조,맑음,단일로 - 기타,승용,남,74세,상해없음,이륜,남,41세,경상
2020122800100198,2020년 12월 28일 12시,월요일,서울특별시 강남구 대치동,부상신고사고,0,0,0,1,차대차 - 측면충돌,안전운전불이행,포장 - 건조,맑음,교차로 - 교차로부근,이륜,남,28세,부상신고,승용,남,36세,상해없음
2020122800100426,2020년 12월 28일 18시,월요일,서울특별시 강남구 삼성동,경상사고,0,0,1,0,차대차 - 추돌,안전운전불이행,포장 - 건조,맑음,단일로 - 기타,승용,여,24세,기타불명,승용,남,48세,경상
2020122800100544,2020년 12월 28일 22시,월요일,서울특별시 강남구 역삼동,경상사고,0,0,1,0,차대차 - 추돌,안전거리미확보,포장 - 건조,맑음,단일로 - 기타,승용,남,43세,상해없음,승용,남,52세,경상
2020122900100169,2020년 12월 29일 14시,화요일,서울특별시 강남구 역삼동,경상사고,0,0,1,0,차대차 - 추돌,안전거리미확보,포장 - 건조,맑음,교차로 - 교차로부근,승용,남,36세,기타불명,승합,남,45세,경상
2020122900100194,2020년 12월 29일 15시,화요일,서울특별시 강남구 논현동,경상사고,0,0,1,0,차대차 - 추돌,안전운전불이행,포장 - 건조,맑음,단일로 - 지하차도(도로)내,승용,남,33세,상해없음,승용,여,30세,경상
2020122900100221,2020년 12월 29일 16시,화요일,서울특별시 강남구 청담동,경상사고,0,0,1,0,차대차 - 기타,안전운전불이행,포장 - 건조,맑음,단일로 - 기타,승용,남,49세,상해없음,승용,남,37세,경상
2020122900100255,2020년 12월 29일 17시,화요일,서울특별시 강남구 삼성동,경상사고,0,0,1,0,차대차 - 기타,안전운전불이행,포장 - 건조,맑음,단일로 - 기타,승합,남,50세,상해없음,승용,여,31세,경상
2020122900100259,2020년 12월 29일 17시,화요일,서울특별시 강남구 일원동,경상사고,0,0,2,0,차대차 - 기타,안전거리미확보,포장 - 건조,맑음,단일로 - 기타,화물,남,64세,상해없음,승용,남,33세,경상
2020122900100295,2020년 12월 29일 18시,화요일,서울특별시 강남구 신사동,경상사고,0,0,1,0,차대차 - 추돌,안전운전불이행,포장 - 건조,맑음,기타 - 기타,승용,여,36세,상해없음,승용,여,40세,경상
2020123000100009,2020년 12월 30일 01시,수요일,서울특별시 강남구 청담동,경상사고,0,0,1,0,차대차 - 기타,기타,포장 - 건조,맑음,단일로 - 기타,기타불명,기타불명,미분류,기타불명,승용,남,51세,기타불명
2020123000100017,2020년 12월 30일 03시,수요일,서울특별시 강남구 대치동,경상사고,0,0,1,0,차대차 - 추돌,안전운전불이행,포장 - 건조,맑음,단일로 - 기타,화물,남,49세,상해없음,승용,남,60세,경상
2020123000100041,2020년 12월 30일 07시,수요일,서울특별시 강남구 삼성동,경상사고,0,0,1,0,차대차 - 기타,안전거리미확보,포장 - 건조,맑음,단일로 - 기타,화물,남,56세,상해없음,승용,남,60세,경상
2020123000100096,2020년 12월 30일 09시,수요일,서울특별시 강남구 논현동,경상사고,0,0,1,0,차대차 - 측면충돌,안전운전불이행,포장 - 건조,맑음,기타 - 기타,승용,여,52세,상해없음,승용,여,36세,경상
2020123000100175,2020년 12월 30일 12시,수요일,서울특별시 강남구 개포동,중상사고,0,2,0,0,차대차 - 측면충돌,안전운전불이행,포장 - 건조,맑음,단일로 - 기타,화물,남,61세,상해없음,승용,남,65세,중상
2020123000100294,2020년 12월 30일 16시,수요일,서울특별시 강남구 역삼동,경상사고,0,0,2,0,차대차 - 기타,안전운전불이행,포장 - 건조,맑음,단일로 - 기타,승용,여,42세,상해없음,승용,남,48세,경상
2020123000100297,2020년 12월 30일 16시,수요일,서울특별시 강남구 도곡동,부상신고사고,0,0,0,1,차대사람 - 기타,안전운전불이행,포장 - 건조,맑음,교차로 - 교차로부근,승용,여,36세,상해없음,보행자,남,27세,부상신고
2020123000100298,2020년 12월 30일 16시,수요일,서울특별시 강남구 대치동,중상사고,0,3,1,0,차대차 - 기타,차로위반,포장 - 건조,맑음,단일로 - 기타,승용,남,26세,상해없음,승용,남,35세,중상
2020123000100370,2020년 12월 30일 18시,수요일,서울특별시 강남구 역삼동,경상사고,0,0,1,0,차대차 - 기타,안전운전불이행,포장 - 건조,맑음,교차로 - 교차로안,기타불명,기타불명,미분류,기타불명,이륜,남,35세,경상
2020123000100371,2020년 12월 30일 18시,수요일,서울특별시 강남구 역삼동,부상신고사고,0,0,0,3,차대차 - 측면충돌,안전운전불이행,포장 - 건조,맑음,단일로 - 기타,승용,남,24세,상해없음,승용,남,65세,상해없음
2020123000100429,2020년 12월 30일 19시,수요일,서울특별시 강남구 삼성동,경상사고,0,0,1,0,차대차 - 추돌,안전운전불이행,포장 - 건조,맑음,단일로 - 기타,승용,남,29세,상해없음,승용,남,60세,경상
2020123000100521,2020년 12월 30일 22시,수요일,서울특별시 강남구 압구정동,경상사고,0,0,1,0,차대차 - 측면충돌,안전운전불이행,포장 - 기타,맑음,단일로 - 기타,승용,남,50세,상해없음,승용,남,69세,경상
2020123000100522,2020년 12월 30일 22시,수요일,서울특별시 강남구 논현동,경상사고,0,0,1,0,차대차 - 기타,신호위반,포장 - 건조,맑음,교차로 - 교차로안,승용,여,32세,상해없음,화물,남,47세,경상
2020123100100031,2020년 12월 31일 07시,목요일,서울특별시 강남구 역삼동,경상사고,0,0,1,0,차대사람 - 기타,기타,포장 - 건조,맑음,단일로 - 기타,기타불명,기타불명,미분류,기타불명,보행자,여,21세,경상
2020123100100066,2020년 12월 31일 09시,목요일,서울특별시 강남구 청담동,중상사고,0,1,1,0,차대차 - 측면충돌,차로위반,포장 - 건조,맑음,교차로 - 교차로부근,승용,남,30세,경상,승용,남,40세,중상
2020123100100083,2020년 12월 31일 10시,목요일,서울특별시 강남구 역삼동,경상사고,0,0,1,0,차대차 - 기타,안전거리미확보,포장 - 건조,맑음,단일로 - 기타,승용,남,67세,상해없음,이륜,남,40세,경상
2020123100100087,2020년 12월 31일 10시,목요일,서울특별시 강남구 역삼동,경상사고,0,0,1,0,차대차 - 기타,안전운전불이행,포장 - 건조,맑음,단일로 - 기타,승용,남,33세,기타불명,승용,여,60세,경상
2020123100100150,2020년 12월 31일 12시,목요일,서울특별시 강남구 수서동,중상사고,0,1,0,0,차대차 - 기타,안전운전불이행,포장 - 건조,맑음,단일로 - 기타,기타불명,기타불명,미분류,기타불명,자전거,남,79세,중상
2020123100100151,2020년 12월 31일 12시,목요일,서울특별시 강남구 대치동,경상사고,0,0,1,0,차대차 - 기타,신호위반,포장 - 건조,맑음,교차로 - 교차로안,승용,여,51세,상해없음,승용,여,71세,경상
2020123100100385,2020년 12월 31일 18시,목요일,서울특별시 강남구 청담동,중상사고,0,1,0,0,차대차 - 기타,안전운전불이행,포장 - 건조,맑음,단일로 - 기타,승용,남,61세,상해없음,이륜,남,51세,중상
2020123100100450,2020년 12월 31일 19시,목요일,서울특별시 강남구 신사동,경상사고,0,0,1,0,차대차 - 측면충돌,안전운전불이행,포장 - 건조,맑음,단일로 - 기타,화물,남,50세,상해없음,이륜,남,35세,경상
2020123100100455,2020년 12월 31일 19시,목요일,서울특별시 강남구 역삼동,경상사고,0,0,1,0,차대차 - 기타,안전운전불이행,포장 - 건조,맑음,교차로 - 교차로부근,승용,남,42세,기타불명,이륜,남,54세,경상
2020123100100499,2020년 12월 31일 20시,목요일,서울특별시 강남구 청담동,경상사고,0,0,1,0,차대차 - 측면충돌,기타,포장 - 건조,맑음,단일로 - 기타,승용,남,17세,기타불명,승용,남,32세,경상
2020123100100591,2020년 12월 31일 23시,목요일,서울특별시 강남구 삼성동,경상사고,0,0,2,0,차대차 - 추돌,교차로운행방법위반,포장 - 건조,맑음,교차로 - 교차로안,승용,남,55세,기타불명,승용,남,29세,경상